video_id,clip_id,text,label,label_T,label_A,label_V,annotation,mode
--qXJuDtHPw,0,,1.0,,,,,train
-3g5yACwYnA,0,,1.0,,,,,train
-3nNcZdcdvU,0,,0.3333333432674408,,,,,train
-571d8cVauQ,0,,0.0,,,,,train
-6rXp3zJ3kc,0,,0.0,,,,,train
-9YyBTjo1zo,0,,-1.0,,,,,train
-9y-fZ3swSY,0,,1.0,,,,,train
-AUZQgSxyPQ,0,,0.6666666865348816,,,,,train
-Alixo7euuU,0,,0.0,,,,,train
-Eqdz5y4pEY,0,,-0.3333333432674408,,,,,train
-HeZS2-Prhc,0,,1.3333333730697632,,,,,train
-HvKLjmsO5U,0,,1.3333333730697632,,,,,train
-HwX2H8Z4hY,0,,0.0,,,,,train
-IUUR2yyNbw,0,,0.3333333432674408,,,,,train
-I,e4mIh0yE,,-0.6666666865348816,,,,,train
-IqSFQePnpU,0,,0.0,,,,,train
-KCahx2qBOI,0,,-0.3333333432674408,,,,,train
-LnuDPiuuZw,0,,0.3333333432674408,,,,,train
-MeTTeMJBNc,0,,0.3333333432674408,,,,,train
-NFrJFQijFE,0,,0.0,,,,,train
-RfYyzHpjk4,0,,2.0,,,,,train
-RpZEe4w4fY,0,,2.3333332538604736,,,,,train
-SYSVSQnTnA,0,,1.6666666269302368,,,,,train
-THoVjtIkeU,0,,1.6666666269302368,,,,,train
-UUCSKoHeMA,0,,0.0,,,,,train
-UacrmKiTn4,0,,-0.6666666865348816,,,,,train
-UuX1xuaiiE,0,,2.6666667461395264,,,,,train
-VmheDA92mM,0,,-2.6666667461395264,,,,,train
-WXXTNIJcVM,0,,2.0,,,,,train
-ZgjBOA1Yhw,0,,-0.3333333432674408,,,,,train
-a55Q6RWvTA,0,,0.6666666865348816,,,,,train
-aNfi7CP8vM,0,,0.0,,,,,train
-aqamKhZ1Ec,0,,-2.0,,,,,train
-bl5PfNIYrk,0,,1.0,,,,,train
-cEhr0cQcDM,0,,1.3333333730697632,,,,,train
-cmk6cfUeMs,0,,0.6666666865348816,,,,,train
-dZ1TCboxcQ,0,,0.0,,,,,train
-dxfTGcXJoc,0,,1.0,,,,,train
-egA8-b7-3M,0,,0.6666666865348816,,,,,train
-hPfPhUIzfA,0,,1.6666666269302368,,,,,train
-hnBHBN8p5A,0,,2.3333332538604736,,,,,train
-iRBcNs9oI8,0,,1.6666666269302368,,,,,train
-l,53IwQoj0,,0.3333333432674408,,,,,train
-lqc32Zpr7M,0,,0.0,,,,,train
-lzEya4AM,4,,-0.3333333432674408,,,,,train
-m9KtvCk,L8,,0.0,,,,,train
-mJ2ud6oKI8,0,,0.0,,,,,train
-mqbVkbCndg,0,,0.0,,,,,train
-o,667Ny7RM,,1.0,,,,,train
-qDkUB0GgYY,0,,2.0,,,,,train
-qMhGeJkp5o,0,,1.6666666269302368,,,,,train
-ri04Z7vwnc,0,,0.0,,,,,train
-rxZxtG0xmY,0,,-1.0,,,,,train
-s9qJ7ATP7w,0,,-0.3333333432674408,,,,,train
-t217m2on-s,0,,0.6666666865348816,,,,,train
-tANM6ETl,M,,-0.6666666865348816,,,,,train
-tPCytz4rww,0,,0.0,,,,,train
-uywlfIYOS8,0,,0.3333333432674408,,,,,train
-vxjVxOeScU,0,,0.6666666865348816,,,,,train
-wMB,hJL-3o,,1.0,,,,,train
-wdUIwjDMfg,0,,2.0,,,,,train
-wny0OAz3g8,0,,0.3333333432674408,,,,,train
-yRb-Jum7EQ,0,,0.0,,,,,train
03X1FwF6udc,0,,0.3333333432674408,,,,,train
06st0Ez,E,,0.0,,,,,train
07Z16yRBFUQ,0,,0.6666666865348816,,,,,train
08d4NTXkSxw,0,,0.0,,,,,train
0AA-wmk8WdA,0,,0.3333333432674408,,,,,train
0AkGtPzl7D8,0,,0.6666666865348816,,,,,train
0BVed2nBq1g,0,,0.0,,,,,train
0DBfvvIVmqY,0,,1.0,,,,,train
0EAAfLCQabY,0,,-0.3333333432674408,,,,,train
0EphpADwdPg,0,,0.3333333432674408,,,,,train
0FA32bEZ6xI,0,,0.3333333432674408,,,,,train
0Fqav67TDEw,0,,0.3333333432674408,,,,,train
0JaYazphxfM,0,,1.0,,,,,train
0JuRmhhgMw8,0,,1.0,,,,,train
0K7dCp80n9c,0,,1.6666666269302368,,,,,train
0OC3wf9x3zQ,0,,0.3333333432674408,,,,,train
0OXeN3MhFeA,0,,1.0,,,,,train
0PlQc98SccA,0,,0.6666666865348816,,,,,train
0SfejBuLgFo,0,,0.0,,,,,train
0Svu5BldR5A,0,,1.6666666269302368,,,,,train
0W4WsjhDgUI,0,,0.0,,,,,train
0WIwQgH4lKg,0,,1.6666666269302368,,,,,train
0Xs8wJrAmxs,0,,0.3333333432674408,,,,,train
0YdYFtVdlWE,0,,0.0,,,,,train
0YiAKqU36KE,0,,-1.0,,,,,train
0bsTzavb-AE,0,,0.6666666865348816,,,,,train
0bxhZ-LIfZY,0,,-0.3333333432674408,,,,,train
0cBmQ,ItVUc,,-0.6666666865348816,,,,,train
0eTibWQdO5M,0,,-0.6666666865348816,,,,,train
0hCOCt6fWas,0,,0.0,,,,,train
0hCihQ5Kep0,0,,0.6666666865348816,,,,,train
0jtdrsmVzYQ,0,,-0.3333333432674408,,,,,train
0mXv97u2OCM,0,,0.0,,,,,train
0nJrksJ7azM,0,,1.3333333730697632,,,,,train
0p9XKC,J3hU,,0.3333333432674408,,,,,train
0r8KVXUCV6c,0,,-2.0,,,,,train
0rE8jEvQW,I,,2.0,,,,,train
0tkWa2skSmA,0,,0.0,,,,,train
0uftSGdwo0Q,0,,0.0,,,,,train
0utROiKxejc,0,,0.0,,,,,train
0vXaXWx7Rvo,0,,2.6666667461395264,,,,,train
0y022OlZ3W0,0,,0.0,,,,,train
0zl,GDVzykw,,-0.3333333432674408,,,,,train
100178,0,,0.0,,,,,train
100499,0,,0.3333333432674408,,,,,train
101787,0,,0.0,,,,,train
101851,0,,0.0,,,,,train
102168,0,,0.3333333432674408,,,,,train
102184,0,,0.0,,,,,train
10219,0,,0.0,,,,,train
102213,0,,0.0,,,,,train
10223,0,,0.3333333432674408,,,,,train
102389,0,,0.0,,,,,train
102408,0,,0.0,,,,,train
102858,0,,0.3333333432674408,,,,,train
104741,0,,0.0,,,,,train
106077,0,,0.3333333432674408,,,,,train
106514,0,,0.3333333432674408,,,,,train
106941,0,,0.0,,,,,train
107551,0,,0.0,,,,,train
107585,0,,0.3333333432674408,,,,,train
108146,0,,0.0,,,,,train
108793,0,,0.0,,,,,train
110203,0,,0.3333333432674408,,,,,train
110565,0,,-2.0,,,,,train
110754,0,,0.0,,,,,train
110766,0,,0.6666666865348816,,,,,train
110788,0,,0.0,,,,,train
111881,0,,0.0,,,,,train
112148,0,,0.0,,,,,train
112169,0,,0.3333333432674408,,,,,train
112223,0,,0.0,,,,,train
112425,0,,0.0,,,,,train
112433,0,,0.0,,,,,train
112509,0,,-0.3333333432674408,,,,,train
112604,0,,0.3333333432674408,,,,,train
112631,0,,0.0,,,,,train
112903,0,,0.3333333432674408,,,,,train
113265,0,,-1.6666666269302368,,,,,train
114624,0,,0.0,,,,,train
116213,0,,0.3333333432674408,,,,,train
11650,0,,0.3333333432674408,,,,,train
117tQqLjza4,0,,0.6666666865348816,,,,,train
119348,0,,0.3333333432674408,,,,,train
11UtTaDYgII,0,,1.6666666269302368,,,,,train
11j7EfglCAs,0,,0.6666666865348816,,,,,train
120vnZnmhq4,0,,1.6666666269302368,,,,,train
121128,0,,0.0,,,,,train
121358,0,,0.0,,,,,train
121400,0,,0.0,,,,,train
122439,0,,0.0,,,,,train
122602,0,,0.0,,,,,train
122842,0,,0.3333333432674408,,,,,train
125344,0,,0.6666666865348816,,,,,train
125676,0,,-0.3333333432674408,,,,,train
125708,0,,0.0,,,,,train
125730,0,,0.0,,,,,train
125845,0,,0.6666666865348816,,,,,train
125895,0,,2.0,,,,,train
126542,0,,0.0,,,,,train
126831,0,,0.3333333432674408,,,,,train
126872,0,,0.0,,,,,train
127470,0,,0.0,,,,,train
127539,0,,-0.3333333432674408,,,,,train
128059,0,,0.0,,,,,train
12812,0,,0.0,,,,,train
128258,0,,0.3333333432674408,,,,,train
128752,0,,0.0,,,,,train
128763,0,,0.0,,,,,train
128949,0,,0.6666666865348816,,,,,train
129733,0,,0.0,,,,,train
130149,0,,1.3333333730697632,,,,,train
130366,0,,0.3333333432674408,,,,,train
130426,0,,-2.0,,,,,train
130448,0,,1.0,,,,,train
130456,0,,0.3333333432674408,,,,,train
130633,0,,0.0,,,,,train
131650,0,,0.3333333432674408,,,,,train
131871,0,,0.0,,,,,train
131936,0,,0.3333333432674408,,,,,train
132028,0,,0.0,,,,,train
134252,0,,0.3333333432674408,,,,,train
135623,0,,0.0,,,,,train
136196,0,,0.3333333432674408,,,,,train
136205,0,,0.0,,,,,train
136211,0,,1.6666666269302368,,,,,train
136215,0,,0.0,,,,,train
137827,0,,0.3333333432674408,,,,,train
139006,0,,0.6666666865348816,,,,,train
139032,0,,0.3333333432674408,,,,,train
13JpsLvddoY,0,,1.6666666269302368,,,,,train
140293,0,,0.0,,,,,train
140317,0,,0.3333333432674408,,,,,train
154449,0,,0.0,,,,,train
15837,0,,0.0,,,,,train
15Wu4U2VPLw,0,,0.0,,,,,train
15ktF-6wutk,0,,0.3333333432674408,,,,,train
167521,0,,0.6666666865348816,,,,,train
173CpFb3clw,0,,0.0,,,,,train
180923,0,,0.0,,,,,train
180971,0,,0.0,,,,,train
184784,0,,0.0,,,,,train
186631,0,,0.0,,,,,train
188122,0,,-0.3333333432674408,,,,,train
188343,0,,0.0,,,,,train
189966,0,,0.3333333432674408,,,,,train
18JTkk8JbeU,0,,0.0,,,,,train
18QjfdhJEM4,0,,0.0,,,,,train
190740,0,,0.0,,,,,train
190743,0,,0.0,,,,,train
192799,0,,0.3333333432674408,,,,,train
193291,0,,-0.3333333432674408,,,,,train
194299,0,,0.0,,,,,train
194625,0,,0.0,,,,,train
197778,0,,0.3333333432674408,,,,,train
198112,0,,0.3333333432674408,,,,,train
19k6sEC7814,0,,0.6666666865348816,,,,,train
1A-aRhYx-GQ,0,,1.0,,,,,train
1A7dqFxx8wU,0,,0.3333333432674408,,,,,train
1CjUHNYzW1E,0,,1.3333333730697632,,,,,train
1ESU5ONMMxs,0,,-1.0,,,,,train
1F0qH0EEBfo,0,,1.6666666269302368,,,,,train
1Gp4l-ZTCVk,0,,1.0,,,,,train
1HK7Nea0PFo,0,,0.3333333432674408,,,,,train
1HS2HcN2LDo,0,,0.3333333432674408,,,,,train
1J9Fa995Ojs,0,,1.0,,,,,train
1JQ9UCBEmCU,0,,0.0,,,,,train
1LkYxsqRPZM,0,,2.3333332538604736,,,,,train
1RBT,QoSkIU,,-0.3333333432674408,,,,,train
1RxliidxXyQ,0,,0.0,,,,,train
1S4p-Lfhbp4,0,,0.3333333432674408,,,,,train
1S6ji,d4OLI,,0.3333333432674408,,,,,train
1W38PnuWIkM,0,,-1.3333333730697632,,,,,train
1YEgMQ1xxzQ,0,,-1.6666666269302368,,,,,train
1ZjIX9AK860,0,,0.3333333432674408,,,,,train
1bzS0YF5hfs,0,,0.6666666865348816,,,,,train
1cyUKHOvdYY,0,,0.3333333432674408,,,,,train
1dWsw38VDjY,0,,1.3333333730697632,,,,,train
1fqNb8cfLFE,0,,0.6666666865348816,,,,,train
1jogeKX0wGw,0,,2.6666667461395264,,,,,train
1k7br8xXMSU,0,,0.0,,,,,train
1knHBRVPoYQ,0,,1.3333333730697632,,,,,train
1mHjMNZZvFo,0,,1.3333333730697632,,,,,train
1o8Gy4J6WSs,0,,1.6666666269302368,,,,,train
1olbQVO,C-8,,0.0,,,,,train
1pl2FVdQWj0,0,,0.3333333432674408,,,,,train
1pvK0,9SQns,,0.0,,,,,train
1rVly2oeBJg,0,,0.6666666865348816,,,,,train
1sJjdaXXuJg,0,,2.0,,,,,train
1tQOvm5eQOA,0,,1.3333333730697632,,,,,train
1tuMFJnlXJc,0,,0.3333333432674408,,,,,train
1x7kf9vArjU,0,,1.0,,,,,train
1zXAYdPdzy8,0,,-0.3333333432674408,,,,,train
2-4autDbHVQ,0,,0.6666666865348816,,,,,train
2-5hH,k2VFk,,0.6666666865348816,,,,,train
2-EJz4RG4g4,0,,1.6666666269302368,,,,,train
200941,0,,0.0,,,,,train
201005,0,,0.3333333432674408,,,,,train
201582,0,,0.0,,,,,train
202431,0,,0.3333333432674408,,,,,train
202810,0,,2.0,,,,,train
202826,0,,0.0,,,,,train
202990,0,,0.0,,,,,train
206049,0,,1.0,,,,,train
206051,0,,0.3333333432674408,,,,,train
206376,0,,0.3333333432674408,,,,,train
206507,0,,0.0,,,,,train
206585,0,,0.3333333432674408,,,,,train
206606,0,,0.3333333432674408,,,,,train
207812,0,,0.3333333432674408,,,,,train
208148,0,,0.0,,,,,train
208299,0,,0.3333333432674408,,,,,train
208322,0,,0.3333333432674408,,,,,train
208416,0,,0.3333333432674408,,,,,train
208592,0,,0.3333333432674408,,,,,train
209354,0,,0.3333333432674408,,,,,train
209758,0,,1.6666666269302368,,,,,train
209775,0,,0.3333333432674408,,,,,train
20LfN8ENbhM,0,,2.3333332538604736,,,,,train
210238,0,,0.3333333432674408,,,,,train
210259,0,,0.0,,,,,train
210433,0,,0.0,,,,,train
210618,0,,3.0,,,,,train
21137,0,,1.0,,,,,train
211875,0,,0.0,,,,,train
212532,0,,0.3333333432674408,,,,,train
213327,0,,0.0,,,,,train
213619,0,,-0.3333333432674408,,,,,train
214095,0,,0.3333333432674408,,,,,train
215259,0,,0.3333333432674408,,,,,train
215318,0,,0.6666666865348816,,,,,train
216007,0,,0.6666666865348816,,,,,train
216097,0,,0.0,,,,,train
21638,0,,0.3333333432674408,,,,,train
216857,0,,0.0,,,,,train
218708,0,,0.0,,,,,train
219310,0,,0.0,,,,,train
219775,0,,0.0,,,,,train
21Kxt5L9OBE,0,,0.0,,,,,train
220134,0,,0.0,,,,,train
220200,0,,0.6666666865348816,,,,,train
220548,0,,-0.6666666865348816,,,,,train
221137,0,,0.3333333432674408,,,,,train
221153,0,,0.3333333432674408,,,,,train
221274,0,,0.3333333432674408,,,,,train
221740,0,,0.0,,,,,train
222116,0,,1.0,,,,,train
222247,0,,0.0,,,,,train
223431,0,,0.3333333432674408,,,,,train
22373,0,,0.0,,,,,train
223926,0,,0.0,,,,,train
224263,0,,0.0,,,,,train
224370,0,,0.0,,,,,train
224599,0,,0.0,,,,,train
224631,0,,0.6666666865348816,,,,,train
224772,0,,0.0,,,,,train
224817,0,,0.0,,,,,train
224869,0,,0.6666666865348816,,,,,train
225343,0,,0.0,,,,,train
225416,0,,-0.3333333432674408,,,,,train
225768,0,,0.3333333432674408,,,,,train
225770,0,,0.0,,,,,train
226601,0,,0.3333333432674408,,,,,train
226640,0,,0.6666666865348816,,,,,train
22689,0,,0.0,,,,,train
227173,0,,0.3333333432674408,,,,,train
227416,0,,0.0,,,,,train
227426,0,,0.0,,,,,train
22821,0,,0.0,,,,,train
22880,0,,0.0,,,,,train
229090,0,,0.3333333432674408,,,,,train
229903,0,,0.0,,,,,train
229967,0,,0.0,,,,,train
230252,0,,0.0,,,,,train
231025,0,,1.6666666269302368,,,,,train
233171,0,,0.3333333432674408,,,,,train
233356,0,,0.6666666865348816,,,,,train
233366,0,,0.3333333432674408,,,,,train
233389,0,,0.0,,,,,train
233939,0,,0.3333333432674408,,,,,train
234046,0,,0.3333333432674408,,,,,train
234053,0,,0.6666666865348816,,,,,train
234587,0,,1.0,,,,,train
236021,0,,0.0,,,,,train
236399,0,,0.0,,,,,train
236442,0,,0.3333333432674408,,,,,train
23656,0,,0.3333333432674408,,,,,train
236696,0,,0.3333333432674408,,,,,train
237009,0,,0.3333333432674408,,,,,train
237363,0,,0.3333333432674408,,,,,train
238023,0,,0.0,,,,,train
238039,0,,0.0,,,,,train
238060,0,,0.3333333432674408,,,,,train
238063,0,,0.3333333432674408,,,,,train
238100,0,,0.0,,,,,train
238645,0,,0.3333333432674408,,,,,train
238683,0,,0.0,,,,,train
238889,0,,0.0,,,,,train
239235,0,,0.0,,,,,train
239572,0,,0.0,,,,,train
23YlZoucbyM,0,,-0.3333333432674408,,,,,train
240915,0,,0.0,,,,,train
241164,0,,0.0,,,,,train
241172,0,,0.0,,,,,train
241629,0,,1.0,,,,,train
241638,0,,0.3333333432674408,,,,,train
24196,0,,0.3333333432674408,,,,,train
24202,0,,-0.3333333432674408,,,,,train
243338,0,,0.0,,,,,train
243341,0,,-1.0,,,,,train
24351,0,,0.3333333432674408,,,,,train
243646,0,,0.3333333432674408,,,,,train
243981,0,,0.0,,,,,train
244180,0,,1.0,,,,,train
244261,0,,0.6666666865348816,,,,,train
244623,0,,1.0,,,,,train
244817,0,,-0.6666666865348816,,,,,train
244829,0,,1.3333333730697632,,,,,train
244836,0,,0.0,,,,,train
24504,0,,0.3333333432674408,,,,,train
245243,0,,2.0,,,,,train
245276,0,,-1.6666666269302368,,,,,train
245322,0,,0.6666666865348816,,,,,train
245497,0,,0.3333333432674408,,,,,train
245582,0,,0.0,,,,,train
247318,0,,0.0,,,,,train
247382,0,,0.0,,,,,train
248837,0,,0.3333333432674408,,,,,train
24xayGF5yYA,0,,1.6666666269302368,,,,,train
250430,0,,0.6666666865348816,,,,,train
251417,0,,1.0,,,,,train
251646,0,,0.3333333432674408,,,,,train
251826,0,,1.0,,,,,train
251839,0,,0.3333333432674408,,,,,train
252097,0,,1.3333333730697632,,,,,train
252177,0,,0.6666666865348816,,,,,train
25271,0,,0.0,,,,,train
252912,0,,0.3333333432674408,,,,,train
252998,0,,0.0,,,,,train
254298,0,,-0.6666666865348816,,,,,train
254427,0,,1.6666666269302368,,,,,train
25522,0,,0.3333333432674408,,,,,train
255224,0,,-2.0,,,,,train
255226,0,,0.0,,,,,train
255338,0,,0.0,,,,,train
255343,0,,0.0,,,,,train
255408,0,,0.0,,,,,train
255852,0,,-0.3333333432674408,,,,,train
256174,0,,0.3333333432674408,,,,,train
25640,0,,0.0,,,,,train
256935,0,,0.0,,,,,train
256976,0,,0.3333333432674408,,,,,train
257045,0,,0.3333333432674408,,,,,train
257247,0,,0.3333333432674408,,,,,train
257277,0,,0.3333333432674408,,,,,train
257531,0,,0.0,,,,,train
257534,0,,0.0,,,,,train
257771,0,,0.3333333432674408,,,,,train
258654,0,,1.3333333730697632,,,,,train
259260,0,,0.3333333432674408,,,,,train
259470,0,,0.0,,,,,train
25t8nrkUfRY,0,,0.6666666865348816,,,,,train
260011,0,,0.0,,,,,train
261267,0,,0.0,,,,,train
261326,0,,0.3333333432674408,,,,,train
261900,0,,0.0,,,,,train
261902,0,,0.0,,,,,train
262165,0,,-0.3333333432674408,,,,,train
262226,0,,0.6666666865348816,,,,,train
264418,0,,0.3333333432674408,,,,,train
264446,0,,0.0,,,,,train
265959,0,,0.0,,,,,train
266366,0,,0.3333333432674408,,,,,train
266396,0,,0.0,,,,,train
266791,0,,0.0,,,,,train
266852,0,,0.0,,,,,train
266938,0,,0.3333333432674408,,,,,train
267252,0,,0.3333333432674408,,,,,train
267255,0,,1.0,,,,,train
267278,0,,0.0,,,,,train
267466,0,,0.0,,,,,train
267694,0,,0.0,,,,,train
267799,0,,0.0,,,,,train
268836,0,,0.3333333432674408,,,,,train
26WrTHLJJIU,0,,0.6666666865348816,,,,,train
270254,0,,0.0,,,,,train
270416,0,,0.0,,,,,train
270444,0,,0.0,,,,,train
270449,0,,-0.3333333432674408,,,,,train
270628,0,,0.0,,,,,train
270665,0,,0.0,,,,,train
270956,0,,0.3333333432674408,,,,,train
271366,0,,-0.3333333432674408,,,,,train
271594,0,,0.6666666865348816,,,,,train
271598,0,,0.3333333432674408,,,,,train
272375,0,,0.0,,,,,train
272624,0,,0.3333333432674408,,,,,train
272838,0,,-1.0,,,,,train
273171,0,,0.0,,,,,train
273207,0,,0.0,,,,,train
273237,0,,0.0,,,,,train
273250,0,,0.6666666865348816,,,,,train
273314,0,,0.0,,,,,train
273531,0,,0.0,,,,,train
273539,0,,0.3333333432674408,,,,,train
274219,0,,0.0,,,,,train
275248,0,,-2.0,,,,,train
275267,0,,0.0,,,,,train
275620,0,,0.6666666865348816,,,,,train
276217,0,,-0.6666666865348816,,,,,train
27798,0,,0.0,,,,,train
277991,0,,0.0,,,,,train
278474,0,,0.3333333432674408,,,,,train
27ubp7CLLKQ,0,,0.0,,,,,train
27v7Blr0vjw,0,,-0.3333333432674408,,,,,train
28006,0,,-2.6666667461395264,,,,,train
282560,0,,0.0,,,,,train
282586,0,,0.0,,,,,train
283495,0,,0.3333333432674408,,,,,train
283935,0,,0.6666666865348816,,,,,train
284673,0,,0.0,,,,,train
286943,0,,0.3333333432674408,,,,,train
288714,0,,0.0,,,,,train
288766,0,,0.3333333432674408,,,,,train
290088,0,,0.3333333432674408,,,,,train
29044,0,,1.0,,,,,train
290546,0,,0.3333333432674408,,,,,train
291121,0,,0.0,,,,,train
292277,0,,0.3333333432674408,,,,,train
294178,0,,0.0,,,,,train
295793,0,,0.0,,,,,train
29751,0,,0.0,,,,,train
298736,0,,0.3333333432674408,,,,,train
298774,0,,0.0,,,,,train
2BuFtglEcaY,0,,1.0,,,,,train
2Crezdbre6I,0,,0.3333333432674408,,,,,train
2HP4KedfmSc,0,,0.6666666865348816,,,,,train
2HmBM3GGTlg,0,,0.3333333432674408,,,,,train
2ItiGjefTRA,0,,0.0,,,,,train
2J4zrDn7K4s,0,,1.0,,,,,train
2JY5HXBWO84,0,,1.0,,,,,train
2Ky9DBSl49w,0,,0.0,,,,,train
2LpVvLemgvw,0,,2.0,,,,,train
2OLVF-KEaZU,0,,0.6666666865348816,,,,,train
2PgJok07td4,0,,0.6666666865348816,,,,,train
2QOf2wSu0j0,0,,1.0,,,,,train
2QXHdu2zlQY,0,,-2.0,,,,,train
2RC,DXV,,0.0,,,,,train
2RDubrUjI-k,0,,2.3333332538604736,,,,,train
2S00zYaVrtc,0,,0.6666666865348816,,,,,train
2Vtv2gPzM7w,0,,0.3333333432674408,,,,,train
2W-U94hXuK0,0,,0.3333333432674408,,,,,train
2Wo-0trLBjU,0,,0.0,,,,,train
2Xt31,d0XEE,,1.3333333730697632,,,,,train
2YwgSmmLibs,0,,0.3333333432674408,,,,,train
2Zx4huY-KN8,0,,-1.0,,,,,train
2ahFSMFvs,c,,-1.3333333730697632,,,,,train
2c2fhh,Dsoo,,0.3333333432674408,,,,,train
2c6Gb73nx4E,0,,0.0,,,,,train
2cwNG0YuwtQ,0,,0.0,,,,,train
2f6ZHqJ76EU,0,,-2.0,,,,,train
2fbBrB1nJEQ,0,,2.0,,,,,train
2h9VVQUZjK0,0,,0.3333333432674408,,,,,train
2iukwQJjGHE,0,,0.0,,,,,train
2lj0BaPsJpM,0,,0.0,,,,,train
2m58ShI1QSI,0,,0.0,,,,,train
2mWPHvbKzL8,0,,0.0,,,,,train
2o2ljA0QD7g,0,,0.0,,,,,train
2qKajMu7Vhc,0,,1.6666666269302368,,,,,train
2vX-ZRQQDwo,0,,0.0,,,,,train
2vsgDSlJ9pU,0,,0.0,,,,,train
2w7rpDe-HoA,0,,-0.3333333432674408,,,,,train
2ze94yo2aPo,0,,2.0,,,,,train
30162,0,,0.3333333432674408,,,,,train
30763,0,,0.0,,,,,train
31197,0,,0.0,,,,,train
31474,0,,0.3333333432674408,,,,,train
31tcuDMQ,H8,,1.6666666269302368,,,,,train
32681,0,,0.3333333432674408,,,,,train
327283,0,,0.0,,,,,train
32j1yMF37hA,0,,0.3333333432674408,,,,,train
33170,0,,0.3333333432674408,,,,,train
33312,0,,0.3333333432674408,,,,,train
33439,0,,0.0,,,,,train
33ueXDUn3mA,0,,1.6666666269302368,,,,,train
34-ogj6rh6w,0,,0.6666666865348816,,,,,train
34346,0,,0.0,,,,,train
34cU3HO,hEA,,0.3333333432674408,,,,,train
35694,0,,0.0,,,,,train
36098,0,,-0.6666666865348816,,,,,train
367506,0,,0.3333333432674408,,,,,train
367576,0,,0.3333333432674408,,,,,train
36o2cux9kfQ,0,,0.0,,,,,train
37117,0,,0.3333333432674408,,,,,train
37459,0,,0.0,,,,,train
37NMbnd7r20,0,,0.0,,,,,train
38019,0,,-1.3333333730697632,,,,,train
38374,0,,0.3333333432674408,,,,,train
39lcRCFvV-s,0,,2.0,,,,,train
3At-BKm9eYk,0,,-0.6666666865348816,,,,,train
3B1zIUj-k3o,0,,-1.3333333730697632,,,,,train
3DOrdP4H8SA,0,,-0.6666666865348816,,,,,train
3DgOMTs3A1E,0,,1.3333333730697632,,,,,train
3FpmKxZgihw,0,,0.0,,,,,train
3GyEnzE1NTQ,0,,1.6666666269302368,,,,,train
3HRnhUin-5g,0,,0.0,,,,,train
3HyAaqre,Fk,,1.0,,,,,train
3IUVpwx23cY,0,,0.3333333432674408,,,,,train
3J3Thmd,vks,,0.3333333432674408,,,,,train
3MFNIag0wNE,0,,0.0,,,,,train
3OMgvtWNHp4,0,,0.0,,,,,train
3OYY5Tsz,2k,,0.6666666865348816,,,,,train
3OuNMjZo5wg,0,,0.6666666865348816,,,,,train
3QcqpwQiiLs,0,,2.0,,,,,train
3REPHw7oLWo,0,,1.0,,,,,train
3UOqbf,B,,0.0,,,,,train
3V2qm0rw920,0,,0.3333333432674408,,,,,train
3VsrcbjPwZY,0,,0.3333333432674408,,,,,train
3WZ6R9B0PcU,0,,-0.6666666865348816,,,,,train
3Wi0if,L6Ug,,1.3333333730697632,,,,,train
3XShFTBsp,Q,,1.3333333730697632,,,,,train
3ZmLhK,YHl8,,0.0,,,,,train
3aD0xAgxxyw,0,,0.3333333432674408,,,,,train
3aIQUQgawaI,0,,1.3333333730697632,,,,,train
3f6xCzKx9CA,0,,0.0,,,,,train
3fhCxePBuZY,0,,0.3333333432674408,,,,,train
3gA34VxBijI,0,,0.3333333432674408,,,,,train
3hOlJf,JQDs,,2.3333332538604736,,,,,train
3j94B0pzSVs,0,,0.0,,,,,train
3kNPvhdF1NA,0,,0.0,,,,,train
3lkn8MS3n8Q,0,,-0.6666666865348816,,,,,train
3n44IP3tCVE,0,,2.0,,,,,train
3oHPsYc8bmw,0,,0.0,,,,,train
3ocpWAmSNUE,0,,-0.6666666865348816,,,,,train
3odZe3AGilc,0,,1.3333333730697632,,,,,train
3paDwuRQP1w,0,,-0.6666666865348816,,,,,train
3sDL7mwosP0,0,,2.0,,,,,train
3sUS8vXbRwg,0,,0.3333333432674408,,,,,train
3u,Joh0WJdw,,0.3333333432674408,,,,,train
3w9I5SBhHNc,0,,1.3333333730697632,,,,,train
3wHE78v9zr4,0,,1.0,,,,,train
3y2YInNUmHY,0,,-1.0,,,,,train
40181,0,,0.0,,,,,train
40260,0,,0.3333333432674408,,,,,train
41381,0,,0.6666666865348816,,,,,train
41692,0,,0.3333333432674408,,,,,train
424SXFTCFsA,0,,0.6666666865348816,,,,,train
424vOT3Nnyk,0,,1.3333333730697632,,,,,train
43371,0,,0.0,,,,,train
43456,0,,-2.6666667461395264,,,,,train
44780,0,,0.3333333432674408,,,,,train
44MVdpDEQJs,0,,0.3333333432674408,,,,,train
45175,0,,0.0,,,,,train
45184,0,,0.3333333432674408,,,,,train
45186,0,,0.0,,,,,train
45676,0,,0.3333333432674408,,,,,train
45c3QQzGakM,0,,0.6666666865348816,,,,,train
46495,0,,-0.6666666865348816,,,,,train
46497,0,,-1.3333333730697632,,,,,train
46604,0,,-2.0,,,,,train
46615,0,,0.0,,,,,train
46618,0,,0.0,,,,,train
47472,0,,0.0,,,,,train
48BD8qjClfE,0,,1.6666666269302368,,,,,train
48nifdN2vSI,0,,0.6666666865348816,,,,,train
48u68AzcWvE,0,,0.0,,,,,train
49358,0,,0.0,,,,,train
4AQC7,uCuEE,,-0.3333333432674408,,,,,train
4BoE-woHtwA,0,,-0.3333333432674408,,,,,train
4CKhrjuuofk,0,,-1.6666666269302368,,,,,train
4EDblUpJieU,0,,0.6666666865348816,,,,,train
4EEru3cZwXo,0,,-1.0,,,,,train
4Fw9TbWIVJI,0,,0.3333333432674408,,,,,train
4GYfmpEEtl4,0,,0.0,,,,,train
4H9RfQuqsvg,0,,2.0,,,,,train
4HAC00EAdno,0,,0.6666666865348816,,,,,train
4HazSkYihtw,0,,1.0,,,,,train
4Kh5N9W-Jr4,0,,1.3333333730697632,,,,,train
4Q7OkrJLzAc,0,,0.0,,,,,train
4Q95Lg3Icho,0,,1.6666666269302368,,,,,train
4Ry6M,ZfJQc,,-1.3333333730697632,,,,,train
4VA4kqMnEqA,0,,1.6666666269302368,,,,,train
4Vl6AeEkAg4,0,,0.0,,,,,train
4WTVL5bNybU,0,,0.0,,,,,train
4Y8ROYezksQ,0,,0.3333333432674408,,,,,train
4YfyP0uIqw0,0,,0.6666666865348816,,,,,train
4Yxe1,ohz7Y,,0.3333333432674408,,,,,train
4Z47qIrVil4,0,,0.0,,,,,train
4ZhIx2ozUIE,0,,0.3333333432674408,,,,,train
4cFeG2ydm9A,0,,1.0,,,,,train
4dAYMzRyndc,0,,1.6666666269302368,,,,,train
4dV3slGSc60,0,,1.3333333730697632,,,,,train
4hEWns7JBg0,0,,0.6666666865348816,,,,,train
4iG0ffmnCOw,0,,0.0,,,,,train
4iw1jTY-X3A,0,,-2.3333332538604736,,,,,train
4jTUcNlxlYA,0,,0.6666666865348816,,,,,train
4kF0U8kIMp4,0,,0.6666666865348816,,,,,train
4lKz4xyCmkk,0,,0.0,,,,,train
4lro65JwQdc,0,,0.3333333432674408,,,,,train
4o4ilPK9rl8,0,,-1.3333333730697632,,,,,train
4oeKDFIaL7o,0,,-1.3333333730697632,,,,,train
4poXF3xo6Z8,0,,0.0,,,,,train
4qVvLLFEYnk,0,,0.3333333432674408,,,,,train
4qjz4BQCZyM,0,,1.3333333730697632,,,,,train
4qoB5a6dR3w,0,,0.6666666865348816,,,,,train
4t5k,yILGJM,,-0.6666666865348816,,,,,train
4wLP4elp1uM,0,,-1.6666666269302368,,,,,train
4wdeBJ39Cuw,0,,-1.3333333730697632,,,,,train
4wuug3-5cWo,0,,1.3333333730697632,,,,,train
50103,0,,0.0,,,,,train
50453,0,,1.3333333730697632,,,,,train
51224,0,,0.3333333432674408,,,,,train
52068,0,,1.3333333730697632,,,,,train
52839,0,,0.0,,,,,train
53609,0,,-0.3333333432674408,,,,,train
53742,0,,-0.3333333432674408,,,,,train
53766,0,,0.0,,,,,train
54CM1,GA-uw,,0.0,,,,,train
55156,0,,0.0,,,,,train
55T4QNcdpOk,0,,0.0,,,,,train
56006,0,,0.0,,,,,train
56276,0,,1.0,,,,,train
56989,0,,0.0,,,,,train
57618,0,,0.0,,,,,train
59333,0,,0.0,,,,,train
59673,0,,0.0,,,,,train
5B0PQx3Ep3k,0,,0.6666666865348816,,,,,train
5F-KEGK9eXo,0,,1.0,,,,,train
5FbzKjx3Lho,0,,0.3333333432674408,,,,,train
5Fs,7A,,1.0,,,,,train
5HjbZAbB-Lg,0,,1.6666666269302368,,,,,train
5IhAgV0Bf,4,,0.3333333432674408,,,,,train
5JMpMKAO-Mk,0,,0.6666666865348816,,,,,train
5O1W39o56gg,0,,0.0,,,,,train
5OLO6zEbrVw,0,,0.0,,,,,train
5OUcvUDMMWE,0,,-0.3333333432674408,,,,,train
5OXuBO5buF8,0,,2.0,,,,,train
5PqwxUYIe3c,0,,1.6666666269302368,,,,,train
5QXHyL3BMto,0,,1.0,,,,,train
5R5fDxZUL8M,0,,0.6666666865348816,,,,,train
5RVF,3YBUVI,,0.6666666865348816,,,,,train
5Tqu1IXJjGY,0,,-1.3333333730697632,,,,,train
5VKMctXBN9M,0,,0.3333333432674408,,,,,train
5XX0csik6VQ,0,,0.3333333432674408,,,,,train
5YnYGjrhzF4,0,,0.0,,,,,train
5eA5HpyFsIk,0,,0.0,,,,,train
5eY4S1F62Z4,0,,1.0,,,,,train
5fKPJPFqPho,0,,0.0,,,,,train
5hXC8JbiLd8,0,,1.6666666269302368,,,,,train
5i6AgQSjXO4,0,,1.0,,,,,train
5kaCGzjYukM,0,,-0.3333333432674408,,,,,train
5lrDS7LluCA,0,,0.6666666865348816,,,,,train
5oEuiBPUTYc,0,,1.0,,,,,train
5pxFqJ5hKMU,0,,0.0,,,,,train
5qQs9Cfydo4,0,,-0.6666666865348816,,,,,train
5qxZFmIaynE,0,,0.3333333432674408,,,,,train
5sDBK-lP8Pg,0,,1.0,,,,,train
5tV5rZZJDCE,0,,0.3333333432674408,,,,,train
5vwXp27bCLw,0,,-1.6666666269302368,,,,,train
5wpCKY2U1NE,0,,0.0,,,,,train
5xa0Ac2krGs,0,,-0.3333333432674408,,,,,train
6-0bcijTR8k,0,,2.6666667461395264,,,,,train
60037,0,,0.6666666865348816,,,,,train
60Qw70Rd9Yg,0,,0.6666666865348816,,,,,train
61531,0,,0.3333333432674408,,,,,train
63951,0,,0.0,,,,,train
65kkuNV921k,0,,0.3333333432674408,,,,,train
663uRzFOfrg,0,,-0.3333333432674408,,,,,train
67uKYi7mslE,0,,0.6666666865348816,,,,,train
69707,0,,0.0,,,,,train
69824,0,,0.0,,,,,train
69NtV79qgOg,0,,0.3333333432674408,,,,,train
6E-yr6nPxGA,0,,0.3333333432674408,,,,,train
6EDoVEm16fU,0,,2.0,,,,,train
6EJHA6IDLNk,0,,0.6666666865348816,,,,,train
6G8JJ69aN6o,0,,1.3333333730697632,,,,,train
6IUj6jyoTl0,0,,0.6666666865348816,,,,,train
6J,yzh1LNAE,,0.3333333432674408,,,,,train
6KvG5VbLalY,0,,0.3333333432674408,,,,,train
6MYUY5tC2Us,0,,0.0,,,,,train
6MloL1gIccs,0,,0.3333333432674408,,,,,train
6PLlauWxF5E,0,,1.3333333730697632,,,,,train
6RFVsOWK1m4,0,,0.0,,,,,train
6T1GHj7qwYs,0,,1.3333333730697632,,,,,train
6TDXQtGUNEs,0,,0.3333333432674408,,,,,train
6TKaGMkO69E,0,,-1.6666666269302368,,,,,train
6UV6ktwbLoo,0,,0.0,,,,,train
6Vg10LxmWUY,0,,1.0,,,,,train
6WDchK7TuL8,0,,1.3333333730697632,,,,,train
6YNAmRjpxlA,0,,0.0,,,,,train
6ZA8I83x-oY,0,,0.0,,,,,train
6,ZT8beQXq8,,1.0,,,,,train
6,k3cw9,,-1.0,,,,,train
6aoTjlvo0js,0,,0.0,,,,,train
6brtMLkjjYk,0,,2.0,,,,,train
6c7vAwDSVGc,0,,0.6666666865348816,,,,,train
6gtfeIqGasE,0,,1.3333333730697632,,,,,train
6hFiTU77Sm0,0,,-1.3333333730697632,,,,,train
6hp1SGhVYfY,0,,2.6666667461395264,,,,,train
6ng8CZ0ULK4,0,,1.0,,,,,train
6q5uKCgairk,0,,0.3333333432674408,,,,,train
6qPjYvdZiLA,0,,-0.3333333432674408,,,,,train
6qmReTSoz0E,0,,0.0,,,,,train
6rkV4QRcVnk,0,,0.0,,,,,train
6slq62RwH3Q,0,,0.6666666865348816,,,,,train
6uPGcKTpC4I,0,,0.0,,,,,train
6uoM8-9d0zA,0,,0.6666666865348816,,,,,train
6vbd4o5rIjM,0,,0.0,,,,,train
6xvVFYR5di0,0,,2.0,,,,,train
6ywl-j2-e-s,0,,-0.3333333432674408,,,,,train
6zjv1TLqfF0,0,,0.0,,,,,train
70280,0,,0.0,,,,,train
70420,0,,0.3333333432674408,,,,,train
70710,0,,0.3333333432674408,,,,,train
708sewcSXVY,0,,0.0,,,,,train
70HptJgAhZM,0,,0.3333333432674408,,,,,train
72017,0,,0.0,,,,,train
72385,0,,0.3333333432674408,,,,,train
72tXTrSXoMk,0,,2.3333332538604736,,,,,train
73447,0,,0.0,,,,,train
73449,0,,-0.3333333432674408,,,,,train
74101,0,,0.0,,,,,train
74184,0,,1.0,,,,,train
74870,0,,0.0,,,,,train
75938,0,,0.0,,,,,train
75RGHaxmUK8,0,,0.3333333432674408,,,,,train
76124,0,,-2.0,,,,,train
76PsKs4kPXE,0,,1.0,,,,,train
76sN4tvbPGk,0,,0.0,,,,,train
78577,0,,0.3333333432674408,,,,,train
78Ncka6CY70,0,,1.3333333730697632,,,,,train
79356,0,,1.0,,,,,train
79644,0,,0.0,,,,,train
79934,0,,0.3333333432674408,,,,,train
79935,0,,-2.3333332538604736,,,,,train
7BFhRPlSOf0,0,,0.0,,,,,train
7CLe7PZtna4,0,,-0.3333333432674408,,,,,train
7EWOMjaKlus,0,,1.0,,,,,train
7IxmlIwqigw,0,,1.0,,,,,train
7R70kKqtGh0,0,,1.0,,,,,train
7SsmaZZ7mz0,0,,1.0,,,,,train
7U,z0JfleAw,,0.6666666865348816,,,,,train
7UlSX-syPeo,0,,0.0,,,,,train
7Vp6Lvin1rA,0,,-0.3333333432674408,,,,,train
7ZzbemE4QEE,0,,0.3333333432674408,,,,,train
7,K3F-lAv1k,,0.6666666865348816,,,,,train
7deoh0NoMs4,0,,2.0,,,,,train
7eJqqvvziQo,0,,2.0,,,,,train
7eWclVCXOtk,0,,0.0,,,,,train
7f3ndBCx,JE,,1.6666666269302368,,,,,train
7fPYpqzw1iY,0,,0.3333333432674408,,,,,train
7hSWYI99-24,0,,0.0,,,,,train
7idU7rR77Ss,0,,0.0,,,,,train
7ifnoHhrMtA,0,,1.0,,,,,train
7mb8Y2AhXIY,0,,0.3333333432674408,,,,,train
7npCA0zoQ8Q,0,,1.3333333730697632,,,,,train
7oFimEZJQ,A,,-3.0,,,,,train
7pZPQbMKGkY,0,,0.6666666865348816,,,,,train
7r4vRxKLFCA,0,,0.0,,,,,train
7rMLN0KKE5k,0,,0.3333333432674408,,,,,train
7sgAWvbLtiM,0,,0.0,,,,,train
7vJy1zbopJ8,0,,0.6666666865348816,,,,,train
7wiaDbpiAQ8,0,,0.6666666865348816,,,,,train
7xiu1tAJ2d8,0,,0.0,,,,,train
8-Hi9NmF4rM,0,,1.0,,,,,train
80566,0,,0.0,,,,,train
80620,0,,0.3333333432674408,,,,,train
80627,0,,0.6666666865348816,,,,,train
80855,0,,0.0,,,,,train
80866,0,,0.0,,,,,train
80914,0,,0.3333333432674408,,,,,train
81406,0,,1.0,,,,,train
81538,0,,0.0,,,,,train
81615,0,,0.3333333432674408,,,,,train
81668,0,,0.0,,,,,train
830KzUc6CbU,0,,0.0,,,,,train
83310,0,,0.0,,,,,train
83400,0,,1.3333333730697632,,,,,train
83859,0,,2.0,,,,,train
83,N43pvgHI,,1.0,,,,,train
8404,0,,0.3333333432674408,,,,,train
84133,0,,1.6666666269302368,,,,,train
84140,0,,1.3333333730697632,,,,,train
84176,0,,2.0,,,,,train
856LGms,0s0,,0.3333333432674408,,,,,train
86c2OkQ3,U8,,0.6666666865348816,,,,,train
87161,0,,0.3333333432674408,,,,,train
87400,0,,0.6666666865348816,,,,,train
87MsiC3E2-w,0,,0.0,,,,,train
88119,0,,0.3333333432674408,,,,,train
88245,0,,0.6666666865348816,,,,,train
88791,0,,-2.3333332538604736,,,,,train
88797,0,,0.0,,,,,train
88888,0,,0.3333333432674408,,,,,train
88S1BjwMfdw,0,,0.0,,,,,train
88oSn21TFcA,0,,0.0,,,,,train
89747,0,,0.0,,,,,train
89787,0,,-0.6666666865348816,,,,,train
89835,0,,0.0,,,,,train
89951,0,,0.0,,,,,train
89ZmOPOilu4,0,,-1.0,,,,,train
8Cp8c-eQELQ,0,,1.3333333730697632,,,,,train
8EHEEXex5D8,0,,1.0,,,,,train
8F1mj-XT6KA,0,,-0.6666666865348816,,,,,train
8Lmqsakmw3M,0,,1.0,,,,,train
8M0AlvtMrv8,0,,1.3333333730697632,,,,,train
8NPaDkOiXw4,0,,0.0,,,,,train
8P0zm2oYDyY,0,,-2.6666667461395264,,,,,train
8TDAP0KNIIw,0,,0.0,,,,,train
8UH0aPUf7sQ,0,,2.0,,,,,train
8VB6pdJTpX4,0,,0.6666666865348816,,,,,train
8VP1qxX9mh4,0,,1.0,,,,,train
8VhVf0TbjDA,0,,1.3333333730697632,,,,,train
8X5tGQLBqPo,0,,0.6666666865348816,,,,,train
8XODJwsvBa0,0,,1.3333333730697632,,,,,train
8XZszYrUSCQ,0,,1.0,,,,,train
8YsIvz4qnk4,0,,2.6666667461395264,,,,,train
8aZbX-xMdgI,0,,-0.6666666865348816,,,,,train
8eaYvALnJ0o,0,,1.6666666269302368,,,,,train
8f,lBxZgDb0,,0.3333333432674408,,,,,train
8i7u3fl-hP8,0,,1.3333333730697632,,,,,train
8jY,RhOS89o,,0.0,,,,,train
8lfS97s2AKc,0,,-1.3333333730697632,,,,,train
8ovb-GaZ3QE,0,,-0.6666666865348816,,,,,train
8qCNtqjygW8,0,,0.3333333432674408,,,,,train
8u5aet7s9,w,,0.3333333432674408,,,,,train
8vpoQ5UVpXE,0,,-0.3333333432674408,,,,,train
8wNr-NQImFg,0,,0.3333333432674408,,,,,train
8wQhzezNcUY,0,,2.0,,,,,train
8wdxczYf1jI,0,,0.6666666865348816,,,,,train
8x81fzwcJko,0,,1.6666666269302368,,,,,train
8x,nCOh6Wmc,,1.0,,,,,train
8xfW,azeNPk,,1.6666666269302368,,,,,train
9-EO2oCAGA4,0,,0.6666666865348816,,,,,train
9-K1CXCXui4,0,,1.3333333730697632,,,,,train
90172,0,,-1.6666666269302368,,,,,train
90wZz0thye4,0,,0.0,,,,,train
91276,0,,-2.3333332538604736,,,,,train
91844,0,,0.6666666865348816,,,,,train
91y7nPEWdmQ,0,,-0.6666666865348816,,,,,train
92221,0,,0.0,,,,,train
92291,0,,0.6666666865348816,,,,,train
92331,0,,0.0,,,,,train
92496,0,,-2.6666667461395264,,,,,train
92521,0,,0.0,,,,,train
92533,0,,0.0,,,,,train
92tWNUhG9DY,0,,-1.3333333730697632,,,,,train
93821,0,,1.3333333730697632,,,,,train
93839,0,,0.6666666865348816,,,,,train
93iGT5oueTA,0,,0.6666666865348816,,,,,train
94215,0,,0.3333333432674408,,,,,train
94481,0,,0.0,,,,,train
94983,0,,0.6666666865348816,,,,,train
94ULum9MYX0,0,,0.6666666865348816,,,,,train
95mDHiLeDCM,0,,2.6666667461395264,,,,,train
96099,0,,0.6666666865348816,,,,,train
96179,0,,-2.0,,,,,train
96194,0,,0.0,,,,,train
96350,0,,-1.6666666269302368,,,,,train
96361,0,,-1.6666666269302368,,,,,train
96642,0,,0.3333333432674408,,,,,train
96o9hxy64wI,0,,1.0,,,,,train
97095,0,,0.0,,,,,train
97992,0,,2.6666667461395264,,,,,train
97ENTofrmNo,0,,1.3333333730697632,,,,,train
98187,0,,0.0,,,,,train
98442,0,,0.3333333432674408,,,,,train
984VkHzXl8w,0,,0.0,,,,,train
99501,0,,0.3333333432674408,,,,,train
9BceQC,SdTM,,0.0,,,,,train
9GzFQBljNIY,0,,0.0,,,,,train
9JqwFRCTKOM,0,,0.6666666865348816,,,,,train
9Jyr5laC8mg,0,,0.0,,,,,train
9K4aWWoXuyU,0,,2.6666667461395264,,,,,train
9K5mYSaoBL4,0,,0.0,,,,,train
9Lr4i7bIB6w,0,,0.6666666865348816,,,,,train
9Nhoi1jfDbY,0,,2.0,,,,,train
9OY3NU2ycVw,0,,1.6666666269302368,,,,,train
9PzZSheh10U,0,,0.6666666865348816,,,,,train
9QI-9w,VdB4,,0.3333333432674408,,,,,train
9TAGpMywQyE,0,,0.6666666865348816,,,,,train
9Un1O2ypJmI,0,,0.6666666865348816,,,,,train
9VZ4cpoTFbo,0,,2.0,,,,,train
9XCmrHbU-rU,0,,-1.0,,,,,train
9bAgEmihzLs,0,,-0.3333333432674408,,,,,train
9cSJglGi9Pg,0,,0.6666666865348816,,,,,train
9cYNT,YSo8o,,1.3333333730697632,,,,,train
9ceYD,OzPz8,,0.3333333432674408,,,,,train
9cxlcpbmrH0,0,,0.0,,,,,train
9dFEGb,RfwE,,0.0,,,,,train
9f6A3ucYArQ,0,,-1.6666666269302368,,,,,train
9iRncKVM2PA,0,,-0.3333333432674408,,,,,train
9kLNVTm3Z90,0,,0.0,,,,,train
9orb0lQnVW4,0,,0.0,,,,,train
9pdyTplXwM4,0,,0.3333333432674408,,,,,train
9pzn93kdP,g,,0.0,,,,,train
9sAoeFTKILY,0,,0.3333333432674408,,,,,train
9tX18DNC74w,0,,1.3333333730697632,,,,,train
9zBj8VkRBpE,0,,1.0,,,,,train
9zWeMrfr-l0,0,,0.0,,,,,train
A0aE2Gzym-M,0,,0.6666666865348816,,,,,train
A1lFJXUpxZo,0,,1.6666666269302368,,,,,train
A2E78CGi5TU,0,,0.6666666865348816,,,,,train
A4dzxgHDhF0,0,,0.0,,,,,train
A6R6J8SJtBc,0,,2.3333332538604736,,,,,train
A8c7q,P4jQg,,0.3333333432674408,,,,,train
A8plGi4rbxM,0,,-1.6666666269302368,,,,,train
AB1PbMaW03s,0,,0.0,,,,,train
ABSC1JNdpTw,0,,0.0,,,,,train
ACOlIiRdDyE,0,,0.3333333432674408,,,,,train
ADYia28RrFU,0,,0.0,,,,,train
AG5EY8ZaFj4,0,,0.3333333432674408,,,,,train
AGFgaKPzjMQ,0,,-0.3333333432674408,,,,,train
AGM-hNupJik,0,,0.3333333432674408,,,,,train
AHU3PUztC,M,,0.0,,,,,train
AHXwnFvqYDk,0,,0.3333333432674408,,,,,train
AHiA9hohKr8,0,,0.0,,,,,train
AIPqRuTjI4E,0,,0.3333333432674408,,,,,train
AKofHsmxa1I,0,,1.3333333730697632,,,,,train
ALlKbGE6BH0,0,,0.6666666865348816,,,,,train
APYv5s4ucd0,0,,0.0,,,,,train
AQ4Pktv4-Gc,0,,0.3333333432674408,,,,,train
ARNWtLCbfW4,0,,2.0,,,,,train
ATfnMuJJDkk,0,,1.3333333730697632,,,,,train
AVScVfLgNmw,0,,0.0,,,,,train
AbNmF4RTzOI,0,,0.0,,,,,train
AcoRjVPIVmQ,0,,-1.0,,,,,train
AepwIhSbAws,0,,0.0,,,,,train
AgH84SNRx5s,0,,1.6666666269302368,,,,,train
AggyS1coOb8,0,,0.6666666865348816,,,,,train
AjgDuPEp9sI,0,,0.6666666865348816,,,,,train
AlJX3Jw3xKk,0,,0.6666666865348816,,,,,train
AlmUwZgY6bs,0,,0.3333333432674408,,,,,train
AmGocfFQfVE,0,,-1.0,,,,,train
An8x4UfwZ7k,0,,0.3333333432674408,,,,,train
Arh2TKRi,mg,,0.0,,,,,train
AsrhHuCfvF4,0,,-2.3333332538604736,,,,,train
AuPCZlKBzq8,0,,1.6666666269302368,,,,,train
AxNy9TeTLq8,0,,1.3333333730697632,,,,,train
Az3e1Opu0LE,0,,0.0,,,,,train
B1B71X,SmwY,,1.6666666269302368,,,,,train
B1PzCwfgXyU,0,,-0.6666666865348816,,,,,train
B9oeT0K92wU,0,,0.0,,,,,train
BAi3ZJo5Vwg,0,,0.6666666865348816,,,,,train
BBSVLGf7zPI,0,,0.3333333432674408,,,,,train
BB,VwJSg3AI,,-0.3333333432674408,,,,,train
BBoe8-HWPSw,0,,1.3333333730697632,,,,,train
BDCFV4EqHjY,0,,0.3333333432674408,,,,,train
BJS5KCSowgU,0,,1.3333333730697632,,,,,train
BLFUj7,uy,,1.3333333730697632,,,,,train
BMhG11CXgww,0,,2.0,,,,,train
BNaRO9g8ugQ,0,,1.3333333730697632,,,,,train
BR2pkk3TK-0,0,,0.6666666865348816,,,,,train
BRSyH6yfDLk,0,,1.6666666269302368,,,,,train
BRdw-,dbJXc,,0.0,,,,,train
BRzjQHYWbSs,0,,0.0,,,,,train
BSKAHXFYF,I,,0.3333333432674408,,,,,train
BTjV5dU,rfY,,1.3333333730697632,,,,,train
BXqnWuDA3H4,0,,0.6666666865348816,,,,,train
BZOB3r5AoKE,0,,2.3333332538604736,,,,,train
BaX10vbFhuU,0,,0.0,,,,,train
Baz0VVQ-E9E,0,,0.3333333432674408,,,,,train
BdqoZ5qpz0E,0,,0.3333333432674408,,,,,train
Bf5owLv3X98,0,,0.6666666865348816,,,,,train
Bg-PA5KTjNs,0,,-1.3333333730697632,,,,,train
BgXqrxum5G4,0,,-1.6666666269302368,,,,,train
BmDybDBTe7o,0,,-0.6666666865348816,,,,,train
BnWvk0YRgE4,0,,-0.6666666865348816,,,,,train
Bo5IDtP8,Fk,,-1.3333333730697632,,,,,train
Bpy61RdLAvo,0,,-1.0,,,,,train
BseI8-TYWm8,0,,1.0,,,,,train
BuPhjBayua8,0,,0.0,,,,,train
BvvttuYysvg,0,,0.6666666865348816,,,,,train
C-UUQju3bXo,0,,2.0,,,,,train
C03473pYcRM,0,,1.0,,,,,train
C2xNDBU2Z0s,0,,0.0,,,,,train
C3lDRFu1ZcI,0,,0.3333333432674408,,,,,train
C5-cY1nPQ20,0,,0.0,,,,,train
C74-of1rjg4,0,,-0.6666666865348816,,,,,train
C864zaWmEd0,0,,1.0,,,,,train
C8Fhlk-eczU,0,,-0.3333333432674408,,,,,train
CBYQDIqucxE,0,,1.0,,,,,train
CE9yV4SearE,0,,0.3333333432674408,,,,,train
CHh6hWo1AFE,0,,0.6666666865348816,,,,,train
CIqRibqChDQ,0,,-0.6666666865348816,,,,,train
CJGuudyvA0Y,0,,0.6666666865348816,,,,,train
CK31s0kfp-k,0,,0.0,,,,,train
CKqDDh50gcU,0,,1.6666666269302368,,,,,train
CL4hDu95Eqw,0,,0.6666666865348816,,,,,train
CLkTjujFVKU,0,,1.0,,,,,train
CO2YoTZbUr0,0,,0.0,,,,,train
CO6n-skQJss,0,,0.0,,,,,train
CPjbogfLHR4,0,,0.6666666865348816,,,,,train
CQnwOZRgQXs,0,,0.6666666865348816,,,,,train
CT7QOWbhfv4,0,,2.0,,,,,train
CU6U-gS76K4,0,,1.0,,,,,train
CVx494kExvc,0,,1.0,,,,,train
CXojk-oSaEw,0,,1.0,,,,,train
CXvUdCdKTJY,0,,2.0,,,,,train
CZVmxwrWv34,0,,0.3333333432674408,,,,,train
CZigX1ntOsI,0,,2.0,,,,,train
Cb8ay6WtJuM,0,,2.6666667461395264,,,,,train
CbQxC1iPyS8,0,,0.3333333432674408,,,,,train
CbRexsp1HKw,0,,-0.3333333432674408,,,,,train
Cd0JH1AreDw,0,,-0.3333333432674408,,,,,train
CdB8QBhFccs,0,,-0.3333333432674408,,,,,train
Ceu9AkIjuLY,0,,0.0,,,,,train
CfWxp5bRt2A,0,,1.0,,,,,train
ChhZna-aBK4,0,,1.3333333730697632,,,,,train
Cj7R36s4dbM,0,,0.3333333432674408,,,,,train
CqFt3,uka14,,0.0,,,,,train
Ctc23Icfzvg,0,,1.0,,,,,train
CuF-UOcAFG8,0,,0.6666666865348816,,,,,train
CuFLRnu4FQ8,0,,0.0,,,,,train
CvW0Mh1EWFA,0,,1.0,,,,,train
CwF97vXPYX4,0,,-0.6666666865348816,,,,,train
CzstrpOTtgo,0,,0.0,,,,,train
D-DqVICJXBU,0,,-1.3333333730697632,,,,,train
D02PT0bl88A,0,,0.0,,,,,train
D1I-Z8jaby8,0,,0.6666666865348816,,,,,train
D5cQWqYcBAE,0,,0.0,,,,,train
DEFDuYyc-Xw,0,,1.3333333730697632,,,,,train
DGeBPk1op3E,0,,1.0,,,,,train
DMtFQjrY7Hg,0,,0.3333333432674408,,,,,train
DNzA2UIkRZk,0,,1.6666666269302368,,,,,train
DQ7QKE3hzVg,0,,0.3333333432674408,,,,,train
DR65no1jCbg,0,,0.0,,,,,train
DR9Hhpy8aA8,0,,0.3333333432674408,,,,,train
DVAY-u,cJWU,,-0.3333333432674408,,,,,train
DVvJoMt9o80,0,,1.6666666269302368,,,,,train
DXQGngge7vU,0,,1.0,,,,,train
DZBpdzrMelA,0,,1.6666666269302368,,,,,train
DZIFCYOhosQ,0,,0.0,,,,,train
DaXkixKFEvE,0,,0.6666666865348816,,,,,train
DatH-ra0VKY,0,,2.0,,,,,train
DbAppk7xT0Y,0,,0.3333333432674408,,,,,train
DdUJojoFU,c,,0.6666666865348816,,,,,train
DebbnL-,rnI,,2.0,,,,,train
DfTMoqwMHVE,0,,0.3333333432674408,,,,,train
DgO5O-oDeX8,0,,1.6666666269302368,,,,,train
DhXBaBOB4E8,0,,0.6666666865348816,,,,,train
DiOw-w5LDJ0,0,,1.0,,,,,train
DjcZrtcBZi4,0,,0.3333333432674408,,,,,train
DlX-WyVe-D0,0,,1.0,,,,,train
DlbYiwOnTyk,0,,-0.3333333432674408,,,,,train
Dm8AL84e11w,0,,2.0,,,,,train
DnBHq5I52LM,0,,-1.6666666269302368,,,,,train
Dnhxm6sHQpc,0,,0.3333333432674408,,,,,train
DpZGnuj-BA8,0,,0.0,,,,,train
Dq7V30WhOJQ,0,,0.0,,,,,train
Drhrzj1yhVs,0,,-0.6666666865348816,,,,,train
DtbT85s3i94,0,,0.6666666865348816,,,,,train
DtwbwyfajnI,0,,1.6666666269302368,,,,,train
Dws8ZrzF7xQ,0,,1.0,,,,,train
DzdPl68gV5o,0,,0.6666666865348816,,,,,train
E05bA058vts,0,,1.6666666269302368,,,,,train
E0g6nae4Ae4,0,,1.6666666269302368,,,,,train
E1r0FrFyNTw,0,,0.0,,,,,train
E7ZLz3tSwNM,0,,0.0,,,,,train
E8L1Z71vKG8,0,,0.3333333432674408,,,,,train
E8MuzHUhUHk,0,,1.0,,,,,train
EEUGfVTyTQM,0,,1.0,,,,,train
EEjCkc82oyk,0,,-0.6666666865348816,,,,,train
EGA6iulTr00,0,,0.0,,,,,train
EHbZ2EeVags,0,,1.3333333730697632,,,,,train
EJT25p7JahU,0,,0.6666666865348816,,,,,train
EK2bnbzmJs4,0,,1.6666666269302368,,,,,train
ELtbrO8FbuI,0,,0.6666666865348816,,,,,train
EMS14J0odIE,0,,0.0,,,,,train
EO,5o9Gup6g,,-1.3333333730697632,,,,,train
EO,SN04Xef0,,1.6666666269302368,,,,,train
EOkdFMw0pmk,0,,0.0,,,,,train
EQxkXiWAm08,0,,-0.3333333432674408,,,,,train
ERnYvxojeu0,0,,0.0,,,,,train
ET1cU5,A2YM,,-2.3333332538604736,,,,,train
EULEL3QhKD0,0,,0.3333333432674408,,,,,train
EWYivXUavOY,0,,-0.6666666865348816,,,,,train
EZkOWskJl20,0,,0.3333333432674408,,,,,train
E,ocLuUw-1I,,1.5,,,,,train
E,oqbJatW3E,,0.6666666865348816,,,,,train
Ea,Huc2-lwo,,2.0,,,,,train
EfQoSpEZa0o,0,,1.3333333730697632,,,,,train
EiG3r8hAVeY,0,,2.3333332538604736,,,,,train
Emi9cw9xa00,0,,1.3333333730697632,,,,,train
Emjv2cDzW1E,0,,0.0,,,,,train
EmmuWoCUgXs,0,,0.3333333432674408,,,,,train
EoC83JhkCAw,0,,1.6666666269302368,,,,,train
EpadyoYlAjQ,0,,0.3333333432674408,,,,,train
Es9MkKsMsjU,0,,-1.3333333730697632,,,,,train
EuSp1pkX9i8,0,,0.0,,,,,train
EujJ0SwiCRE,0,,0.0,,,,,train
ExDLNkDVsxY,0,,-0.3333333432674408,,,,,train
EyoMU2yoJPY,0,,0.3333333432674408,,,,,train
Ezn3p5FWF,U,,0.0,,,,,train
F1U26PLiXjM,0,,0.6666666865348816,,,,,train
F2M7WbPXRps,0,,0.3333333432674408,,,,,train
F2hc2FLOdhI,0,,1.6666666269302368,,,,,train
F4OhXQTMOEc,0,,0.0,,,,,train
F4yFRROWtdE,0,,0.3333333432674408,,,,,train
F59hwsm4Ld0,0,,1.6666666269302368,,,,,train
F5SGdvSRJmo,0,,0.0,,,,,train
F6Ci45lP5aA,0,,0.6666666865348816,,,,,train
F6JV-K840EY,0,,1.3333333730697632,,,,,train
F7zQPzwFToE,0,,-1.6666666269302368,,,,,train
F8KE2ZhoUe4,0,,1.3333333730697632,,,,,train
F8eQI8E-6q4,0,,0.6666666865348816,,,,,train
F9NruwaEmA8,0,,0.3333333432674408,,,,,train
FB,b1dm0SRY,,0.3333333432674408,,,,,train
FCMbWx2JpZ0,0,,1.6666666269302368,,,,,train
FGnHDWGYsA8,0,,2.6666667461395264,,,,,train
FHDVQkU-nGI,0,,1.3333333730697632,,,,,train
FHlzZ2VxuGQ,0,,-1.3333333730697632,,,,,train
FJgO-FICHlA,0,,0.6666666865348816,,,,,train
FLyWn2DCci4,0,,0.3333333432674408,,,,,train
FMW6diQ9rMo,0,,-0.3333333432674408,,,,,train
FMenDv3y8jc,0,,0.3333333432674408,,,,,train
FMif4HMBZjo,0,,0.3333333432674408,,,,,train
FNbULlE9RKg,0,,0.0,,,,,train
FOMXt3lStco,0,,0.0,,,,,train
FP3o75bpi8k,0,,0.3333333432674408,,,,,train
FR0B64ID-hA,0,,-0.6666666865348816,,,,,train
FRKwvmrwrZA,0,,0.0,,,,,train
FSGL5K2EEdo,0,,0.3333333432674408,,,,,train
FWBCTZiijEM,0,,0.6666666865348816,,,,,train
FX-YgVKC1AI,0,,0.6666666865348816,,,,,train
FX87sfrE47w,0,,0.0,,,,,train
F,YaG,,0.3333333432674408,,,,,train
FaHosBIr0xY,0,,0.6666666865348816,,,,,train
FcAgbLF6,,,0.3333333432674408,,,,,train
FdTczBnXtYU,0,,0.3333333432674408,,,,,train
FfavRdRKsAQ,0,,0.6666666865348816,,,,,train
FmE9BtTmxnE,0,,0.6666666865348816,,,,,train
FmIS69vB12I,0,,1.0,,,,,train
Fmwc7wkIc4Q,0,,1.0,,,,,train
FphtHpVV-7w,0,,-1.0,,,,,train
FqEekswKPWE,0,,0.3333333432674408,,,,,train
FsmNLTdE2p0,0,,0.3333333432674408,,,,,train
FvoZgWvc3gc,0,,-0.3333333432674408,,,,,train
FxxJB8hBpyQ,0,,-0.3333333432674408,,,,,train
Fy0Uid9afM8,0,,-1.0,,,,,train
FylhSeozvG8,0,,0.0,,,,,train
FzxmeVRTjwU,0,,-0.3333333432674408,,,,,train
G1Z,JUTgZqo,,0.0,,,,,train
G38DwNDQ8Cc,0,,0.0,,,,,train
G3RPgs,7l3U,,0.0,,,,,train
G4HMKRdIva0,0,,1.0,,,,,train
G8aL3bM39co,0,,0.6666666865348816,,,,,train
G8p4QMjLUXI,0,,0.3333333432674408,,,,,train
GAVpYuhMZAw,0,,2.0,,,,,train
GAY5ICoVnA8,0,,1.0,,,,,train
GCOFujDHDx0,0,,0.6666666865348816,,,,,train
GICVzJMDfv0,0,,0.0,,,,,train
GJyzeK-Cn-0,0,,0.6666666865348816,,,,,train
GK-Pprzh0t0,0,,-1.6666666269302368,,,,,train
GKsjv42t284,0,,-0.6666666865348816,,,,,train
GMHW6XEO1ms,0,,0.0,,,,,train
GMa0cIAltnw,0,,-0.6666666865348816,,,,,train
GMjQUrlMa50,0,,0.3333333432674408,,,,,train
GMnoxaqqReQ,0,,0.0,,,,,train
GNP0PFas12Y,0,,1.0,,,,,train
GO0V4ZGSF28,0,,0.0,,,,,train
GOj7TBcEA8E,0,,0.3333333432674408,,,,,train
GRFXnnrQaB4,0,,-0.6666666865348816,,,,,train
GSnt,fW8qjI,,1.3333333730697632,,,,,train
GTGtVdAuyRc,0,,0.3333333432674408,,,,,train
GUffC7vu9zA,0,,0.3333333432674408,,,,,train
GXIfrEUJ5d4,0,,-0.3333333432674408,,,,,train
G,M3lYn6hAA,,0.6666666865348816,,,,,train
Gbg8qiKQkhM,0,,0.3333333432674408,,,,,train
Gc,zIjqqUys,,-0.3333333432674408,,,,,train
GcfETVXgtg0,0,,0.6666666865348816,,,,,train
GdFP,p4eQX0,,0.0,,,,,train
GeSTiDe1hG0,0,,0.6666666865348816,,,,,train
Gg9ZcRlwnbc,0,,0.3333333432674408,,,,,train
GjCUDqWSI6c,0,,-0.3333333432674408,,,,,train
GkoBk5K-FH0,0,,0.3333333432674408,,,,,train
GlShH,ua,,1.6666666269302368,,,,,train
Gljee9uq,Rc,,-0.3333333432674408,,,,,train
Gmhi58erY6k,0,,0.0,,,,,train
GmpDbIstUdc,0,,0.3333333432674408,,,,,train
GpRDC-S88dM,0,,1.6666666269302368,,,,,train
GtRxTvuF6J0,0,,2.6666667461395264,,,,,train
Gv0kKbfwPpI,0,,0.0,,,,,train
Gvg,80PlAAs,,-0.6666666865348816,,,,,train
GxWLhv-Vt78,0,,0.3333333432674408,,,,,train
GxcOSmJAyYQ,0,,0.0,,,,,train
Gz2qsCqWNUY,0,,0.6666666865348816,,,,,train
H-74k5vclCU,0,,0.6666666865348816,,,,,train
H-AJ-grXvgQ,0,,0.6666666865348816,,,,,train
H1DpVwktfDQ,0,,1.6666666269302368,,,,,train
H26MMmrHTlQ,0,,0.0,,,,,train
H4RysMUSQD8,0,,1.0,,,,,train
H4w9mU8B3Mc,0,,0.0,,,,,train
H6ci6Myq8uI,0,,1.0,,,,,train
H9BNzzxlscA,0,,1.0,,,,,train
H9mSft9YGuk,0,,0.6666666865348816,,,,,train
H9zVQlzit8Y,0,,0.6666666865348816,,,,,train
HA2AiTz-qxc,0,,0.0,,,,,train
HAid0IEUoFQ,0,,0.0,,,,,train
HAnQVHOd3hg,0,,0.3333333432674408,,,,,train
HByf7qiO-Kg,0,,0.3333333432674408,,,,,train
HD17J-FvROQ,0,,0.0,,,,,train
HFPGeaEPy9o,0,,-0.3333333432674408,,,,,train
HGicRLwgtkM,0,,1.3333333730697632,,,,,train
HIsJqphLCyw,0,,0.0,,,,,train
HJTxq72GuMs,0,,1.0,,,,,train
HLFaW4oVP9E,0,,2.0,,,,,train
HMRqR-P68Ws,0,,1.0,,,,,train
HOCsiS0pmf0,0,,0.6666666865348816,,,,,train
HObh42PhOfw,0,,0.3333333432674408,,,,,train
HQ2LwfRcrVc,0,,1.6666666269302368,,,,,train
HQ9NnDQcxD4,0,,1.3333333730697632,,,,,train
HR18U0yAlTc,0,,0.0,,,,,train
HS-2vVP95u8,0,,0.6666666865348816,,,,,train
HUH9BXVmAig,0,,1.0,,,,,train
HUOMbK1x7MI,0,,0.3333333432674408,,,,,train
HVksxaUzv9Y,0,,0.0,,,,,train
HWLpH3NMtFs,0,,-1.0,,,,,train
HXuRR2eBHHQ,0,,2.6666667461395264,,,,,train
H,x5O9GdknI,,-1.0,,,,,train
Ha7DMd,iKyM,,0.3333333432674408,,,,,train
HbaycY0VuZk,0,,1.3333333730697632,,,,,train
HetCe0lLacc,0,,0.0,,,,,train
HfLVQZLvcH8,0,,0.0,,,,,train
HgDdU,RB9UA,,0.3333333432674408,,,,,train
HhpziYYP2Vg,0,,1.3333333730697632,,,,,train
HjLpXXFoAQw,0,,0.6666666865348816,,,,,train
Hkt,kncJGVM,,2.0,,,,,train
HmXXW45eZL4,0,,-0.3333333432674408,,,,,train
Hq3cHc6X8BM,0,,0.3333333432674408,,,,,train
HqtvFTa29L8,0,,0.6666666865348816,,,,,train
HuIKyKkEL0Q,0,,0.3333333432674408,,,,,train
HxyfY7hsjOg,0,,1.0,,,,,train
I--8nRKCkJI,0,,0.6666666865348816,,,,,train
I3SPlbTGuNc,0,,0.6666666865348816,,,,,train
I5cS,TlV5B8,,0.0,,,,,train
I8MM8y1XVjs,0,,0.0,,,,,train
I9iV9q3ePhI,0,,0.3333333432674408,,,,,train
IAmZ5iWHxw4,0,,0.0,,,,,train
IAubgwEiCcY,0,,1.0,,,,,train
IB0lGIxP8YY,0,,-0.6666666865348816,,,,,train
ICeSewdyf34,0,,1.6666666269302368,,,,,train
IDVbPEket6U,0,,0.3333333432674408,,,,,train
IHp8hd1jm6k,0,,1.6666666269302368,,,,,train
IHv,yBn83P8,,1.3333333730697632,,,,,train
IIPYcCii7Sg,0,,0.0,,,,,train
IKXWSNf4m2k,0,,0.0,,,,,train
IM6HW1HwHhM,0,,1.0,,,,,train
IOpWjKAHG8Q,0,,0.6666666865348816,,,,,train
IRSxo,XXArg,,0.6666666865348816,,,,,train
IRY4D,-mx3Q,,0.3333333432674408,,,,,train
ITQTVfk9Iqo,0,,0.3333333432674408,,,,,train
IUmxJNs2zaY,0,,0.3333333432674408,,,,,train
IW7IssCKgmI,0,,1.3333333730697632,,,,,train
I,r2CP56toU,,0.3333333432674408,,,,,train
IawsOlEKRf0,0,,-0.6666666865348816,,,,,train
Ie6sDptjAsU,0,,0.6666666865348816,,,,,train
Iemw8vqt-54,0,,0.6666666865348816,,,,,train
IgenXuE4qIM,0,,1.0,,,,,train
IiGzuoblKSM,0,,1.6666666269302368,,,,,train
IiX1k0oYW,w,,2.0,,,,,train
IkvL4IAiZog,0,,0.3333333432674408,,,,,train
IlgnbEdOhmI,0,,1.3333333730697632,,,,,train
IsAtAzltJNM,0,,0.0,,,,,train
It6xg0WcqJ0,0,,1.0,,,,,train
ItnyexqXR,U,,-1.0,,,,,train
Itqbc2TBXWY,0,,0.0,,,,,train
IwQWibE8EOM,0,,2.3333332538604736,,,,,train
Iz,PDdyXr-8,,0.6666666865348816,,,,,train
J3-NEG8uoiE,0,,1.6666666269302368,,,,,train
J3JU1zBQ4RM,0,,1.3333333730697632,,,,,train
J6zbBfzW7a0,0,,1.3333333730697632,,,,,train
J7UduuBfnrE,0,,0.0,,,,,train
JATMzuV6sUE,0,,0.3333333432674408,,,,,train
JAbFsRxxnFo,0,,1.0,,,,,train
JAnRCQ9A0vI,0,,0.0,,,,,train
JCg26b8EO48,0,,-0.3333333432674408,,,,,train
JDgqyOkzXHw,0,,1.3333333730697632,,,,,train
JF-5nlUNx,g,,0.0,,,,,train
JGEEA,JVriE,,1.0,,,,,train
JGZb,ygtB0g,,0.3333333432674408,,,,,train
JGzFUzPeAA8,0,,0.3333333432674408,,,,,train
JHJOK6cdW-0,0,,-0.3333333432674408,,,,,train
JHW3nD6flgU,0,,1.3333333730697632,,,,,train
JKueLneBoik,0,,1.0,,,,,train
JLqBVj6f5gI,0,,1.6666666269302368,,,,,train
JMb18N7lQ0A,0,,0.0,,,,,train
JMzilFvwNXE,0,,0.6666666865348816,,,,,train
JNhqI4JtPXA,0,,1.3333333730697632,,,,,train
JNt1k3ohkbs,0,,-0.3333333432674408,,,,,train
JOK1SSmPtFw,0,,1.3333333730697632,,,,,train
JP95Fby6qLE,0,,0.3333333432674408,,,,,train
JPT38CA3sGI,0,,0.6666666865348816,,,,,train
JSlTJsUulH0,0,,-0.6666666865348816,,,,,train
JVpF99zuQhA,0,,0.3333333432674408,,,,,train
JW2HHfQiGVs,0,,-0.3333333432674408,,,,,train
JW3OfSCZlhc,0,,0.0,,,,,train
JWG,MUy7EWQ,,0.3333333432674408,,,,,train
JX-mwjSw0dk,0,,0.6666666865348816,,,,,train
JXYot3NDQn0,0,,0.3333333432674408,,,,,train
JY-krIuEUm4,0,,1.3333333730697632,,,,,train
JYdfUNjyYxo,0,,-0.6666666865348816,,,,,train
JYsAacFmXEo,0,,0.0,,,,,train
J,DtcW86D9c,,0.3333333432674408,,,,,train
Ja7phs8EbWk,0,,0.0,,,,,train
JcmqmLaL,MQ,,0.3333333432674408,,,,,train
JdFaSggG58c,0,,-0.6666666865348816,,,,,train
Jg2okZn6Ut8,0,,0.0,,,,,train
Jh1uDYOJMwk,0,,1.3333333730697632,,,,,train
JkHxzOWOLfs,0,,-0.6666666865348816,,,,,train
JlmpDdm1A1Y,0,,1.0,,,,,train
JvLMNXW7B10,0,,0.0,,,,,train
JvgofTcCSEc,0,,0.6666666865348816,,,,,train
JwzxqrD8tIo,0,,0.0,,,,,train
Jz1oMq6l-ZM,0,,-2.0,,,,,train
Jz9nlw15QZo,0,,1.3333333730697632,,,,,train
JzydLJw6y6o,0,,2.0,,,,,train
K0m1tO3Ybyc,0,,0.0,,,,,train
K1VeXZxR24U,0,,-0.3333333432674408,,,,,train
K5cGfs3i-tk,0,,1.3333333730697632,,,,,train
K62NK2KYhws,0,,0.6666666865348816,,,,,train
K7FiMf-Dmwo,0,,0.3333333432674408,,,,,train
K7KEtrgBkz4,0,,0.0,,,,,train
K8gp7ncdUl8,0,,1.0,,,,,train
K9-KyChw8RM,0,,-0.6666666865348816,,,,,train
K9U2TAF9DDY,0,,0.0,,,,,train
K9faaGel838,0,,0.0,,,,,train
KB5hSnV1emg,0,,0.0,,,,,train
KB73TD4xQ8Y,0,,0.6666666865348816,,,,,train
KD0w4BrNXQg,0,,0.6666666865348816,,,,,train
KDjl2exStlI,0,,0.0,,,,,train
KEUVzxC7T3E,0,,0.0,,,,,train
KF5wgQPp2yc,0,,-0.6666666865348816,,,,,train
KI2sU-mhM44,0,,0.0,,,,,train
KJyz9fCt7Is,0,,0.3333333432674408,,,,,train
KLy4aBLqwCk,0,,1.0,,,,,train
KPeos6f4HuQ,0,,0.6666666865348816,,,,,train
KQ86HmgwUns,0,,0.3333333432674408,,,,,train
KR4MpF0YtgE,0,,0.0,,,,,train
KRje7su4I5U,0,,0.3333333432674408,,,,,train
KSyX-lejDcc,0,,-1.0,,,,,train
KUVGWCTT5DU,0,,0.6666666865348816,,,,,train
KXsjl0DKgL0,0,,1.3333333730697632,,,,,train
KYQTwFVBzME,0,,0.6666666865348816,,,,,train
KZzFCrEyKF0,0,,-0.3333333432674408,,,,,train
K,5u2Wh,,0.0,,,,,train
K,K3wpxkRc8,,0.0,,,,,train
KanWhGY33Hk,0,,0.0,,,,,train
Kep,mLLXsqk,,-1.0,,,,,train
KgXuILFtgJQ,0,,0.6666666865348816,,,,,train
KkKWFZZmmCM,0,,0.0,,,,,train
KmYG8zaRmOA,0,,0.3333333432674408,,,,,train
Kmtib-wZ0jM,0,,-1.6666666269302368,,,,,train
Kn5eKHlPD0k,0,,0.0,,,,,train
Kn99u05vlpA,0,,1.6666666269302368,,,,,train
KpMCvUyQCXg,0,,0.3333333432674408,,,,,train
Kpe5fISxRTg,0,,0.6666666865348816,,,,,train
KqFarHUGjSc,0,,0.3333333432674408,,,,,train
KrmVX-HANew,0,,0.0,,,,,train
Kyz32PTyP4I,0,,0.6666666865348816,,,,,train
L-7oRnbi9-w,0,,0.3333333432674408,,,,,train
L-a4Sh6iAcw,0,,0.0,,,,,train
L0WUuWYNeCo,0,,1.0,,,,,train
L1eFHRQGFeg,0,,-1.0,,,,,train
L1gXZVU6AE4,0,,1.6666666269302368,,,,,train
L2uC4,Co9uw,,2.0,,,,,train
L382XZ6iZmM,0,,-0.3333333432674408,,,,,train
L3b9wwZ8vRQ,0,,-1.0,,,,,train
L5a2ijeWpUI,0,,-0.3333333432674408,,,,,train
L6pg3DQKoH4,0,,0.6666666865348816,,,,,train
L8VjQM9HQfs,0,,-0.3333333432674408,,,,,train
LAj3rqJvS3s,0,,-0.3333333432674408,,,,,train
LD3HYOwk1Bc,0,,0.0,,,,,train
LDKWr94J0wM,0,,1.0,,,,,train
LFOwCSiGOvw,0,,-1.0,,,,,train
LHC7ZKJy4Zw,0,,1.6666666269302368,,,,,train
LJGL2sGvSS0,0,,1.0,,,,,train
LKAEv8x9jKI,0,,0.6666666865348816,,,,,train
LL02UFLfQKo,0,,-0.3333333432674408,,,,,train
LQnXVd-PR,Y,,0.0,,,,,train
LUKIYWa0UGA,0,,3.0,,,,,train
LUf9vbe0TcQ,0,,1.6666666269302368,,,,,train
LX2rT5C3sJs,0,,0.3333333432674408,,,,,train
LZl9Sj1safM,0,,0.3333333432674408,,,,,train
L,XttWZBKss,,0.0,,,,,train
LcfubBagG6Q,0,,0.3333333432674408,,,,,train
Lh8r-5eHX6Q,0,,0.0,,,,,train
LityRNuQihc,0,,0.6666666865348816,,,,,train
LpTbjgELALo,0,,0.0,,,,,train
LpbSYaPRTqI,0,,0.0,,,,,train
LppEvM60-xo,0,,1.0,,,,,train
LtlL-03S79Q,0,,0.3333333432674408,,,,,train
LueQT0vY1zI,0,,1.0,,,,,train
Lxs,6Tvq12E,,0.6666666865348816,,,,,train
LyOq9mOEPuk,0,,-0.6666666865348816,,,,,train
M2Pb2kx77ww,0,,0.0,,,,,train
M6HKUzJNlsE,0,,0.6666666865348816,,,,,train
MBDZbACupsc,0,,0.0,,,,,train
MCRCXXPqFOI,0,,0.6666666865348816,,,,,train
MCsvw5-7lVE,0,,1.3333333730697632,,,,,train
MD6Tq,4VlGc,,2.3333332538604736,,,,,train
MFXQH7ZlBJI,0,,1.6666666269302368,,,,,train
MFrwi-RibUk,0,,2.0,,,,,train
MHVrwCEWLPI,0,,-0.6666666865348816,,,,,train
MHyW857u,X8,,0.0,,,,,train
MIqL9OXszRw,0,,-0.3333333432674408,,,,,train
MIuJDn,0yVU,,0.3333333432674408,,,,,train
MJnc4GUhUuY,0,,1.0,,,,,train
MKShLlJ7X7g,0,,1.6666666269302368,,,,,train
MLegxOZBGUc,0,,1.0,,,,,train
MM2qPdnRmQ8,0,,0.0,,,,,train
MMaEsDdBsvM,0,,2.0,,,,,train
MMpo2bDk-DU,0,,-0.3333333432674408,,,,,train
MNLG4-diuYM,0,,0.0,,,,,train
MNXBOeiPhec,0,,0.0,,,,,train
MOfEl,1dh-g,,0.3333333432674408,,,,,train
MPRqaQqrd9Y,0,,0.0,,,,,train
MRU65o1odI4,0,,2.0,,,,,train
MSHBEntSDjU,0,,0.3333333432674408,,,,,train
MSmTFZ,-THM,,0.0,,,,,train
MTU,thei3-c,,-0.3333333432674408,,,,,train
MWCNzYUCys0,0,,0.0,,,,,train
MYEyQUpMe3k,0,,1.0,,,,,train
MZUr1DfYNNw,0,,0.6666666865348816,,,,,train
MZoLQD83R-4,0,,-0.6666666865348816,,,,,train
MbpPBLUjpV4,0,,1.0,,,,,train
McnbZjgCPLw,0,,1.0,,,,,train
MhojeOmmjC8,0,,1.0,,,,,train
MjaaudUc5-4,0,,-0.3333333432674408,,,,,train
MmJD4KBT0nk,0,,-0.6666666865348816,,,,,train
MnFRVJtHAeo,0,,0.3333333432674408,,,,,train
MoQmPA7Q07Q,0,,0.6666666865348816,,,,,train
MpuWcGn2Lcg,0,,-0.6666666865348816,,,,,train
MroQfGehC84,0,,0.6666666865348816,,,,,train
MsjnLoTKAXo,0,,0.0,,,,,train
MtIklGnIMGo,0,,-1.3333333730697632,,,,,train
MvEw24PU2Ac,0,,-1.0,,,,,train
MvFFYObY9A8,0,,-1.3333333730697632,,,,,train
Mw4EZYZAd9c,0,,0.6666666865348816,,,,,train
MyDLelMxt-A,0,,0.3333333432674408,,,,,train
MyfRrTjglm8,0,,-0.6666666865348816,,,,,train
N-NnCI6U52c,0,,2.3333332538604736,,,,,train
N0GhVkCwrqw,0,,0.6666666865348816,,,,,train
N0Y7x,fJ0Nw,,0.3333333432674408,,,,,train
N0d2JL7JC1s,0,,0.0,,,,,train
N0pKIn6VhOw,0,,1.0,,,,,train
N188QSyfmeQ,0,,0.0,,,,,train
N1X63d,jgmw,,0.3333333432674408,,,,,train
N2nCB34Am-E,0,,0.6666666865348816,,,,,train
N3QuD26DuCI,0,,-1.0,,,,,train
N3vSaV8Ztrg,0,,1.0,,,,,train
N4WOBzpZtWM,0,,2.0,,,,,train
N5xfBtD6rLY,0,,0.3333333432674408,,,,,train
N7IerkWUClI,0,,0.3333333432674408,,,,,train
N7tS7A0WWpM,0,,1.0,,,,,train
NCJTV5KaJJc,0,,-1.6666666269302368,,,,,train
NDMAVMZyISM,0,,0.0,,,,,train
NG7QLq4XlWo,0,,2.3333332538604736,,,,,train
NIpuKcoJhGM,0,,2.0,,,,,train
NKindd5Xn3s,0,,0.3333333432674408,,,,,train
NOGhjdK-rDI,0,,-0.3333333432674408,,,,,train
NOl0v54DaXo,0,,0.3333333432674408,,,,,train
NSihgq4R8Z0,0,,1.0,,,,,train
NVLPURuAVLU,0,,-0.6666666865348816,,,,,train
NVlxq3jxlAk,0,,-1.6666666269302368,,,,,train
NYuY6HVjMZQ,0,,2.0,,,,,train
NZtIGzAzJZM,0,,0.3333333432674408,,,,,train
N,dNuV-4iAo,,0.0,,,,,train
Na6170hd8po,0,,1.0,,,,,train
NaWmaHwjElo,0,,0.6666666865348816,,,,,train
Nd55vByy2F8,0,,1.0,,,,,train
NgENhhXf0LE,0,,1.3333333730697632,,,,,train
NiAjz4ciA60,0,,1.0,,,,,train
NkbRuTJaj,M,,0.3333333432674408,,,,,train
NlrCjfHELLE,0,,0.6666666865348816,,,,,train
Nmd50Uzyybs,0,,0.0,,,,,train
NoOt0oU843M,0,,0.0,,,,,train
NoZsdSGnNpI,0,,0.3333333432674408,,,,,train
NocexkPXja8,0,,-1.6666666269302368,,,,,train
Nrurc5sMUOE,0,,0.0,,,,,train
Ns,h5IVcZ9k,,0.0,,,,,train
NuRvTWhELqs,0,,1.0,,,,,train
Nzh2KkaGwrE,0,,0.0,,,,,train
NzpymNJaFjo,0,,-0.3333333432674408,,,,,train
NzvNW7vP-Co,0,,0.0,,,,,train
O-b3DQg0QmA,0,,0.0,,,,,train
O0Nn-5UkfoA,0,,-0.3333333432674408,,,,,train
O2CEvvYWWbU,0,,0.3333333432674408,,,,,train
O2ShYliS3CU,0,,0.0,,,,,train
O3whFU2lAAk,0,,1.6666666269302368,,,,,train
O4UkHVJlIs8,0,,0.3333333432674408,,,,,train
O8IJh,L0EfM,,1.0,,,,,train
OAV6KKf60bQ,0,,0.3333333432674408,,,,,train
OBaMn1-x7jQ,0,,1.6666666269302368,,,,,train
OEMSGahoCmM,0,,1.0,,,,,train
OEOkmrKvTUo,0,,0.6666666865348816,,,,,train
OEesmAnTpeA,0,,1.0,,,,,train
OFBc3z99bIc,0,,0.3333333432674408,,,,,train
OFia3dWgaoI,0,,-1.3333333730697632,,,,,train
OGXUtVG0Y9w,0,,2.0,,,,,train
OHWyYVux-yw,0,,1.3333333730697632,,,,,train
OIJr0voCvVQ,0,,-1.3333333730697632,,,,,train
OJwO6g01qO8,0,,-0.3333333432674408,,,,,train
OKJPFisBoPY,0,,0.3333333432674408,,,,,train
OKSx1zxHGpQ,0,,1.0,,,,,train
OLP0nCKwU6k,0,,0.3333333432674408,,,,,train
OORklkFql3k,0,,-0.6666666865348816,,,,,train
OOh1,ffKOKk,,1.0,,,,,train
OPXmk49KyiU,0,,1.0,,,,,train
OSyKmOye5Uo,0,,0.0,,,,,train
OUjzDchhkIA,0,,0.6666666865348816,,,,,train
OWWHjP3pX9o,0,,-0.3333333432674408,,,,,train
OXsTIPdytiw,0,,0.6666666865348816,,,,,train
O,fTDhCtAhw,,0.0,,,,,train
Oa2xVjzAMFc,0,,0.0,,,,,train
OaWYjsS02fk,0,,2.3333332538604736,,,,,train
Ob8vPQCPDX0,0,,0.3333333432674408,,,,,train
OcqJx,cRc3Y,,-0.3333333432674408,,,,,train
OctOcfI4KSs,0,,-0.3333333432674408,,,,,train
OdKp0hYomgs,0,,1.0,,,,,train
OiMkqEH5WeE,0,,0.0,,,,,train
Oj3XwBBrzXc,0,,0.0,,,,,train
Olx-sTx7HTk,0,,0.0,,,,,train
OoOD,VBL0i0,,0.0,,,,,train
Op3CnqRLD9w,0,,2.0,,,,,train
Or-9Nc,GAq8,,0.3333333432674408,,,,,train
OrYBtyO0aPI,0,,0.6666666865348816,,,,,train
OwE-7MwzfYI,0,,1.3333333730697632,,,,,train
OwYfPi9St0w,0,,0.0,,,,,train
OxyQSJMvWBo,0,,0.6666666865348816,,,,,train
OyK86reBnJE,0,,0.3333333432674408,,,,,train
P0UHzR4CmYg,0,,1.3333333730697632,,,,,train
P0WaXnH37uI,0,,1.0,,,,,train
P17tYiqMGRU,0,,1.6666666269302368,,,,,train
P35dyIit1yM,0,,2.3333332538604736,,,,,train
P3QEOJWxXI8,0,,0.0,,,,,train
P4qxfjZlIrY,0,,2.6666667461395264,,,,,train
PANWQeBKStk,0,,1.0,,,,,train
PEBwwe0PLZ8,0,,0.0,,,,,train
PGBrZLC15yA,0,,2.6666667461395264,,,,,train
PHJ8eybXJdw,0,,0.6666666865348816,,,,,train
PHZIx22aFhU,0,,1.0,,,,,train
PJlDO21zl88,0,,0.3333333432674408,,,,,train
PMH4mdJeojE,0,,1.0,,,,,train
PN3ApHIGopo,0,,-0.3333333432674408,,,,,train
PORCNDRKtko,0,,1.3333333730697632,,,,,train
PQYmOknHA4c,0,,1.0,,,,,train
PRZ4VhESz1A,0,,0.6666666865348816,,,,,train
PUIsiLk8etk,0,,0.3333333432674408,,,,,train
PYylJk8R9Ak,0,,3.0,,,,,train
PboaYD5hlG8,0,,0.6666666865348816,,,,,train
Pbu6oAKFCvo,0,,2.0,,,,,train
PbyI-sUzLZY,0,,-0.3333333432674408,,,,,train
PcqKFt1p3UQ,0,,0.3333333432674408,,,,,train
PexNiFbPTYM,0,,1.0,,,,,train
PmemTgQHagk,0,,1.6666666269302368,,,,,train
PoKZEKOf1dA,0,,0.3333333432674408,,,,,train
PohW-isYMK0,0,,1.3333333730697632,,,,,train
Pt-D0LUHDSc,0,,0.6666666865348816,,,,,train
PtH,8O,,1.6666666269302368,,,,,train
PtdK-TLOuD0,0,,-1.0,,,,,train
PwapK9d8IGk,0,,0.0,,,,,train
PyQrAYl1bFs,0,,1.0,,,,,train
PybuzkS31J4,0,,-0.3333333432674408,,,,,train
PzI6yY9Y2xQ,0,,1.6666666269302368,,,,,train
Q2uHXKA8cq8,0,,0.3333333432674408,,,,,train
Q4WzApjaCNI,0,,0.6666666865348816,,,,,train
Q5YU2sLKVL4,0,,0.0,,,,,train
Q5fZk,jPjBI,,1.6666666269302368,,,,,train
Q5uYByRyswI,0,,0.6666666865348816,,,,,train
Q7OvlYjNt9w,0,,0.3333333432674408,,,,,train
Q7S0tX4FUNA,0,,-1.3333333730697632,,,,,train
Q7nhtfkIPN4,0,,-0.3333333432674408,,,,,train
Q8naC1qriIU,0,,0.0,,,,,train
QBc7X5jj8oA,0,,0.3333333432674408,,,,,train
QCR7uyowjhM,0,,-1.0,,,,,train
QDRtKv8PvFs,0,,1.0,,,,,train
QE0pAVSPsKQ,0,,0.0,,,,,train
QEG,hkJsaYc,,1.0,,,,,train
QI-TTqj0KnA,0,,0.3333333432674408,,,,,train
QIonRUsCqBs,0,,0.3333333432674408,,,,,train
QJBQIOmG1CA,0,,-0.6666666865348816,,,,,train
QJCDZCllSYQ,0,,0.0,,,,,train
QLEOYF7Mju0,0,,0.6666666865348816,,,,,train
QLI-OnegxFM,0,,0.0,,,,,train
QMAztkqnvws,0,,0.3333333432674408,,,,,train
QMEgjkpyVzQ,0,,1.0,,,,,train
QNxiqu1y1N0,0,,0.0,,,,,train
QOxIdbNwpx0,0,,1.0,,,,,train
QP2CjKap818,0,,0.3333333432674408,,,,,train
QQVRIGEUa,Q,,0.3333333432674408,,,,,train
QUpI5kMw,nA,,0.3333333432674408,,,,,train
QVyxySAaehE,0,,1.3333333730697632,,,,,train
QWaUvAL-yiA,0,,0.0,,,,,train
QWll4lS1qqI,0,,1.6666666269302368,,,,,train
QWzIJuhLLrc,0,,0.0,,,,,train
QXPOQW2tRBs,0,,1.3333333730697632,,,,,train
QXXexH-ow,k,,-1.3333333730697632,,,,,train
QYp0lGhyL6A,0,,0.6666666865348816,,,,,train
Q,py5n2fQXw,,1.6666666269302368,,,,,train
Qa6Yz62V-Yc,0,,0.6666666865348816,,,,,train
QbJiphIpzYc,0,,1.3333333730697632,,,,,train
Qe4AT670hq4,0,,-0.6666666865348816,,,,,train
Qfa1fY,07bQ,,0.6666666865348816,,,,,train
QjcQx8,PQfw,,1.0,,,,,train
QkMTYY69JYQ,0,,1.3333333730697632,,,,,train
QnYlpSeVOYo,0,,0.0,,,,,train
QoIsjc4-GIg,0,,0.3333333432674408,,,,,train
QpchvHpGFc8,0,,0.3333333432674408,,,,,train
QxU625Hn370,0,,0.0,,,,,train
QzdEjKQFisQ,0,,-1.3333333730697632,,,,,train
R-17BoOk4kc,0,,2.3333332538604736,,,,,train
R-HKj8Yn06k,0,,0.6666666865348816,,,,,train
R0o37yJ1PP0,0,,0.6666666865348816,,,,,train
R0uRDh-engU,0,,0.3333333432674408,,,,,train
R5a3TP-l,n4,,1.0,,,,,train
R7IkQVUuLew,0,,0.6666666865348816,,,,,train
R8Kw,4Y9E0s,,0.6666666865348816,,,,,train
R8leu0tEJ4o,0,,0.0,,,,,train
R9xTBw3MCWI,0,,1.0,,,,,train
R9ypacCuEZo,0,,0.6666666865348816,,,,,train
RAiO,rChmdU,,0.0,,,,,train
RArhIHk4Qs4,0,,0.0,,,,,train
RB3HA-ZMtFw,0,,0.3333333432674408,,,,,train
RChkXDS8ulE,0,,-1.0,,,,,train
RE-LIPOFnrE,0,,0.0,,,,,train
REkPZ77s3Vc,0,,0.0,,,,,train
RIAEgUKtzxw,0,,2.6666667461395264,,,,,train
RImmdklTOW0,0,,0.3333333432674408,,,,,train
RKP6j28FCWE,0,,1.0,,,,,train
RLHZ6xtIWSM,0,,-1.0,,,,,train
ROC2YI3tDsk,0,,0.3333333432674408,,,,,train
ROcTx5VEn7o,0,,0.3333333432674408,,,,,train
RRKez9BR-94,0,,1.0,,,,,train
RS5WM3q2ZZQ,0,,1.3333333730697632,,,,,train
RST6PgpsLws,0,,2.0,,,,,train
RTzDzj4NxIM,0,,1.0,,,,,train
RVC8l5hf2Eg,0,,0.3333333432674408,,,,,train
RXcI6PK37lM,0,,1.6666666269302368,,,,,train
RaTQZrdICKo,0,,0.0,,,,,train
RadU51t1kL0,0,,0.0,,,,,train
Rb1uzHNcYcA,0,,0.3333333432674408,,,,,train
RdExUaEIWIk,0,,0.0,,,,,train
RdOc70IrjJo,0,,0.3333333432674408,,,,,train
Rdf0Psjyrwc,0,,1.6666666269302368,,,,,train
RfKxYiFd-fs,0,,1.0,,,,,train
RgubFcmvgDE,0,,-0.6666666865348816,,,,,train
RmX9t,HY,,1.3333333730697632,,,,,train
RqOgkJbqFXg,0,,-0.6666666865348816,,,,,train
RrGpzInAwCg,0,,0.6666666865348816,,,,,train
RsE2gYghZ2s,0,,0.3333333432674408,,,,,train
Rse6laKf1i8,0,,1.6666666269302368,,,,,train
Rt9rN1ntS3E,0,,1.6666666269302368,,,,,train
Rugd2NMu4bA,0,,0.6666666865348816,,,,,train
RvIohowRPAk,0,,-0.3333333432674408,,,,,train
RvmTZVNAAuQ,0,,1.3333333730697632,,,,,train
Rw2pzFGosmw,0,,1.3333333730697632,,,,,train
RwcTz-tOIeo,0,,-0.3333333432674408,,,,,train
Ry2NJPd4N3s,0,,-0.6666666865348816,,,,,train
RzOFxDk26p0,0,,1.3333333730697632,,,,,train
S0ecaAi,CJo,,2.0,,,,,train
S21ApRNQ9Ko,0,,2.6666667461395264,,,,,train
S2znq3iRPwE,0,,1.0,,,,,train
S6S2XL0-ZpM,0,,0.0,,,,,train
S8yP6lBOdKo,0,,-1.3333333730697632,,,,,train
S9PDgK7fpJI,0,,-0.6666666865348816,,,,,train
SBFnCNzlynQ,0,,-0.3333333432674408,,,,,train
SCXp4l0CO4s,0,,0.0,,,,,train
SD6wphlw72U,0,,0.3333333432674408,,,,,train
SGsiGz2fdpo,0,,0.6666666865348816,,,,,train
SH0OYx3fR7s,0,,0.3333333432674408,,,,,train
SH0wXyhsx9s,0,,0.6666666865348816,,,,,train
SHa756SwGJQ,0,,0.3333333432674408,,,,,train
SI39azgVUR8,0,,-2.6666667461395264,,,,,train
SKTyBOhDX6U,0,,-0.3333333432674408,,,,,train
SLi2gT5H6m8,0,,-0.3333333432674408,,,,,train
SMr2DprlLu4,0,,2.0,,,,,train
SMzV26l6iA0,0,,1.0,,,,,train
SNBqe,JpZC4,,-0.3333333432674408,,,,,train
SO53x,pbou8,,2.0,,,,,train
SRP5FYP71Ng,0,,1.0,,,,,train
SSNrLu-eZiM,0,,1.0,,,,,train
STeqtJLakQQ,0,,-0.6666666865348816,,,,,train
SWHmteF5Rlk,0,,0.6666666865348816,,,,,train
SWhfaL7AdEc,0,,0.3333333432674408,,,,,train
SYQ,zv8dWng,,0.3333333432674408,,,,,train
SYnygYs-fAg,0,,0.3333333432674408,,,,,train
SZ7HK5ns6mE,0,,2.0,,,,,train
SZRxuS6fn9s,0,,-1.0,,,,,train
S,ISgjJR1bc,,0.0,,,,,train
S,mxvk4LEh0,,0.6666666865348816,,,,,train
S,tGoxSEh5Y,,0.0,,,,,train
SaNXCez-9iQ,0,,0.0,,,,,train
Sb2xMPwNKPo,0,,0.3333333432674408,,,,,train
Sb6ftNgzz9M,0,,0.6666666865348816,,,,,train
Sglx7douG,4,,0.0,,,,,train
ShgrdU9WAJE,0,,0.0,,,,,train
Sir2QeCh4B0,0,,-0.3333333432674408,,,,,train
SmftC-VAfYQ,0,,2.0,,,,,train
So3bPzg2bq0,0,,0.3333333432674408,,,,,train
Sq6DIhFxPqQ,0,,0.6666666865348816,,,,,train
SqAiJrvHXNA,0,,1.3333333730697632,,,,,train
SqofxdeEcjg,0,,1.3333333730697632,,,,,train
SqtZGF,f63s,,1.0,,,,,train
SrMN3rwvCsE,0,,0.3333333432674408,,,,,train
StgqrTr0JqU,0,,0.6666666865348816,,,,,train
SuIcJvERiFk,0,,0.3333333432674408,,,,,train
SuKnUzid-1g,0,,1.0,,,,,train
SwT0gh0V8fI,0,,-0.3333333432674408,,,,,train
SxbTZjZD0vU,0,,-0.6666666865348816,,,,,train
SzJf6viBWBg,0,,0.3333333432674408,,,,,train
T-8TvJcS78w,0,,1.3333333730697632,,,,,train
T-vqHR989bM,0,,-0.6666666865348816,,,,,train
T1icdxz0TNs,0,,1.3333333730697632,,,,,train
T4e4Ba1sRg0,0,,-2.0,,,,,train
TBCjKGYBNIo,0,,1.3333333730697632,,,,,train
TBwetweXRb4,0,,0.0,,,,,train
TFKgo5JlPro,0,,0.0,,,,,train
TH32jop4FiI,0,,0.3333333432674408,,,,,train
TJelZLbfT2A,0,,0.6666666865348816,,,,,train
TLPlduck5II,0,,-1.3333333730697632,,,,,train
TM7cHOHfF70,0,,0.0,,,,,train
TNwwVWA-oAE,0,,1.6666666269302368,,,,,train
TO5HjoK8Iu8,0,,1.3333333730697632,,,,,train
TSDC7CCyeGY,0,,0.3333333432674408,,,,,train
TUY83eDK5jc,0,,1.0,,,,,train
TUzD45ghy4k,0,,1.6666666269302368,,,,,train
TVhXqAI9gyA,0,,0.0,,,,,train
TWMFQED1Myk,0,,1.0,,,,,train
TWf0XFpXwfs,0,,0.0,,,,,train
TWszOxkOV0w,0,,-2.3333332538604736,,,,,train
TXCXFYIc3Yo,0,,1.3333333730697632,,,,,train
TXiOSZdaLJ8,0,,0.6666666865348816,,,,,train
TYJzg5IJN8o,0,,1.3333333730697632,,,,,train
TZXcQemh8n8,0,,-0.3333333432674408,,,,,train
Ta,IgA3XJ3s,,1.0,,,,,train
TahiuVpcROM,0,,0.6666666865348816,,,,,train
TbZPa,keawc,,0.3333333432674408,,,,,train
TcTGCIh6e5s,0,,0.6666666865348816,,,,,train
TdCfpMRiA1c,0,,0.0,,,,,train
Tdw0fJt0lco,0,,0.3333333432674408,,,,,train
Te-vgmYgGM4,0,,2.0,,,,,train
TfBVq9oWBmM,0,,0.6666666865348816,,,,,train
Tiq67-bAV3M,0,,0.0,,,,,train
TksWzxo81Mk,0,,1.3333333730697632,,,,,train
Tpdqfpuumg4,0,,0.0,,,,,train
TqMh7U3J4D4,0,,0.3333333432674408,,,,,train
TqQgIxR7thU,0,,0.0,,,,,train
TsfyeZ8hgwE,0,,0.3333333432674408,,,,,train
TtAyUQtmTLk,0,,-0.6666666865348816,,,,,train
TwFl4epL244,0,,0.0,,,,,train
TwTLsgfpKvA,0,,0.0,,,,,train
TxJjAK0WrOY,0,,0.3333333432674408,,,,,train
TxRS6vJ9ak0,0,,2.0,,,,,train
TxRtSItpGMo,0,,0.6666666865348816,,,,,train
U-KihZeIfKI,0,,0.6666666865348816,,,,,train
U2Ydtq6qvL0,0,,1.0,,,,,train
U4-u5NZLA,w,,0.3333333432674408,,,,,train
U6IqFbpM-VM,0,,1.6666666269302368,,,,,train
U8Ewftg,8CI,,-1.3333333730697632,,,,,train
U8VYG,g6yVE,,2.0,,,,,train
UF9OlX-QNHU,0,,1.0,,,,,train
UKVwc6I06x8,0,,1.3333333730697632,,,,,train
UK,IXtJ2BqI,,0.0,,,,,train
ULkFbie8g-I,0,,-0.6666666865348816,,,,,train
ULtBuI6nMaY,0,,0.0,,,,,train
UNLD7eYPzfQ,0,,-1.0,,,,,train
UPghCarcnMc,0,,0.0,,,,,train
URP2YlSNuZ4,0,,0.0,,,,,train
USkMa4Evv7U,0,,1.0,,,,,train
UTErYLpdAY0,0,,1.3333333730697632,,,,,train
UTNP1roJV3I,0,,0.0,,,,,train
UUukBV82P9A,0,,0.6666666865348816,,,,,train
UXvMaHD9kmA,0,,0.6666666865348816,,,,,train
Ua4g9q0r-dI,0,,0.3333333432674408,,,,,train
Uc-0G7RRxoY,0,,1.0,,,,,train
UcINGGuysBE,0,,1.0,,,,,train
UcV-bpksJi0,0,,0.0,,,,,train
Uc,6d-fkZEc,,0.0,,,,,train
UeOIb6s0pVM,0,,0.0,,,,,train
UfLMdSGGQVw,0,,1.3333333730697632,,,,,train
UgTM9y2rD38,0,,1.6666666269302368,,,,,train
UiPmjKggv1s,0,,-0.6666666865348816,,,,,train
Uiq0lf9ibF8,0,,0.0,,,,,train
UiurP5k-f1A,0,,1.0,,,,,train
UjT8pHMN8Q8,0,,0.3333333432674408,,,,,train
UjqA6KVW2m8,0,,-0.3333333432674408,,,,,train
UkqTwAuA8jI,0,,0.0,,,,,train
UlTJmndbGHM,0,,0.3333333432674408,,,,,train
UmB5c,QqUPs,,-0.3333333432674408,,,,,train
UtjenieM1Ak,0,,0.0,,,,,train
UtuTyW9pUN8,0,,0.0,,,,,train
UuR4Rw38v,U,,-1.0,,,,,train
Uu,XyXyKHAk,,-1.0,,,,,train
UvniNGPyeBc,0,,0.3333333432674408,,,,,train
Uw1nWfSuyo8,0,,0.3333333432674408,,,,,train
UweZVaFqruU,0,,0.3333333432674408,,,,,train
V0SvSPkiJUY,0,,2.3333332538604736,,,,,train
V27mmEkN80g,0,,0.0,,,,,train
V2X1NU5RkwY,0,,-0.6666666865348816,,,,,train
V5lfNohNlEg,0,,1.0,,,,,train
V7OFSHYcQD0,0,,-0.3333333432674408,,,,,train
VA6lVHlj5d0,0,,1.3333333730697632,,,,,train
VAFdgtqZz4g,0,,0.6666666865348816,,,,,train
VAXhC2U9-2A,0,,0.6666666865348816,,,,,train
VAr7gJydnys,0,,1.0,,,,,train
VCIe-4p0xoM,0,,0.0,,,,,train
VDjnKdFxuBE,0,,2.6666667461395264,,,,,train
VDkBM0ZG4q8,0,,0.3333333432674408,,,,,train
VIVkYG31Oas,0,,1.0,,,,,train
VLQgw-88v4Q,0,,0.0,,,,,train
VN1IPN1TL3Q,0,,-1.3333333730697632,,,,,train
VS7xSvno7NA,0,,-1.3333333730697632,,,,,train
VUrTT7xsrec,0,,1.0,,,,,train
VVZLA2neYyw,0,,0.3333333432674408,,,,,train
VVtx4IDsHZA,0,,-0.6666666865348816,,,,,train
VWik5oKP6IU,0,,-1.0,,,,,train
VXy21GwGs8o,0,,0.0,,,,,train
VZqkWIPmH6w,0,,1.0,,,,,train
Va54WZgPTdY,0,,-1.6666666269302368,,,,,train
VbSsGRXIwjc,0,,1.6666666269302368,,,,,train
VbV9S4svrTg,0,,1.0,,,,,train
VbmSzYg,lmg,,2.3333332538604736,,,,,train
VcZffwwL0bw,0,,1.3333333730697632,,,,,train
Vdf1McvE9ao,0,,0.6666666865348816,,,,,train
Ve-mmCM8TI0,0,,0.0,,,,,train
VgqI1KRnDSw,0,,0.6666666865348816,,,,,train
VhKJm,jiciU,,1.3333333730697632,,,,,train
VinxKpWioTo,0,,0.0,,,,,train
ViyQVpGW05w,0,,1.6666666269302368,,,,,train
Viz5vDE39y8,0,,0.3333333432674408,,,,,train
VjAvqFXEmmk,0,,0.0,,,,,train
Vlas-mPydcg,0,,1.6666666269302368,,,,,train
VoETCD8fBLI,0,,1.0,,,,,train
VsXGwSZazwA,0,,1.3333333730697632,,,,,train
Vuay0mVKkik,0,,1.0,,,,,train
VugBIVwSmaI,0,,0.0,,,,,train
Vv2DTPyyw90,0,,0.0,,,,,train
Vw4-ae-ucHE,0,,-0.3333333432674408,,,,,train
VwGPIUNayKM,0,,0.0,,,,,train
VwvptdTkwEE,0,,-1.3333333730697632,,,,,train
Vx8npmcFxak,0,,-1.3333333730697632,,,,,train
VybXjsmsjAY,0,,0.0,,,,,train
VzDXgBOe5iI,0,,0.0,,,,,train
W-pA0lOGLR0,0,,1.0,,,,,train
W-ptEZFARVo,0,,0.3333333432674408,,,,,train
W-q9bPlMIVI,0,,0.3333333432674408,,,,,train
W1CWpktWtTs,0,,1.0,,,,,train
W40BaML7mzc,0,,1.0,,,,,train
W53uRqITk2I,0,,0.6666666865348816,,,,,train
WANirpnKa4w,0,,0.3333333432674408,,,,,train
WAXJRnJXmOA,0,,-1.0,,,,,train
WBA79Q3e,PU,,1.0,,,,,train
WBCRTcMJZZc,0,,0.0,,,,,train
WGfGxoI05ew,0,,2.3333332538604736,,,,,train
WHUHTmtBJWU,0,,0.0,,,,,train
WJ2QF4Kw9Y8,0,,-0.3333333432674408,,,,,train
WJM8u2I2rQ4,0,,0.0,,,,,train
WMzvDL7b4sM,0,,0.6666666865348816,,,,,train
WQFRctNL8AA,0,,0.0,,,,,train
WSjlhBDxNW8,0,,1.0,,,,,train
WTF9xgqLIvI,0,,1.6666666269302368,,,,,train
WUeSV0Z23Kg,0,,-0.3333333432674408,,,,,train
WXKgBIiP8IA,0,,0.0,,,,,train
WYSomBHdl4c,0,,1.6666666269302368,,,,,train
WZVfvgTeFPo,0,,1.3333333730697632,,,,,train
WaaSYRPwQBw,0,,-0.3333333432674408,,,,,train
WbtsuXkaGeg,0,,0.6666666865348816,,,,,train
We5nTulz1Vs,0,,0.0,,,,,train
WfNiQBXmPw8,0,,0.0,,,,,train
Wfn7XvSEwUA,0,,1.3333333730697632,,,,,train
WgI8IbJtXHw,0,,0.0,,,,,train
Wh6sht7xwqQ,0,,0.3333333432674408,,,,,train
WmQF5RmbsVQ,0,,0.0,,,,,train
Wmhif6hmPTQ,0,,0.0,,,,,train
Wn8nz8GPKkI,0,,0.3333333432674408,,,,,train
Wnw1IAEDwDM,0,,0.0,,,,,train
Wo1RxRjXyYw,0,,1.3333333730697632,,,,,train
WoL4fCxGd8Q,0,,0.0,,,,,train
WovurMxG2Aw,0,,0.6666666865348816,,,,,train
Wrcf2xtqbkQ,0,,0.3333333432674408,,,,,train
WtiBpLt2wuA,0,,0.0,,,,,train
Wu-wQTmxRgo,0,,0.6666666865348816,,,,,train
WuaoxGAKue0,0,,-0.3333333432674408,,,,,train
Wx9nThz5z,Y,,0.0,,,,,train
WxYb2x,irTM,,0.3333333432674408,,,,,train
WxajvjGKz7Y,0,,0.6666666865348816,,,,,train
WygyVNL,qdE,,2.0,,,,,train
X0jMZoxUL2A,0,,-0.3333333432674408,,,,,train
X2Hs89fZ2-c,0,,0.3333333432674408,,,,,train
X2leyjuolDM,0,,0.3333333432674408,,,,,train
X3p50qqFW,w,,0.6666666865348816,,,,,train
X6-jJO00DMg,0,,0.0,,,,,train
X6N7UEFJLNY,0,,0.3333333432674408,,,,,train
X7-Gbk8gAD0,0,,0.6666666865348816,,,,,train
XAT2IfFFAU0,0,,0.0,,,,,train
XAazxiP6tP0,0,,0.0,,,,,train
XAgD-xoil40,0,,0.0,,,,,train
XCyngF93SmU,0,,0.0,,,,,train
XDVit9ASVUg,0,,0.3333333432674408,,,,,train
XDVkhOziCkg,0,,2.3333332538604736,,,,,train
XEZ7e4pf1xE,0,,0.0,,,,,train
XFGHTk,3hGg,,0.3333333432674408,,,,,train
XFJQJb0yaKY,0,,1.0,,,,,train
XIGpuL-Kkyk,0,,0.0,,,,,train
XKyumlBmix8,0,,0.0,,,,,train
XLjpZUsFEXo,0,,1.3333333730697632,,,,,train
XPoY4LD-A1I,0,,0.0,,,,,train
XQOUZhWI1B0,0,,-3.0,,,,,train
XQxnAPleuCE,0,,0.0,,,,,train
XVSDfgstFUQ,0,,1.6666666269302368,,,,,train
XVWiAArXYpE,0,,-0.3333333432674408,,,,,train
XWIp0zH3qDM,0,,1.0,,,,,train
XXvSLz8QmGk,0,,1.6666666269302368,,,,,train
X,TusmBIlC0,,0.0,,,,,train
Xa086gxLJ3Y,0,,0.3333333432674408,,,,,train
XaVYxIW0FDg,0,,0.3333333432674408,,,,,train
XadAy93f1P8,0,,0.0,,,,,train
XbkYA-iXUwA,0,,0.0,,,,,train
XblL7mcdDdg,0,,0.0,,,,,train
XbolrpSc0KU,0,,0.0,,,,,train
XcHLB-qfv5M,0,,0.0,,,,,train
Xe-keAcLge0,0,,0.0,,,,,train
XgT2WWcXip4,0,,0.0,,,,,train
XlTYSOaZ,vM,,1.0,,,,,train
XnPnlRQXSkM,0,,0.0,,,,,train
Xo6-V2RlWss,0,,1.6666666269302368,,,,,train
Xq7zLxYHxd8,0,,0.0,,,,,train
XrNaL-MTjXg,0,,0.6666666865348816,,,,,train
XsEPZydHWdo,0,,1.3333333730697632,,,,,train
XwOdPYlyqXA,0,,0.6666666865348816,,,,,train
Xx7Y2YIbleA,0,,0.6666666865348816,,,,,train
Xy57UpKRNEo,0,,0.0,,,,,train
XyBU,gZtU0M,,0.0,,,,,train
XyP8bVmGX6M,0,,1.0,,,,,train
XytBlo2R5Yg,0,,2.0,,,,,train
XzVapdEr,GY,,0.3333333432674408,,,,,train
XzhRYIeczg4,0,,1.0,,,,,train
Y2F51I-dzAg,0,,-0.3333333432674408,,,,,train
Y4izAQYtGEw,0,,0.3333333432674408,,,,,train
Y6s,vuUUsJM,,-0.3333333432674408,,,,,train
Y6zyM1nDhN0,0,,0.0,,,,,train
Y7h-S3cJ52o,0,,0.0,,,,,train
Y7qkyMyanjU,0,,0.0,,,,,train
Y8dI1GTWCk4,0,,0.3333333432674408,,,,,train
Y9fvHRNz2Bs,0,,0.3333333432674408,,,,,train
YAYfMkxhRiQ,0,,-0.6666666865348816,,,,,train
YB9EUgrzCCo,0,,-2.0,,,,,train
YCEllKyaCrc,0,,0.3333333432674408,,,,,train
YCI-ZzclIPQ,0,,0.0,,,,,train
YD5vqR15nco,0,,0.0,,,,,train
YEOU4KFDjZo,0,,0.0,,,,,train
YF3mDOuF46M,0,,0.0,,,,,train
YGeVGXXK3ao,0,,0.0,,,,,train
YITXOmhQhYE,0,,1.6666666269302368,,,,,train
YJJoYkFPmds,0,,0.0,,,,,train
YLA7h1RTa9w,0,,-1.3333333730697632,,,,,train
YLK58srjhNI,0,,-1.0,,,,,train
YQUutkMdLj0,0,,-1.6666666269302368,,,,,train
YQZPnHZRp1w,0,,0.3333333432674408,,,,,train
YQanVofsHoE,0,,0.6666666865348816,,,,,train
YRbtXb9fWmI,0,,0.0,,,,,train
YRmjALBdTdE,0,,0.0,,,,,train
YUNxD04EvfE,0,,0.6666666865348816,,,,,train
YVBsDJtAbk4,0,,-0.3333333432674408,,,,,train
YVHJpAROBvQ,0,,0.6666666865348816,,,,,train
YWjTWl0oNLk,0,,-0.6666666865348816,,,,,train
YWxvIFmYnNU,0,,-0.3333333432674408,,,,,train
YY2yjEEoB3U,0,,0.3333333432674408,,,,,train
YbuG8xyUO-o,0,,0.6666666865348816,,,,,train
YcJ5RJYUr7Y,0,,2.3333332538604736,,,,,train
YcyHQQXGXWA,0,,1.3333333730697632,,,,,train
YfxtwXXkCmc,0,,0.0,,,,,train
YgyeyooSz0g,0,,-0.3333333432674408,,,,,train
YgyqX4aZ4tE,0,,-0.3333333432674408,,,,,train
Yi6Qyn4X8is,0,,0.3333333432674408,,,,,train
YjNYBBs1AZw,0,,0.6666666865348816,,,,,train
YmGfjU5PGyE,0,,0.3333333432674408,,,,,train
Yn8vNC41UMg,0,,0.6666666865348816,,,,,train
YodtMIsjM0c,0,,-0.3333333432674408,,,,,train
YqHEmUKUy-E,0,,1.0,,,,,train
YrPXbGBvqGo,0,,0.3333333432674408,,,,,train
YsMM,1R1vtw,,1.3333333730697632,,,,,train
Z-26eyME6Co,0,,-0.3333333432674408,,,,,train
Z3fcd1wdzr0,0,,0.0,,,,,train
Z4iYSMMMycQ,0,,0.0,,,,,train
Z7L3V5bwzI0,0,,-1.0,,,,,train
ZDz8Qr-sJ3E,0,,-0.3333333432674408,,,,,train
ZHUFlEgKk-w,0,,-0.3333333432674408,,,,,train
ZJGzEeDXbyM,0,,0.6666666865348816,,,,,train
ZKErPftd--w,0,,-0.3333333432674408,,,,,train
ZKKNd0zR8Io,0,,0.0,,,,,train
ZKZ8UjaQQT4,0,,0.0,,,,,train
ZLCK8WX6qFQ,0,,1.0,,,,,train
ZMAoUt0SD7E,0,,0.0,,,,,train
ZQaGGpcIPHM,0,,0.3333333432674408,,,,,train
ZQuGizjoCTY,0,,0.0,,,,,train
ZRic9ygn9f8,0,,0.3333333432674408,,,,,train
ZS1Nb0OWYNE,0,,0.0,,,,,train
ZSBoSJaD2tQ,0,,0.0,,,,,train
ZUqTWOx9jYU,0,,0.3333333432674408,,,,,train
ZW4Oe,fKJM0,,1.6666666269302368,,,,,train
ZXHX,e6HCI0,,0.6666666865348816,,,,,train
ZXQkyX6prBQ,0,,1.6666666269302368,,,,,train
ZZ1IyZaMTWQ,0,,2.0,,,,,train
ZZzdvUdOTww,0,,0.0,,,,,train
Zae-zQ3VBpY,0,,1.0,,,,,train
ZaoFHcbRM9g,0,,0.0,,,,,train
Zb7bdrjWyEY,0,,-2.3333332538604736,,,,,train
ZbVa-a2tNFM,0,,0.6666666865348816,,,,,train
ZcFzcd4ZoMg,0,,0.0,,,,,train
ZdX9sUd3bAI,0,,2.6666667461395264,,,,,train
ZeH7gZw94k0,0,,1.6666666269302368,,,,,train
ZfQYEa2fHGo,0,,0.6666666865348816,,,,,train
Zg9DKOHJdw8,0,,0.3333333432674408,,,,,train
ZiM,gkdFGJk,,1.0,,,,,train
Zj,4YmbMWtg,,1.0,,,,,train
ZjsQqd6KZIg,0,,0.3333333432674408,,,,,train
ZltpfWh2aIw,0,,1.6666666269302368,,,,,train
ZmAIDJ,gcXM,,0.6666666865348816,,,,,train
Zo8jCDGMWjw,0,,0.6666666865348816,,,,,train
Zr3psuFQoDY,0,,-0.6666666865348816,,,,,train
Zs8x712Y-CM,0,,0.0,,,,,train
ZsLrKF7,Oos,,0.6666666865348816,,,,,train
ZtocGyL3Tfc,0,,0.0,,,,,train
ZtuTCuh9C1M,0,,1.6666666269302368,,,,,train
Zvisaa77Cng,0,,-0.6666666865348816,,,,,train
ZzL2sHtTWRc,0,,0.3333333432674408,,,,,train
ZznoGQVwTtw,0,,-0.6666666865348816,,,,,train
,0efYOjQYRc,,0.3333333432674408,,,,,train
,1nvuNk7EFY,,-0.3333333432674408,,,,,train
,26JmJnPKfM,,1.3333333730697632,,,,,train
,2u0MkRqpjA,,0.3333333432674408,,,,,train
,4K620KW,,-0.3333333432674408,,,,,train
,4PNh8dIILI,,1.3333333730697632,,,,,train
,7HVhnSYX1Y,,1.6666666269302368,,,,,train
,8pvMpMdGM4,,0.3333333432674408,,,,,train
,BMdEKNF5Js,,0.6666666865348816,,,,,train
,BXmhCPTQmA,,1.6666666269302368,,,,,train
,BtdwH6mfWg,,2.0,,,,,train
,BvNNdEkhZA,,0.0,,,,,train
,HabvL0VnrQ,,0.0,,,,,train
,HanACduNJk,,-1.0,,,,,train
,JcML8u5Wes,,0.6666666865348816,,,,,train
,K0okiLaF9I,,-2.3333332538604736,,,,,train
,KGd7IpX3B4,,1.0,,,,,train
,MGd6t9eZP8,,-0.3333333432674408,,,,,train
,OmWVs0-6UM,,0.0,,,,,train
,PJ26YwqRJE,,1.0,,,,,train
,PKP676ez2c,,1.0,,,,,train
,UNQDdiAbWI,,0.0,,,,,train
,Vp4SDp,,1.6666666269302368,,,,,train
,WA0HtVEe8U,,-0.3333333432674408,,,,,train
,WkXQNVLQXs,,0.6666666865348816,,,,,train
,XWUKMkxa-Q,,1.0,,,,,train
,YzIvwvyIq4,,1.0,,,,,train
,ZlF5Q9W1DM,,0.3333333432674408,,,,,train
,aJghSQmxD8,,0.6666666865348816,,,,,train
,aZDaIfGfPo,,1.3333333730697632,,,,,train
,bIJOxiIJFk,,0.3333333432674408,,,,,train
,gr7o5ynhnw,,2.3333332538604736,,,,,train
,gzYkdjNvPc,,-0.3333333432674408,,,,,train
,iRAn6feOmw,,0.3333333432674408,,,,,train
,iy7ftq27xE,,0.3333333432674408,,,,,train
,on,,0.0,,,,,train
,q7DM8WkzAQ,,1.0,,,,,train
,qVgNLJCYdA,,0.0,,,,,train
,t8ETpf2LnM,,0.0,,,,,train
,tBaGXNwlp0,,0.0,,,,,train
,v8c7iWkYz0,,0.6666666865348816,,,,,train
,xjBqNfiEY4,,2.0,,,,,train
a-WihYDk6vc,0,,0.3333333432674408,,,,,train
a4PHWxILDp0,0,,0.0,,,,,train
a4vRa-,nuJw,,1.3333333730697632,,,,,train
a5CSKvCAhbs,0,,0.0,,,,,train
a5FKWiI90hk,0,,0.3333333432674408,,,,,train
a7HHg,JygJo,,0.6666666865348816,,,,,train
a8UMRrUjavI,0,,-0.6666666865348816,,,,,train
a8WV5KEMKSw,0,,-1.0,,,,,train
aCwLQrJz4Bo,0,,1.3333333730697632,,,,,train
aDvgbBqTWWE,0,,0.0,,,,,train
aE-X,QdDaqQ,,2.0,,,,,train
aE7sckIAWuw,0,,-1.3333333730697632,,,,,train
aEaM,LOI-BM,,-0.3333333432674408,,,,,train
aFZIvp3SgHY,0,,0.0,,,,,train
aFhT0px8AMw,0,,2.3333332538604736,,,,,train
aFhc2ddipoM,0,,0.3333333432674408,,,,,train
aFjMWlR1QAY,0,,-0.6666666865348816,,,,,train
aI1tdJPHz2I,0,,0.0,,,,,train
aIUF3QJJOF4,0,,1.0,,,,,train
aK5tRCXjUvU,0,,2.0,,,,,train
aKPfbyW-Qxw,0,,2.0,,,,,train
aMtFBGh2wKI,0,,-1.0,,,,,train
aNOuoSVlunM,0,,0.0,,,,,train
aWwjhcYLbRw,0,,1.6666666269302368,,,,,train
aXla94xd,AQ,,2.3333332538604736,,,,,train
aYdMtEO0cbI,0,,1.3333333730697632,,,,,train
aZjCq,hv2Pk,,0.0,,,,,train
aa0J1AXSseY,0,,0.3333333432674408,,,,,train
aa2MEQ6FL7k,0,,-0.3333333432674408,,,,,train
absh1hsZeF0,0,,-0.6666666865348816,,,,,train
afCsKTHteg4,0,,1.6666666269302368,,,,,train
afDJvn5nmtY,0,,0.0,,,,,train
ahG9c,uaf8s,,0.0,,,,,train
ahcAFnY6iAY,0,,0.0,,,,,train
ai7G98thPpk,0,,-1.0,,,,,train
aiJg0jtIHOM,0,,0.0,,,,,train
aiUq5xksJy0,0,,0.0,,,,,train
ak7N0BqMluI,0,,-0.3333333432674408,,,,,train
amem5EmRG3s,0,,2.3333332538604736,,,,,train
an,GzG40hcE,,0.6666666865348816,,,,,train
ap465Tlzf88,0,,0.3333333432674408,,,,,train
aqmRPNfeOy8,0,,0.3333333432674408,,,,,train
asWraTfIqq0,0,,0.6666666865348816,,,,,train
assx,NKo-L8,,0.3333333432674408,,,,,train
atxoi7pB5TM,0,,0.0,,,,,train
auTpzciNgls,0,,0.6666666865348816,,,,,train
avW2m6VHTyg,0,,1.3333333730697632,,,,,train
axQ5CDRawO0,0,,0.0,,,,,train
b-FX9NOVQOM,0,,0.0,,,,,train
b1Il3Nf6BrU,0,,-1.0,,,,,train
b1LEcg6z66g,0,,-0.6666666865348816,,,,,train
b7DK08bWU6c,0,,0.3333333432674408,,,,,train
b86B3hP8ARM,0,,0.0,,,,,train
b8xmgi4VV0M,0,,0.6666666865348816,,,,,train
b92iw0OAnI4,0,,-0.3333333432674408,,,,,train
bAkUEnPoucg,0,,1.6666666269302368,,,,,train
bBJ0BxmIocQ,0,,1.6666666269302368,,,,,train
bCBMKwafZKY,0,,0.6666666865348816,,,,,train
bCDfIJ12oqM,0,,1.0,,,,,train
bD0FqMn1KXw,0,,1.3333333730697632,,,,,train
bDwAuRFciJM,0,,0.6666666865348816,,,,,train
bEXCrGIOoWU,0,,1.0,,,,,train
bI3DTH2yTbM,0,,-0.3333333432674408,,,,,train
bJI7-LnKPH4,0,,-0.3333333432674408,,,,,train
bMuoPr5-Yt4,0,,-1.3333333730697632,,,,,train
bNQOeiAotbk,0,,2.3333332538604736,,,,,train
bNQkb4K5DX0,0,,1.3333333730697632,,,,,train
bQ8QteHvrEk,0,,1.0,,,,,train
bQcJVJcpgAs,0,,2.0,,,,,train
bU6CgE,kMRY,,-0.3333333432674408,,,,,train
bUFAN2TgPaU,0,,1.0,,,,,train
bVhWpCvpSs4,0,,0.0,,,,,train
bWmrrWQOVCM,0,,0.3333333432674408,,,,,train
bWunvAd96zI,0,,0.0,,,,,train
bYt4wybVLRQ,0,,1.6666666269302368,,,,,train
bZ2ytqPtyK4,0,,2.0,,,,,train
b,SffSbPVJM,,-1.6666666269302368,,,,,train
babuyKl7EAw,0,,0.6666666865348816,,,,,train
badtXoOJaf8,0,,-1.3333333730697632,,,,,train
bcns0Gu66D8,0,,0.0,,,,,train
bdFCD-3BCRg,0,,0.3333333432674408,,,,,train
bdtwQxwySN0,0,,0.0,,,,,train
bfy28AlY-TQ,0,,0.6666666865348816,,,,,train
bge5PUG3G4A,0,,0.3333333432674408,,,,,train
bh4,Kd4hhd4,,0.6666666865348816,,,,,train
bhFK-xy76U4,0,,0.6666666865348816,,,,,train
bhPB19tr-JY,0,,2.0,,,,,train
bj9e8w4vNxo,0,,0.0,,,,,train
bkP-BNW4oMg,0,,1.3333333730697632,,,,,train
bkX5FOX22Tw,0,,0.0,,,,,train
bnzVR2ETQQ8,0,,-0.3333333432674408,,,,,train
bpvYdXVlgvc,0,,-1.3333333730697632,,,,,train
bvycs3BXtx0,0,,-1.3333333730697632,,,,,train
bzPFUVGPS3c,0,,0.0,,,,,train
c1a1y9ytHH0,0,,0.3333333432674408,,,,,train
c5-L8vC6,sk,,2.0,,,,,train
c5AJbOd794U,0,,0.0,,,,,train
c5VEvmutmVg,0,,1.6666666269302368,,,,,train
c5cB7AfVgcE,0,,1.3333333730697632,,,,,train
c5zxqITn3ZM,0,,0.3333333432674408,,,,,train
c6wuh0NRG1s,0,,0.0,,,,,train
c7xUcM68IFE,0,,-0.3333333432674408,,,,,train
c805Td8A,Ek,,1.0,,,,,train
c9hE1ghElrM,0,,0.0,,,,,train
c9jD33baJ60,0,,0.0,,,,,train
cAA2mONG98w,0,,0.6666666865348816,,,,,train
cEXJ2zFbC9I,0,,0.0,,,,,train
cHBRDdSXLtU,0,,-1.6666666269302368,,,,,train
cHrOisasWLU,0,,-0.3333333432674408,,,,,train
cKUPgzZu-Fk,0,,0.3333333432674408,,,,,train
cKldvZeyRDA,0,,-1.3333333730697632,,,,,train
cKxNJY7sA8s,0,,0.3333333432674408,,,,,train
cM1Zuji24dI,0,,0.0,,,,,train
cMUS4nhcKCQ,0,,1.0,,,,,train
cMsTvqU,-rc,,2.0,,,,,train
cOcNe3L4VAg,0,,1.3333333730697632,,,,,train
cRFiXLzcCOA,0,,1.6666666269302368,,,,,train
cR,KQlNhoNE,,0.6666666865348816,,,,,train
cS3BDGNDu,8,,-1.3333333730697632,,,,,train
cSrM5mHACmA,0,,1.0,,,,,train
cSraseCDilY,0,,0.0,,,,,train
cUm0TN3vXRc,0,,-1.3333333730697632,,,,,train
cW-aX4dPVfk,0,,0.3333333432674408,,,,,train
cWN1bibicHc,0,,0.6666666865348816,,,,,train
cX8FScpsfLE,0,,0.3333333432674408,,,,,train
cXu56oK462o,0,,0.3333333432674408,,,,,train
cY8DcaHXNNs,0,,0.3333333432674408,,,,,train
cZDAM6NjBzE,0,,2.0,,,,,train
cZVM4svwE90,0,,0.6666666865348816,,,,,train
c,FJuhSte8Q,,1.6666666269302368,,,,,train
caLWajc18Y4,0,,1.0,,,,,train
ce1ObTPlI38,0,,1.3333333730697632,,,,,train
cfX,iuhCbRY,,0.6666666865348816,,,,,train
cia8OM3Oe7Q,0,,2.0,,,,,train
cjgq9d8Zn9g,0,,1.0,,,,,train
cl1DNRGX578,0,,-0.6666666865348816,,,,,train
cmJW6mkspkI,0,,2.3333332538604736,,,,,train
cml9rShionM,0,,0.0,,,,,train
cn0WZ8-0Z1Y,0,,0.6666666865348816,,,,,train
cnllFPRyBFs,0,,0.0,,,,,train
ctAZf4sMBUQ,0,,1.6666666269302368,,,,,train
ctMCSUT2LlQ,0,,-0.6666666865348816,,,,,train
cuR-l2qCxBc,0,,0.6666666865348816,,,,,train
cyOSDKOxb1o,0,,0.6666666865348816,,,,,train
cyu1HhakSaQ,0,,1.6666666269302368,,,,,train
d-Uw,uZyUys,,-0.3333333432674408,,,,,train
d0QNH2vcDgU,0,,2.0,,,,,train
d1CDP6sMuLA,0,,1.6666666269302368,,,,,train
d38u9n5GOLM,0,,2.6666667461395264,,,,,train
d3EeIRaMbbk,0,,0.0,,,,,train
d3I7Ug-,3L0,,0.6666666865348816,,,,,train
d7Dz34-cZ74,0,,0.3333333432674408,,,,,train
d89Z,olwc2Y,,0.6666666865348816,,,,,train
d8BR6hsvzoY,0,,0.0,,,,,train
d99mfGIenCo,0,,1.0,,,,,train
dBWvtPeHpWM,0,,2.0,,,,,train
dCDAcBR505Q,0,,0.0,,,,,train
dDFyJp,OkeA,,1.6666666269302368,,,,,train
dEBug0QYayY,0,,1.0,,,,,train
dEDbm2ubVRQ,0,,-0.3333333432674408,,,,,train
dEXSb0CfodU,0,,0.0,,,,,train
dH0FmwvOzs0,0,,0.3333333432674408,,,,,train
dHk--ExZbHs,0,,1.0,,,,,train
dJ5MXl66-UQ,0,,0.6666666865348816,,,,,train
dLmtsRyRH4s,0,,0.3333333432674408,,,,,train
dLzsNc,hzkQ,,-0.3333333432674408,,,,,train
dOSyvhYsfFo,0,,1.0,,,,,train
dQ56b0bqmc8,0,,1.0,,,,,train
dR68gbeOWOc,0,,0.3333333432674408,,,,,train
dSax,7klbfE,,0.6666666865348816,,,,,train
dTcz1am1eUw,0,,0.3333333432674408,,,,,train
dWfgSGnd9zM,0,,1.3333333730697632,,,,,train
dXMAS2tIknw,0,,0.0,,,,,train
dYgmvmFegkQ,0,,0.3333333432674408,,,,,train
dYyg91d7zjY,0,,-1.6666666269302368,,,,,train
dZK01jhM27k,0,,0.6666666865348816,,,,,train
dZolFNqR-hA,0,,0.0,,,,,train
damyXH7mBic,0,,0.6666666865348816,,,,,train
dbH51F5Zqi4,0,,1.0,,,,,train
dbpGH5iP0GE,0,,0.3333333432674408,,,,,train
dcUlt6zk,S0,,0.6666666865348816,,,,,train
ddWHTdJz2O8,0,,-0.3333333432674408,,,,,train
ddix4XuaUlY,0,,0.6666666865348816,,,,,train
dlE05KC95uk,0,,0.3333333432674408,,,,,train
dqragS38hCk,0,,-1.6666666269302368,,,,,train
dsob2MgUPpA,0,,1.3333333730697632,,,,,train
dt641WxonBI,0,,0.3333333432674408,,,,,train
dxsPkcG-Q30,0,,1.0,,,,,train
dyZdiWNflko,0,,0.3333333432674408,,,,,train
dzSv6GwfF-0,0,,-0.3333333432674408,,,,,train
e-2QlzFeyNU,0,,1.3333333730697632,,,,,train
e0hYEr848TE,0,,0.6666666865348816,,,,,train
e0ltF8zpEcw,0,,-0.6666666865348816,,,,,train
e1E5W,ZefmY,,1.0,,,,,train
e7,2U4lm6TE,,2.0,,,,,train
eD5cScqaf6c,0,,2.6666667461395264,,,,,train
eE8Qr9fOvVA,0,,-1.3333333730697632,,,,,train
eFV7iFPYZB4,0,,2.3333332538604736,,,,,train
eJfT7-dDqzA,0,,0.6666666865348816,,,,,train
eJwZfdtlks8,0,,0.6666666865348816,,,,,train
eKQKEi2-0Ws,0,,0.0,,,,,train
eKRWfaizBO0,0,,0.3333333432674408,,,,,train
eMa6gbD7id0,0,,1.0,,,,,train
eOU,40p9RpA,,1.3333333730697632,,,,,train
eOiC1kb17P4,0,,1.3333333730697632,,,,,train
ePiz4zU6crI,0,,2.0,,,,,train
ePtlUYCdrNM,0,,0.3333333432674408,,,,,train
eQc5uI7FKCU,0,,1.0,,,,,train
eREud0qYR3s,0,,1.3333333730697632,,,,,train
eSHOcLD5T58,0,,0.0,,,,,train
eTCnM472-cQ,0,,0.0,,,,,train
eTn2P4wmFr4,0,,-1.6666666269302368,,,,,train
eUwbRLhV1vs,0,,1.0,,,,,train
eW1vgHE6FRM,0,,0.0,,,,,train
eY64P27khzk,0,,-0.3333333432674408,,,,,train
eYCiRWf2NHE,0,,1.3333333730697632,,,,,train
eZVcshSUD3Q,0,,0.3333333432674408,,,,,train
eaXDCknxPrU,0,,1.0,,,,,train
eeN7l4R3nPc,0,,0.3333333432674408,,,,,train
efLrpnuLwyU,0,,0.6666666865348816,,,,,train
ehZrOdw6PhA,0,,-0.3333333432674408,,,,,train
ejDe6hQWZOk,0,,0.0,,,,,train
emtvrtk-jsU,0,,0.6666666865348816,,,,,train
eo8L7lCTjDQ,0,,1.3333333730697632,,,,,train
ep3IasggD3k,0,,0.3333333432674408,,,,,train
erBIIKA6r5Y,0,,0.0,,,,,train
erNDEjQeox8,0,,0.0,,,,,train
esR-tOjT6KM,0,,0.6666666865348816,,,,,train
esnOE1LefKA,0,,0.3333333432674408,,,,,train
etPDgRjrnJ8,0,,0.0,,,,,train
evAswZ6m3hg,0,,-0.6666666865348816,,,,,train
ewBrNsyY82Q,0,,0.0,,,,,train
ex-dKshlXoY,0,,-0.6666666865348816,,,,,train
ey1lr8wFFDc,0,,0.6666666865348816,,,,,train
ezuWKsxPRSM,0,,1.0,,,,,train
f-VdKweez2U,0,,0.6666666865348816,,,,,train
f-ZNjqLlrm4,0,,1.0,,,,,train
f47bnEUrOvA,0,,1.0,,,,,train
f49boM5fb8U,0,,0.3333333432674408,,,,,train
f5k5cF80aUE,0,,1.6666666269302368,,,,,train
f6S2XNPIiFk,0,,2.6666667461395264,,,,,train
f8Puta8k8fU,0,,0.0,,,,,train
fB816aeHRFk,0,,0.0,,,,,train
fDYZINwIs,A,,1.0,,,,,train
fEm9AdLNrjk,0,,0.6666666865348816,,,,,train
fGYbbP8RDLQ,0,,0.0,,,,,train
fI9KptYFZeg,0,,-1.6666666269302368,,,,,train
fMUmdlzuc94,0,,0.0,,,,,train
fOxg1NstCHA,0,,0.0,,,,,train
fPsy1co,nuw,,2.0,,,,,train
fSOVk2cS-sY,0,,0.6666666865348816,,,,,train
fT6SrlsWV7M,0,,-0.6666666865348816,,,,,train
fTKe7E,4OCQ,,1.3333333730697632,,,,,train
fTNOAssiTYk,0,,0.3333333432674408,,,,,train
fU5AYkq0m9k,0,,0.3333333432674408,,,,,train
fVCDn6SdtVM,0,,-0.3333333432674408,,,,,train
fW1pK2L6RgM,0,,0.3333333432674408,,,,,train
fWAKek8jA5M,0,,-1.6666666269302368,,,,,train
fWOIAxzBQFY,0,,1.3333333730697632,,,,,train
f,ZJ7L14oYQ,,0.3333333432674408,,,,,train
faMq0C,wTpU,,0.0,,,,,train
faUvT7zfsyk,0,,1.0,,,,,train
faXGVcVcVsE,0,,1.3333333730697632,,,,,train
fbHlBmq7Ipo,0,,1.3333333730697632,,,,,train
fbSxct2JcKU,0,,0.3333333432674408,,,,,train
fcxbB7ybUfs,0,,0.0,,,,,train
fdK,tsvBXJ8,,1.0,,,,,train
fdc7iyzKvFQ,0,,0.3333333432674408,,,,,train
fe2CWCpdTF8,0,,0.6666666865348816,,,,,train
ffrJ91swyq0,0,,0.6666666865348816,,,,,train
fhADeWE5VgU,0,,1.0,,,,,train
fhY2vbnjuWY,0,,0.0,,,,,train
fi7g4GoK-z4,0,,0.0,,,,,train
fiXZqpbRYKk,0,,0.0,,,,,train
fjE2EZKgQm8,0,,0.0,,,,,train
flBtk736di4,0,,1.3333333730697632,,,,,train
flGZteJUNYU,0,,0.6666666865348816,,,,,train
flv4by3RYVk,0,,-2.0,,,,,train
fnFoRPqkQeo,0,,-0.6666666865348816,,,,,train
foXArPhK0xY,0,,1.0,,,,,train
frCWtiam4tE,0,,1.6666666269302368,,,,,train
frNJdG0GkYw,0,,0.0,,,,,train
fsBzpr4k3rY,0,,2.0,,,,,train
fsd1qPLA3kY,0,,-0.3333333432674408,,,,,train
fz-MzQcOBwQ,0,,2.3333332538604736,,,,,train
fzuTEKwNS94,0,,2.0,,,,,train
g6VJg6ycUk0,0,,0.3333333432674408,,,,,train
g8Cl74tS3oY,0,,-0.6666666865348816,,,,,train
g8NBNtY3cpU,0,,0.0,,,,,train
g99kISQbyuI,0,,-0.3333333432674408,,,,,train
g9rNhtFG9aU,0,,1.3333333730697632,,,,,train
gAMbkJk6gnE,0,,1.6666666269302368,,,,,train
gC,wF3uKFW0,,1.3333333730697632,,,,,train
gE7kUqMqQ9g,0,,-0.6666666865348816,,,,,train
gEgcpVY8WK4,0,,0.0,,,,,train
gFAOKuqpUq4,0,,0.0,,,,,train
gJdSxPhf85M,0,,-0.6666666865348816,,,,,train
gJjkCPO7iXg,0,,1.0,,,,,train
gKojBrXHhUc,0,,0.0,,,,,train
gL8h7lOPv1Q,0,,0.3333333432674408,,,,,train
gLTxaEcx41E,0,,0.0,,,,,train
gLdRUsLw4CA,0,,1.6666666269302368,,,,,train
gPWyANEm0eE,0,,0.3333333432674408,,,,,train
gR3igiwaeyc,0,,-0.3333333432674408,,,,,train
gR4gM,WXesQ,,0.6666666865348816,,,,,train
gRAmIaSlm80,0,,0.6666666865348816,,,,,train
gU7McujYYPY,0,,-1.0,,,,,train
gVqs4TzqySw,0,,0.3333333432674408,,,,,train
gXDRWhJbfFU,0,,2.3333332538604736,,,,,train
gXuiIWRxrw4,0,,0.6666666865348816,,,,,train
gZDyk95Xob4,0,,0.0,,,,,train
gZF-YNQHqwI,0,,0.0,,,,,train
gcFECfN4BCU,0,,1.0,,,,,train
gcGZp9JX,qE,,1.3333333730697632,,,,,train
gcpsSao7kHM,0,,0.0,,,,,train
ge071m9bGeY,0,,0.3333333432674408,,,,,train
gfHrSg3BwiQ,0,,0.6666666865348816,,,,,train
ggbV7YeSl7k,0,,0.3333333432674408,,,,,train
gjEYmdWrBLM,0,,0.6666666865348816,,,,,train
gjGL6YY6oMs,0,,0.0,,,,,train
gjSyl6evrWk,0,,2.6666667461395264,,,,,train
gm4l099casQ,0,,-0.6666666865348816,,,,,train
goMtnNHQ,z4,,0.0,,,,,train
gpn71-aKWwQ,0,,1.6666666269302368,,,,,train
gr8mzv2xZ2s,0,,-0.6666666865348816,,,,,train
gr9YU-UTJzQ,0,,0.0,,,,,train
grePRQ8zonA,0,,2.3333332538604736,,,,,train
grsV1YN1z5s,0,,0.6666666865348816,,,,,train
guRD0zQC6Q0,0,,1.3333333730697632,,,,,train
gv43BPYYxKQ,0,,-0.3333333432674408,,,,,train
gvjQ1XfMA,g,,0.3333333432674408,,,,,train
gvrfI9e5xHQ,0,,-0.3333333432674408,,,,,train
gzZ8NTeTzRs,0,,0.0,,,,,train
h1ZZHUU4j0k,0,,1.3333333730697632,,,,,train
h4LrwMn94ss,0,,0.0,,,,,train
h7p5URoookk,0,,0.0,,,,,train
hASTLbFHrEs,0,,-1.6666666269302368,,,,,train
hBzw4r0kfjA,0,,0.0,,,,,train
hCFV5VLgS0A,0,,-1.0,,,,,train
hE-sA5umuCk,0,,2.3333332538604736,,,,,train
hF6kFQPdBjY,0,,0.3333333432674408,,,,,train
hGRRlXfH0BY,0,,-0.6666666865348816,,,,,train
hI7ObFqn9Bg,0,,0.0,,,,,train
hIQhkTjNaQc,0,,0.0,,,,,train
hOp6I4jGvu4,0,,0.0,,,,,train
hSEfYcIjIr4,0,,1.0,,,,,train
hSgKOKK3L8M,0,,0.3333333432674408,,,,,train
hThsntvCk2s,0,,1.3333333730697632,,,,,train
hUBQrLjm4M4,0,,1.3333333730697632,,,,,train
hawztAtYHCE,0,,0.3333333432674408,,,,,train
hbJfSyJKBEA,0,,0.6666666865348816,,,,,train
hdLC4Ro977Q,0,,1.6666666269302368,,,,,train
he475nnmMi0,0,,0.0,,,,,train
hfK8QtTd7fo,0,,1.6666666269302368,,,,,train
hfVXx8hfKak,0,,2.0,,,,,train
hfvmQuhqMmY,0,,1.6666666269302368,,,,,train
hh04W3xXa5s,0,,1.0,,,,,train
hhK7q30p0Jk,0,,0.3333333432674408,,,,,train
hj1ph17-0jE,0,,-1.3333333730697632,,,,,train
hjBQmIWiWgw,0,,1.0,,,,,train
hkGN5q3OOCE,0,,0.6666666865348816,,,,,train
hlBOP5NskhM,0,,1.6666666269302368,,,,,train
hlYDicOj2m0,0,,0.3333333432674408,,,,,train
hmjfBZGGZR8,0,,1.0,,,,,train
hnSdAbnHDy4,0,,0.0,,,,,train
hntnelpiyl8,0,,1.3333333730697632,,,,,train
hp3nsb,eIc0,,0.0,,,,,train
hqzF4IDaIYE,0,,-1.3333333730697632,,,,,train
hrLoOAh,8LY,,1.0,,,,,train
huzEsVEJPaY,0,,0.6666666865348816,,,,,train
hvfaYsv7p8E,0,,-0.6666666865348816,,,,,train
hyazktfsZew,0,,0.0,,,,,train
hytnfm-AVaA,0,,0.3333333432674408,,,,,train
i5bmKlHv-SA,0,,0.6666666865348816,,,,,train
i5of7ZTkyfw,0,,0.0,,,,,train
i6UngvEEuNs,0,,-1.3333333730697632,,,,,train
i714Xt6eb1Y,0,,1.6666666269302368,,,,,train
iEOBNT0HFtU,0,,1.3333333730697632,,,,,train
iFGoQUh81as,0,,0.3333333432674408,,,,,train
iFj9wJaJSPE,0,,1.3333333730697632,,,,,train
iFxFTtCQ6zA,0,,-1.0,,,,,train
iH04VOkbof0,0,,0.0,,,,,train
iM3wSwoAtwk,0,,0.0,,,,,train
iMG962Rj3Vw,0,,2.0,,,,,train
iMss8xBhFiI,0,,1.6666666269302368,,,,,train
iO34hER47xA,0,,0.6666666865348816,,,,,train
iPPp6MCythU,0,,0.0,,,,,train
iQDB,OkAQWs,,0.0,,,,,train
iR1Os7FVGHs,0,,-0.6666666865348816,,,,,train
iREkcXde5ds,0,,0.0,,,,,train
iS91daVpH2E,0,,1.6666666269302368,,,,,train
iUXqlrui25c,0,,-0.6666666865348816,,,,,train
iWBx0CP9JqA,0,,0.3333333432674408,,,,,train
iXiMifHNKPI,0,,0.6666666865348816,,,,,train
iYtD,ArCdKw,,0.6666666865348816,,,,,train
icIS9VfbzMw,0,,-1.3333333730697632,,,,,train
icbUzboLcDQ,0,,-0.6666666865348816,,,,,train
iceSGs0MXaA,0,,1.0,,,,,train
icehEYAiimM,0,,0.6666666865348816,,,,,train
ieWQdiQAh4M,0,,0.3333333432674408,,,,,train
iex7I7iVnLk,0,,0.0,,,,,train
ihPjsliqz5o,0,,0.3333333432674408,,,,,train
ihuGFUrzD30,0,,0.6666666865348816,,,,,train
io85pRFj,dw,,0.6666666865348816,,,,,train
ioupaiAuRr0,0,,0.3333333432674408,,,,,train
ip8xwAr4MRE,0,,0.0,,,,,train
ipLoS44xfO4,0,,-1.3333333730697632,,,,,train
ixQbCXLUUj8,0,,0.6666666865348816,,,,,train
ixZAEncExWI,0,,-0.3333333432674408,,,,,train
izFBeXMTgds,0,,1.6666666269302368,,,,,train
j0br-fFy160,0,,0.3333333432674408,,,,,train
j1m6ctAgjsM,0,,0.6666666865348816,,,,,train
j4MpQ6CKoDE,0,,1.0,,,,,train
j6R1NTrosuM,0,,1.3333333730697632,,,,,train
j7fRIGphgtk,0,,0.0,,,,,train
j9mRv472dq0,0,,0.0,,,,,train
jD3iIEsc,K4,,1.6666666269302368,,,,,train
jE3gYsxr,5s,,0.0,,,,,train
jEQoBvc7V1o,0,,0.3333333432674408,,,,,train
jFNgOznarMo,0,,0.0,,,,,train
jFpRdhl3fgw,0,,-1.3333333730697632,,,,,train
jICmfLeFymA,0,,0.0,,,,,train
jLN6B0aSrW0,0,,-0.3333333432674408,,,,,train
jNdvceZ4etc,0,,1.6666666269302368,,,,,train
jPGDFrQLD4I,0,,-1.0,,,,,train
jPf0LjZAS14,0,,0.6666666865348816,,,,,train
jPrEKz1rAno,0,,0.6666666865348816,,,,,train
jPtaz1rN6lc,0,,0.0,,,,,train
jQ3EmbRIe58,0,,0.3333333432674408,,,,,train
jT3FSTBA8Us,0,,1.3333333730697632,,,,,train
jUKH63mltLE,0,,0.0,,,,,train
jV6qzF2YROc,0,,0.6666666865348816,,,,,train
jVayR0VClxQ,0,,-0.6666666865348816,,,,,train
jXQmVFcOiUI,0,,1.0,,,,,train
jXp595jj734,0,,1.3333333730697632,,,,,train
jYT3-RQFy1U,0,,-1.6666666269302368,,,,,train
jZTe5cbwwEE,0,,0.6666666865348816,,,,,train
jZe-2w7pkd8,0,,-0.6666666865348816,,,,,train
jZnFr-Mzj9M,0,,1.3333333730697632,,,,,train
jakiZQd4boM,0,,0.6666666865348816,,,,,train
jbJF3aphcP0,0,,1.6666666269302368,,,,,train
jbKDW9URnvM,0,,0.6666666865348816,,,,,train
jcQi90n008o,0,,1.0,,,,,train
jfSGWBfVNBI,0,,0.3333333432674408,,,,,train
jgNu58Da9cs,0,,-0.3333333432674408,,,,,train
jhb6SV2dQzg,0,,-1.0,,,,,train
jj8aSNPHMw8,0,,2.0,,,,,train
jjb1cWmkhI8,0,,0.0,,,,,train
jjbOD6u7V34,0,,-1.3333333730697632,,,,,train
jlCFLG6rKKY,0,,-0.6666666865348816,,,,,train
jlW4Iep4mmE,0,,0.0,,,,,train
jnG9zog4NCs,0,,0.0,,,,,train
jqKzaEniiKo,0,,0.0,,,,,train
jqutn5ou8,0,,0.6666666865348816,,,,,train
jrDqduyQrfo,0,,0.3333333432674408,,,,,train
jscKL5jS-SQ,0,,0.3333333432674408,,,,,train
juI9KoLA87A,0,,0.6666666865348816,,,,,train
jzNIU-w0MVo,0,,0.0,,,,,train
k0cGUNUHuyY,0,,-1.3333333730697632,,,,,train
k1BrzX5bc7U,0,,0.3333333432674408,,,,,train
k1ca,xbhohk,,0.3333333432674408,,,,,train
k4T6GaDrcjs,0,,0.6666666865348816,,,,,train
k5-3KuvCFms,0,,0.6666666865348816,,,,,train
k5ZOshC2LP4,0,,0.3333333432674408,,,,,train
k8NgVOCDYKM,0,,-0.3333333432674408,,,,,train
k8yDywC4gt8,0,,1.0,,,,,train
kCQqLNiO0mk,0,,1.0,,,,,train
kDyK9VGfLW8,0,,0.0,,,,,train
kI6jzM,aLGs,,1.3333333730697632,,,,,train
kKMfsWrigTE,0,,1.0,,,,,train
kKkZihSbxF4,0,,0.3333333432674408,,,,,train
kLAXmTx2xOA,0,,0.0,,,,,train
kM6wo2bb3nw,0,,1.0,,,,,train
kPch8YhNfPE,0,,0.3333333432674408,,,,,train
kPn-t6NSxfQ,0,,0.3333333432674408,,,,,train
kRs39SO-neY,0,,0.3333333432674408,,,,,train
kRsA87VU6EQ,0,,0.0,,,,,train
kSooCdVTI6E,0,,1.0,,,,,train
kU6YY2z7z0I,0,,1.3333333730697632,,,,,train
kXhJ3hHK9hQ,0,,0.6666666865348816,,,,,train
kXiBdruxTvE,0,,0.3333333432674408,,,,,train
kY64gXOapYk,0,,0.6666666865348816,,,,,train
kZfcQ4a0kx4,0,,2.0,,,,,train
kaudsLIvYC8,0,,1.6666666269302368,,,,,train
kbGhEJ4W44o,0,,1.3333333730697632,,,,,train
kbRtSmJM5aU,0,,0.0,,,,,train
kcIGTPHEsNo,0,,1.0,,,,,train
kddCewAsxfA,0,,0.6666666865348816,,,,,train
kf3fZcx8nIo,0,,-0.3333333432674408,,,,,train
kfsO4c0Ekes,0,,-0.3333333432674408,,,,,train
kg-W6-hP2Do,0,,0.3333333432674408,,,,,train
kh6eynD9OIk,0,,0.0,,,,,train
khw3YCTFLfs,0,,2.0,,,,,train
kiR5zVo2zvU,0,,1.6666666269302368,,,,,train
kj63uF0RhW8,0,,0.0,,,,,train
kjQAkrdbREk,0,,-2.3333332538604736,,,,,train
kk4gr5A6,Uw,,-0.6666666865348816,,,,,train
kkaX3okuvjI,0,,0.3333333432674408,,,,,train
kld9r0iFkWM,0,,1.3333333730697632,,,,,train
kmAisuAFckw,0,,-0.6666666865348816,,,,,train
kmgsC68hIL8,0,,1.6666666269302368,,,,,train
kpS4BXif,Sw,,0.3333333432674408,,,,,train
kqXpf26EL-s,0,,-1.6666666269302368,,,,,train
krHZuqfXrPU,0,,0.6666666865348816,,,,,train
ktblaVOnFVE,0,,0.6666666865348816,,,,,train
ku-dtUqCm2o,0,,-0.6666666865348816,,,,,train
kuQWPuhnlHs,0,,0.6666666865348816,,,,,train
kvUb78Rdzdc,0,,0.3333333432674408,,,,,train
kwkhYpCHWPw,0,,0.6666666865348816,,,,,train
kx544gnOZB0,0,,-0.6666666865348816,,,,,train
kxcCxbsKx3w,0,,1.6666666269302368,,,,,train
ky7Q5onqxGw,0,,0.0,,,,,train
kyPepNmxaj8,0,,0.0,,,,,train
kz7ahNfXFsk,0,,1.3333333730697632,,,,,train
kzmaKnujN64,0,,1.3333333730697632,,,,,train
l-nM,U1qpko,,-1.3333333730697632,,,,,train
l0vCKpk6Aes,0,,1.0,,,,,train
l1jW3OMXUzs,0,,-1.3333333730697632,,,,,train
l4oMbKDuW3Y,0,,-1.0,,,,,train
l5,DDqck4Rs,,0.3333333432674408,,,,,train
l8LTcZJ-,8k,,0.0,,,,,train
lD4xtQ6NpDY,0,,0.0,,,,,train
lEsFI5YJGDo,0,,1.3333333730697632,,,,,train
lKTeLK8nq8w,0,,1.0,,,,,train
lO6N9dyvPTA,0,,0.3333333432674408,,,,,train
lO87-4Kf0cQ,0,,1.3333333730697632,,,,,train
lTfsqoo-jKg,0,,-0.3333333432674408,,,,,train
lUNNDDsm7R8,0,,0.6666666865348816,,,,,train
lVj6ZdyW9pI,0,,-0.6666666865348816,,,,,train
lWXjdWvB0VI,0,,2.3333332538604736,,,,,train
lWf5hHRHIDs,0,,1.0,,,,,train
lWvaIexY2WU,0,,-1.6666666269302368,,,,,train
lYwgLa4R5XQ,0,,0.0,,,,,train
lawHYX5eB20,0,,-1.0,,,,,train
laxadgca3Fo,0,,0.6666666865348816,,,,,train
lbx3eu8LUl8,0,,0.3333333432674408,,,,,train
lc5bSoGlQwY,0,,0.3333333432674408,,,,,train
liJO1yIFsJs,0,,0.0,,,,,train
lilHOUfWrIA,0,,-0.3333333432674408,,,,,train
lkIe41StoGI,0,,0.6666666865348816,,,,,train
lkeVfgI0eEk,0,,0.6666666865348816,,,,,train
lksy-At0vxc,0,,1.6666666269302368,,,,,train
ll10nEjTvGE,0,,0.0,,,,,train
lo0R1mvjDT8,0,,0.0,,,,,train
lp9vkkimXqg,0,,1.3333333730697632,,,,,train
lpF-yBYou0s,0,,-0.6666666865348816,,,,,train
lrjm6F3JJgg,0,,1.3333333730697632,,,,,train
ltA1VF,DUSc,,0.0,,,,,train
luQfWSfb1s0,0,,1.3333333730697632,,,,,train
lwL4hjhkid4,0,,-1.6666666269302368,,,,,train
lxBKEPIUSgc,0,,-0.3333333432674408,,,,,train
ly3QDQDJzzQ,0,,0.0,,,,,train
lzVA--tIse0,0,,1.6666666269302368,,,,,train
lzyVWNrkgbQ,0,,-0.3333333432674408,,,,,train
m-7yRWZLwLY,0,,0.0,,,,,train
m0-DH0k115I,0,,1.3333333730697632,,,,,train
m7SJs73SF8w,0,,1.3333333730697632,,,,,train
m8tzdtrgFUA,0,,1.0,,,,,train
mHEtr7PHxoA,0,,0.3333333432674408,,,,,train
mHGaQ,nv9UY,,0.6666666865348816,,,,,train
mHIvH6Nnrls,0,,0.3333333432674408,,,,,train
mI50zj8cTNw,0,,0.0,,,,,train
mKP6TVuixWg,0,,-0.3333333432674408,,,,,train
mL2v-sODUZ8,0,,0.0,,,,,train
mLW-jn67gRE,0,,-0.6666666865348816,,,,,train
mLZZ174bqws,0,,0.0,,,,,train
mMeGgB9-hSE,0,,0.6666666865348816,,,,,train
mN1Z5xEOy10,0,,-1.3333333730697632,,,,,train
mNurUl,Q2UY,,0.0,,,,,train
mO4H5S,Q7aU,,1.0,,,,,train
mOnyMWhb5Ac,0,,0.3333333432674408,,,,,train
mQTaEIrNxnQ,0,,1.3333333730697632,,,,,train
mRPIse3OO74,0,,0.0,,,,,train
mRnEJOLkhp8,0,,0.0,,,,,train
mRqqH,gx7Q0,,1.3333333730697632,,,,,train
mSWwz7dXUP8,0,,2.3333332538604736,,,,,train
mVnqP-vLpuo,0,,0.6666666865348816,,,,,train
mW8eL4e7Wrg,0,,-0.3333333432674408,,,,,train
mXdvCxLbpuY,0,,0.3333333432674408,,,,,train
mZ,8em,,0.6666666865348816,,,,,train
maO6KmmgcB8,0,,-0.6666666865348816,,,,,train
mfpR4CN9LZo,0,,0.0,,,,,train
mgovo8VYtvk,0,,1.6666666269302368,,,,,train
mgpoY1-110U,0,,-0.6666666865348816,,,,,train
mgsvwAVQAQo,0,,-1.3333333730697632,,,,,train
mjQfQx2K,,,-1.0,,,,,train
mjYeEikLR8I,0,,-0.6666666865348816,,,,,train
mjpCK2Edsv8,0,,2.0,,,,,train
mkkoJ2iVbGs,0,,0.6666666865348816,,,,,train
mmg,eTDHjkk,,0.3333333432674408,,,,,train
mn8,HvzbN5c,,0.3333333432674408,,,,,train
mpfSRGHFY0g,0,,0.3333333432674408,,,,,train
mrQIrm6hYMQ,0,,0.3333333432674408,,,,,train
muOYAxkG-Zo,0,,0.3333333432674408,,,,,train
mud6tEqFiEM,0,,0.3333333432674408,,,,,train
mw,ZwML0SbY,,0.0,,,,,train
mxFU6TrHChY,0,,-0.6666666865348816,,,,,train
mxa4KXSz9rw,0,,0.6666666865348816,,,,,train
mzAu5gxjE-w,0,,0.3333333432674408,,,,,train
mzTHW2dtbs4,0,,0.6666666865348816,,,,,train
mziQcFSsdRI,0,,0.3333333432674408,,,,,train
n-sgVVTE9Io,0,,0.3333333432674408,,,,,train
n2BuwHbdilY,0,,0.3333333432674408,,,,,train
n4xRx0J3rYQ,0,,1.0,,,,,train
n5J1ZkGUGnU,0,,2.0,,,,,train
n5MU2-GFjo8,0,,-0.3333333432674408,,,,,train
n7K5SpMrQt0,0,,0.3333333432674408,,,,,train
nAhn8-kZpM8,0,,0.3333333432674408,,,,,train
nD1R4UedEDo,0,,0.0,,,,,train
nDXKvarLEOM,0,,-1.6666666269302368,,,,,train
nErOMpqvcRg,0,,1.6666666269302368,,,,,train
nF0AMbTH4VM,0,,-0.3333333432674408,,,,,train
nFTo-Lz4Fr8,0,,0.6666666865348816,,,,,train
nGah7qST1dI,0,,0.3333333432674408,,,,,train
nHMHePX9WoU,0,,0.6666666865348816,,,,,train
nHP7l5zAwGA,0,,1.6666666269302368,,,,,train
nISNBD3I95A,0,,0.6666666865348816,,,,,train
nKiC9sEP2vM,0,,1.0,,,,,train
nM5S3xxNOlQ,0,,0.0,,,,,train
nMCCLB9gOag,0,,1.3333333730697632,,,,,train
nNFDj9fRAqE,0,,1.6666666269302368,,,,,train
nQ7txb1MtG0,0,,0.3333333432674408,,,,,train
nTBKtwqPIYw,0,,0.3333333432674408,,,,,train
nTZSH0EwpnY,0,,0.3333333432674408,,,,,train
nUZYqTRSGDw,0,,-0.6666666865348816,,,,,train
nXWNHVZtV9A,0,,0.0,,,,,train
nZEPf7a8GbI,0,,-1.0,,,,,train
nZFPKP9kBkw,0,,0.3333333432674408,,,,,train
naZi9AusrW4,0,,-0.3333333432674408,,,,,train
namehdJxRIM,0,,0.0,,,,,train
nbru7qLot04,0,,2.0,,,,,train
ngp7s5Wvde0,0,,0.6666666865348816,,,,,train
nhD9WSEIspQ,0,,1.0,,,,,train
niX,m3aMxhQ,,-0.6666666865348816,,,,,train
nmWplIQhvoA,0,,2.0,,,,,train
npIVLL,fTf0,,1.6666666269302368,,,,,train
nsLACXjD4KU,0,,0.0,,,,,train
nw6Kf3AtCz4,0,,0.6666666865348816,,,,,train
nxksB2kDJ6o,0,,0.3333333432674408,,,,,train
nyzIL6YAonY,0,,0.3333333432674408,,,,,train
nz2vkMyqfeE,0,,0.0,,,,,train
o1cRmT9qnOc,0,,0.3333333432674408,,,,,train
o2XbNJDpOlc,0,,-0.3333333432674408,,,,,train
o2bNnLOEEC0,0,,-2.0,,,,,train
o2miCpS7Hwo,0,,1.6666666269302368,,,,,train
o4b7hjQwpv0,0,,0.3333333432674408,,,,,train
o5OsO6Aq9pA,0,,0.3333333432674408,,,,,train
o63doZKEIds,0,,0.6666666865348816,,,,,train
o6Cd9RmqdBc,0,,1.0,,,,,train
o7vcTMAX9fQ,0,,0.3333333432674408,,,,,train
o8OZGBDPD8M,0,,0.0,,,,,train
oANUXY3xXKM,0,,-1.0,,,,,train
oBS-IW-BO00,0,,0.0,,,,,train
oCsrnIomHos,0,,-0.3333333432674408,,,,,train
oDznO5w3v0U,0,,1.0,,,,,train
oGFDE-6nd7Q,0,,0.6666666865348816,,,,,train
oGnKsroR0R0,0,,2.0,,,,,train
oH9fMma8jiQ,0,,1.3333333730697632,,,,,train
oHV99Y,EWfI,,0.6666666865348816,,,,,train
oHff2W51wZ8,0,,1.3333333730697632,,,,,train
oK951Y2N,k0,,-0.3333333432674408,,,,,train
oNCvb0F-c88,0,,0.0,,,,,train
oNnoN0bxVnA,0,,1.0,,,,,train
oO61Ma17tRA,0,,-0.6666666865348816,,,,,train
oOhxCwkZsUI,0,,0.0,,,,,train
oPlnhc0DkcU,0,,0.6666666865348816,,,,,train
oPvUDLhTrjI,0,,1.0,,,,,train
oQizLbmte0c,0,,1.6666666269302368,,,,,train
oVqBUyKvgdU,0,,0.6666666865348816,,,,,train
oW1OEsP7Dds,0,,0.0,,,,,train
oWAyEzyp2xQ,0,,-0.3333333432674408,,,,,train
oZkWWCQw2Js,0,,0.0,,,,,train
oZxMx8e0x2U,0,,0.0,,,,,train
oaC1UATdtAg,0,,0.6666666865348816,,,,,train
obGF3RfWQKE,0,,2.0,,,,,train
obnOnuzb-Xw,0,,0.6666666865348816,,,,,train
oecQ9yDtfx0,0,,0.0,,,,,train
ogGweZUAVtU,0,,1.0,,,,,train
oj7A8mpuBeQ,0,,0.3333333432674408,,,,,train
olVQZV,1rdA,,0.6666666865348816,,,,,train
olcPEN9x5VY,0,,0.6666666865348816,,,,,train
omBcvw7izuM,0,,0.6666666865348816,,,,,train
omHQ68k50XY,0,,0.3333333432674408,,,,,train
ooAF6I-fmTg,0,,0.0,,,,,train
ooGB4BLK9PM,0,,0.0,,,,,train
opHUZsc2WO8,0,,0.3333333432674408,,,,,train
ossKC1VrusE,0,,1.0,,,,,train
otna1VHHCow,0,,1.0,,,,,train
ou6S6fbfBWU,0,,0.0,,,,,train
ouhCx4TgHlE,0,,-1.0,,,,,train
owT0,Xfu8a0,,0.3333333432674408,,,,,train
oyHKiX5YGDE,0,,-0.3333333432674408,,,,,train
ozA7pRW4gFM,0,,0.0,,,,,train
p18PVgfxook,0,,0.0,,,,,train
p19Hsjx2xgI,0,,0.6666666865348816,,,,,train
p1zqEGwRMI8,0,,1.3333333730697632,,,,,train
p4IeTRNcxc4,0,,0.6666666865348816,,,,,train
p4WmcxrXkc4,0,,0.3333333432674408,,,,,train
p5LEk2u8tXk,0,,1.0,,,,,train
p7zuPEZgtY4,0,,0.3333333432674408,,,,,train
pAclBdj20ZU,0,,-0.3333333432674408,,,,,train
pC0zFF8CXXk,0,,1.3333333730697632,,,,,train
pDRdCSIyjkA,0,,0.3333333432674408,,,,,train
pFh-SLxltms,0,,0.3333333432674408,,,,,train
pI5Kng,GuLE,,0.3333333432674408,,,,,train
pIMByitigYI,0,,0.0,,,,,train
pIaEcqnzI-s,0,,0.0,,,,,train
pKXaKinzTmY,0,,0.0,,,,,train
pOrk7fl1AYo,0,,-0.6666666865348816,,,,,train
pQpy7RSfWzM,0,,0.3333333432674408,,,,,train
pRdxEaLB8r4,0,,-0.6666666865348816,,,,,train
pSxte-ms0t8,0,,0.0,,,,,train
pU-MjERGTUk,0,,1.0,,,,,train
pVs1daijYTw,0,,-2.3333332538604736,,,,,train
pVzHaakhKAw,0,,0.3333333432674408,,,,,train
pY4ovojS4rk,0,,0.0,,,,,train
pYUTSG9frAk,0,,1.3333333730697632,,,,,train
pZye4zFzk3o,0,,0.0,,,,,train
pbFwuNCQlH8,0,,0.3333333432674408,,,,,train
pf-78LF4ORE,0,,0.0,,,,,train
pf6HYOOwfGE,0,,0.0,,,,,train
pfCPogxnUfw,0,,-1.6666666269302368,,,,,train
pjWLxORDDP4,0,,2.3333332538604736,,,,,train
pkH2TfFN-6s,0,,2.0,,,,,train
plsot5mFAtQ,0,,0.3333333432674408,,,,,train
pnSRLB6anIM,0,,0.3333333432674408,,,,,train
pnpFPX34Agk,0,,1.6666666269302368,,,,,train
po5jCjnxW1w,0,,0.0,,,,,train
pqAGD3ijMPw,0,,-0.6666666865348816,,,,,train
ptgBkE,e5js,,-1.0,,,,,train
ptp-kfn4vWY,0,,0.0,,,,,train
pttwIaJmfcU,0,,0.0,,,,,train
pu1C7tmYHxI,0,,0.6666666865348816,,,,,train
puum3vabpb4,0,,0.0,,,,,train
pvIQWWiT4-0,0,,2.0,,,,,train
pvlmYjQdRmA,0,,0.0,,,,,train
pwj9YeMJC08,0,,0.0,,,,,train
pzUplbeH,fg,,0.0,,,,,train
q-0gu48ClF4,0,,-1.0,,,,,train
q17gSr9kNww,0,,1.6666666269302368,,,,,train
q1,knonj0Lw,,0.0,,,,,train
q3QUybiOYeU,0,,0.3333333432674408,,,,,train
q4hP2j7oewo,0,,-0.3333333432674408,,,,,train
q5M1God4M6Y,0,,0.0,,,,,train
q7BxnIM2,z0,,2.0,,,,,train
q9yDL81QppI,0,,-0.3333333432674408,,,,,train
qAip3lZRj-g,0,,0.0,,,,,train
qBanrqkzobg,0,,2.3333332538604736,,,,,train
qCUg4ek1PPE,0,,0.3333333432674408,,,,,train
qDIh6YNbIMU,0,,0.0,,,,,train
qDfSYz0PX9g,0,,-2.0,,,,,train
qEkFReBuwxc,0,,0.6666666865348816,,,,,train
qEuJj4uW93E,0,,-0.6666666865348816,,,,,train
qFppeQvdfxI,0,,1.3333333730697632,,,,,train
qFsGMA75-oQ,0,,0.3333333432674408,,,,,train
qJBQH14qtHc,0,,-0.3333333432674408,,,,,train
qJZlp9uxoTU,0,,2.3333332538604736,,,,,train
qJh6x4wmmh8,0,,-0.3333333432674408,,,,,train
qK77ZmbqmOM,0,,-0.3333333432674408,,,,,train
qP4uuMI-JSk,0,,0.3333333432674408,,,,,train
qTkazqluJ,I,,2.0,,,,,train
qXisb7w9LjM,0,,0.0,,,,,train
qY1sXq-YCHs,0,,-0.3333333432674408,,,,,train
qYC3gN1AkOA,0,,0.0,,,,,train
qYJtbgLqizk,0,,2.6666667461395264,,,,,train
qaoSn1eEyq0,0,,0.3333333432674408,,,,,train
qbIajpM7U3Y,0,,0.0,,,,,train
qd6YuFGcBGk,0,,1.3333333730697632,,,,,train
qdeQg5dZb2E,0,,-0.6666666865348816,,,,,train
qed3medhsj4,0,,0.6666666865348816,,,,,train
qgC8,emxSIU,,0.0,,,,,train
qjMyjLSORY4,0,,2.0,,,,,train
qkWdc-E6jGI,0,,0.0,,,,,train
qlDT-bmIzQI,0,,0.3333333432674408,,,,,train
qlDiE1d45Bc,0,,0.0,,,,,train
qmMSumMloAs,0,,2.3333332538604736,,,,,train
qmx0nQZYHIo,0,,0.6666666865348816,,,,,train
qo2reupzUE0,0,,-0.3333333432674408,,,,,train
qpht9L3s9G4,0,,0.6666666865348816,,,,,train
qrI7XCKRFNk,0,,-0.3333333432674408,,,,,train
qrSW93EtuMc,0,,0.6666666865348816,,,,,train
qszy,WSRFUM,,0.6666666865348816,,,,,train
qtI3CB1jslQ,0,,0.3333333432674408,,,,,train
qvIhzmujTi8,0,,0.0,,,,,train
qyJiDgtj6YE,0,,-0.3333333432674408,,,,,train
qyqVc352g3Q,0,,1.0,,,,,train
r13W4H8ZhqI,0,,0.0,,,,,train
r1erb5PSm1A,0,,0.6666666865348816,,,,,train
r46amqjpWgg,0,,2.0,,,,,train
r4ul1wl,1T8,,0.0,,,,,train
r5ijC2W9ddk,0,,0.0,,,,,train
r8Jyl2Bfl14,0,,0.3333333432674408,,,,,train
r8OPmbZZlpE,0,,1.3333333730697632,,,,,train
r917wP1qsL4,0,,0.0,,,,,train
r91csZc6AXE,0,,0.0,,,,,train
r9tgDqXEcuc,0,,0.0,,,,,train
rApOTQgFW6Y,0,,0.6666666865348816,,,,,train
rB6WmWvvyxg,0,,-0.3333333432674408,,,,,train
rBWeo,rEdcU,,-0.3333333432674408,,,,,train
rC29Qub0U7A,0,,0.3333333432674408,,,,,train
rC7qKZMKa0U,0,,0.3333333432674408,,,,,train
rCQYq4T8SEI,0,,1.0,,,,,train
rEWQW,ibDwg,,0.0,,,,,train
rFHIApgUtoI,0,,0.3333333432674408,,,,,train
rKyXU0ls5aQ,0,,0.0,,,,,train
rLHJ,ebXCHQ,,-0.3333333432674408,,,,,train
rNXM3avNBKk,0,,1.6666666269302368,,,,,train
rVG8gOAY0JE,0,,0.6666666865348816,,,,,train
rWjPSlzUc-8,0,,2.0,,,,,train
rZqWAnrJ1Nc,0,,0.6666666865348816,,,,,train
r,vjlTcrI-U,,-0.3333333432674408,,,,,train
raQ9Pcgo-II,0,,0.0,,,,,train
rcfnqiD0y8o,0,,1.6666666269302368,,,,,train
rePYTlT5,AY,,-0.3333333432674408,,,,,train
rexJoy4RMdY,0,,0.0,,,,,train
rf0yDSeVEUA,0,,2.3333332538604736,,,,,train
rhQB8e999-Q,0,,0.6666666865348816,,,,,train
rojyUp4FPSg,0,,1.0,,,,,train
rsQRiALH5FU,0,,0.6666666865348816,,,,,train
rv1gp0wEhI0,0,,0.6666666865348816,,,,,train
rvQ2cRnroOU,0,,0.6666666865348816,,,,,train
rwNlqh0k1j4,0,,0.3333333432674408,,,,,train
rwe-hBNpzH8,0,,0.0,,,,,train
ryE9VBiR3p8,0,,0.3333333432674408,,,,,train
rz4Ax6xfZHQ,0,,1.0,,,,,train
rzsk,IvI7bQ,,0.3333333432674408,,,,,train
s0PUurm1ONo,0,,0.6666666865348816,,,,,train
s1Yo,MCiMPc,,-0.3333333432674408,,,,,train
s1tVE8g6JBc,0,,0.0,,,,,train
s2oX3zxWuEI,0,,0.6666666865348816,,,,,train
s53UAEi7JEY,0,,0.0,,,,,train
sC16n1k66io,0,,0.3333333432674408,,,,,train
sC1NvtirijU,0,,1.6666666269302368,,,,,train
sFLTjqVS7AE,0,,1.6666666269302368,,,,,train
sFxUNO2HOKY,0,,0.3333333432674408,,,,,train
sIGAq2J4KKI,0,,1.6666666269302368,,,,,train
sIusv36VoBY,0,,1.3333333730697632,,,,,train
sK9,de5Jx4U,,0.3333333432674408,,,,,train
sKwPCpFtUUI,0,,0.3333333432674408,,,,,train
sLaTZtL0ZIk,0,,0.0,,,,,train
sMnbpyFqrlE,0,,0.6666666865348816,,,,,train
sPremsknoLM,0,,-0.3333333432674408,,,,,train
sPxoGNvnVzg,0,,1.3333333730697632,,,,,train
sRMdbZVjhis,0,,-2.3333332538604736,,,,,train
sRex0-9yFFc,0,,0.0,,,,,train
sU40irMa-so,0,,0.0,,,,,train
sWsDAG6x9n0,0,,2.0,,,,,train
sfaWfZ2-4c0,0,,-2.3333332538604736,,,,,train
sjoArVtU8-o,0,,0.6666666865348816,,,,,train
skRqBxLLJkE,0,,1.0,,,,,train
skp,SpnIOCM,,1.3333333730697632,,,,,train
slLRsFFiiRc,0,,0.0,,,,,train
slz8pd0Wzxs,0,,0.0,,,,,train
sn1fEo72gJM,0,,0.0,,,,,train
snVkfJKvjwk,0,,-0.6666666865348816,,,,,train
soqnBdPOwoo,0,,0.0,,,,,train
sqADHmnM164,0,,0.0,,,,,train
srbrWyZRMCI,0,,0.6666666865348816,,,,,train
ssH8WQF4eN0,0,,0.3333333432674408,,,,,train
ssqiwP19JhM,0,,1.0,,,,,train
svsbGQn389o,0,,1.0,,,,,train
sw-smuVRByI,0,,0.0,,,,,train
szic2IB9HB4,0,,0.6666666865348816,,,,,train
t-wXEPHHtME,0,,0.3333333432674408,,,,,train
t0Wi5Nb6kbI,0,,-1.3333333730697632,,,,,train
t2U7w3K2qac,0,,0.6666666865348816,,,,,train
t4-ZulW5np4,0,,1.6666666269302368,,,,,train
t7a3zECpT4k,0,,-1.0,,,,,train
t80DGfWJ3fI,0,,0.3333333432674408,,,,,train
tC2KicUHB9Q,0,,-1.0,,,,,train
tL8RzwWSmAE,0,,-0.3333333432674408,,,,,train
tNd3--lvSXE,0,,2.0,,,,,train
tO68uTk-T,E,,1.0,,,,,train
tQ-CIfgj-Js,0,,0.0,,,,,train
tQk-eoA7JyE,0,,0.3333333432674408,,,,,train
tRSPfPlNbMU,0,,0.6666666865348816,,,,,train
tUTf9R5u6r0,0,,1.6666666269302368,,,,,train
tW5xAWDnbGU,0,,0.3333333432674408,,,,,train
tXQQ0joMq1Q,0,,0.0,,,,,train
tXQpm-nKxNA,0,,0.6666666865348816,,,,,train
tXxXhGD1aMo,0,,1.6666666269302368,,,,,train
tXxf6-CilNI,0,,0.3333333432674408,,,,,train
tZDNinnrGf8,0,,0.3333333432674408,,,,,train
ta26Z2YEVMQ,0,,1.3333333730697632,,,,,train
taCchyi5h68,0,,0.3333333432674408,,,,,train
taGs3-SMoYM,0,,0.6666666865348816,,,,,train
tdIZZ9v0IGA,0,,0.6666666865348816,,,,,train
teQqaAmqqx0,0,,0.0,,,,,train
tgrxA3CiBv0,0,,0.6666666865348816,,,,,train
tkzdanzsA0A,0,,2.6666667461395264,,,,,train
tnWmVXZ87h0,0,,2.0,,,,,train
tnhRxo-g3Xw,0,,-0.3333333432674408,,,,,train
trQLgl6ncmk,0,,0.3333333432674408,,,,,train
ttfaZ8IIWCo,0,,-0.6666666865348816,,,,,train
tv8IhQZQuJI,0,,0.6666666865348816,,,,,train
tvE,DucE0,,1.3333333730697632,,,,,train
tw2xFbfgV4U,0,,0.6666666865348816,,,,,train
txjqbr6FoZs,0,,0.0,,,,,train
tymso,pAxhk,,0.6666666865348816,,,,,train
u6H0sVuY1ac,0,,1.0,,,,,train
u6PL,7Z9QlU,,0.0,,,,,train
u8ViR4L2cVk,0,,-1.0,,,,,train
u94VPxEIJPg,0,,-0.6666666865348816,,,,,train
u9I5WD3Nglk,0,,0.3333333432674408,,,,,train
u9ZV8jb,-U0,,-1.6666666269302368,,,,,train
uAExKaLeOl8,0,,0.0,,,,,train
uBgRo9tnv-I,0,,0.3333333432674408,,,,,train
uITHY4LORDs,0,,-0.6666666865348816,,,,,train
uN0d3ZOkDp8,0,,1.3333333730697632,,,,,train
uQds2dN1AiM,0,,1.0,,,,,train
uTWeng4h5eM,0,,0.3333333432674408,,,,,train
uU,3tbZ1zG8,,-1.3333333730697632,,,,,train
uVM4JWjfGgQ,0,,0.6666666865348816,,,,,train
uWW1ejwFURI,0,,0.0,,,,,train
uXYAfpQUYVE,0,,-0.6666666865348816,,,,,train
uYzZB4ccG1Q,0,,0.6666666865348816,,,,,train
uacdDoBtT1k,0,,-1.3333333730697632,,,,,train
ueCWy7aTmyo,0,,0.0,,,,,train
uea5xJZygsc,0,,0.6666666865348816,,,,,train
um8WVjZMLUc,0,,0.0,,,,,train
unNY4zIk8MM,0,,0.3333333432674408,,,,,train
unOeTDc2rlY,0,,0.6666666865348816,,,,,train
uogwnZGb-iE,0,,2.3333332538604736,,,,,train
uooIiW6dEyg,0,,0.3333333432674408,,,,,train
ussfmzwftQ8,0,,1.6666666269302368,,,,,train
uu1FqsR7JV0,0,,0.0,,,,,train
uxHBEfIhY-E,0,,0.0,,,,,train
uy9MGhVqCp8,0,,0.3333333432674408,,,,,train
uyOrVTq8Tjk,0,,1.0,,,,,train
uyeQsv2tq44,0,,0.6666666865348816,,,,,train
v0a8N7Y-Vfc,0,,1.0,,,,,train
v1GKBjohgHc,0,,-1.3333333730697632,,,,,train
v2DFe9X-jCY,0,,-0.3333333432674408,,,,,train
v2Rr-EsJda8,0,,-0.3333333432674408,,,,,train
v3l56fl6aJM,0,,1.3333333730697632,,,,,train
v45zoIrjoTo,0,,0.0,,,,,train
v5AAvrZuR2U,0,,0.3333333432674408,,,,,train
v73dbqOUoXQ,0,,0.3333333432674408,,,,,train
v9GshyXtiWg,0,,0.6666666865348816,,,,,train
v9gjg7TDlTA,0,,0.3333333432674408,,,,,train
vA68fTqDars,0,,0.0,,,,,train
vB,kZocHtYo,,0.0,,,,,train
vC9oWzTU71s,0,,0.6666666865348816,,,,,train
vCWpKubBbcw,0,,0.6666666865348816,,,,,train
vGkIaClHKDg,0,,0.3333333432674408,,,,,train
vGxqVh,kJdo,,0.0,,,,,train
vHzbn,YW76s,,0.0,,,,,train
vI5JH0daNsM,0,,-0.6666666865348816,,,,,train
vJDDEuE-FlY,0,,-0.3333333432674408,,,,,train
vM3YB7LmMq4,0,,1.3333333730697632,,,,,train
vM7m581tHn0,0,,0.0,,,,,train
vM9AH4EqCaA,0,,0.3333333432674408,,,,,train
vNID-RVhWcQ,0,,2.6666667461395264,,,,,train
vR90Pdx9wxs,0,,-0.3333333432674408,,,,,train
vRhj2bLo1ho,0,,0.0,,,,,train
vRydHjRzDX0,0,,0.0,,,,,train
vTAV6FThy30,0,,1.3333333730697632,,,,,train
vU0a4F36Ksw,0,,1.3333333730697632,,,,,train
vXABB4tBBUU,0,,1.6666666269302368,,,,,train
vYOr36tdcpc,0,,1.3333333730697632,,,,,train
v,8QeoNc4QY,,0.0,,,,,train
vbVLgaP5IYU,0,,0.3333333432674408,,,,,train
vbr3EA8cJTI,0,,1.3333333730697632,,,,,train
veA6ECsGFxI,0,,0.6666666865348816,,,,,train
veHYwR7ge6Y,0,,2.3333332538604736,,,,,train
vlnKSMw5v1o,0,,0.0,,,,,train
vn0CFvUK5D0,0,,1.3333333730697632,,,,,train
vo,JbAFAD68,,0.3333333432674408,,,,,train
vop7tN,K64I,,0.6666666865348816,,,,,train
vqBRkjHWjXM,0,,0.0,,,,,train
vrgwwihTxVQ,0,,0.0,,,,,train
vttEPA6Xffk,0,,0.0,,,,,train
vwUBtNvjrU4,0,,0.0,,,,,train
vx8j,4DMqh4,,0.0,,,,,train
vySKXq0ZOb0,0,,0.0,,,,,train
w-PFjo89Dpw,0,,0.6666666865348816,,,,,train
w1MxXu5D7ho,0,,2.0,,,,,train
w44JDB1NmqM,0,,0.6666666865348816,,,,,train
w4xIyGs-3wc,0,,-1.0,,,,,train
w8TXP0iz29A,0,,0.0,,,,,train
wC,1M7KIv9s,,1.0,,,,,train
wCbQxI,-GKU,,0.6666666865348816,,,,,train
wCtZdAdoIm8,0,,0.3333333432674408,,,,,train
wEs7pJH2mqQ,0,,-0.3333333432674408,,,,,train
wF8980oGklk,0,,0.0,,,,,train
wHQYmMZzyJY,0,,2.0,,,,,train
wHeZHLv9wGI,0,,-0.6666666865348816,,,,,train
wI7DDCRh4Nw,0,,0.3333333432674408,,,,,train
wLJohZMqR-g,0,,0.0,,,,,train
wLj,gnNON7A,,-0.3333333432674408,,,,,train
wLrgvSYLPUI,0,,0.6666666865348816,,,,,train
wMggOhhVouA,0,,0.0,,,,,train
wNx1ZnQ0MDQ,0,,0.3333333432674408,,,,,train
wO8fUOC4OSE,0,,-1.0,,,,,train
wOKWTFYYMuk,0,,0.0,,,,,train
wOjnqud5GBA,0,,0.0,,,,,train
wQkNqbrAlB4,0,,0.0,,,,,train
wR3zalLV,6c,,-0.3333333432674408,,,,,train
wRKVNiABc0w,0,,-1.0,,,,,train
wUf6AvCMHbQ,0,,1.0,,,,,train
wVdoIjg3ZFQ,0,,0.0,,,,,train
wXuBJvzeC1Q,0,,0.0,,,,,train
wY8JbFOsp5E,0,,1.0,,,,,train
w,qYZSVx2dM,,0.3333333432674408,,,,,train
wb7CfuiIZFQ,0,,1.3333333730697632,,,,,train
wd-LTpCtAzw,0,,2.0,,,,,train
wd8VQ5E7o7o,0,,1.3333333730697632,,,,,train
wdU-0bttAkc,0,,0.6666666865348816,,,,,train
werKCgZ5dFE,0,,-1.3333333730697632,,,,,train
wfLrS6CdFs4,0,,1.0,,,,,train
wgCSuviySwg,0,,1.6666666269302368,,,,,train
wgca4dZnnVQ,0,,-0.6666666865348816,,,,,train
wj3ur4fsiN4,0,,0.0,,,,,train
wj4snKbUWZA,0,,-1.0,,,,,train
wk5lFk5kFjY,0,,1.0,,,,,train
wlrb0HyIs-Q,0,,0.3333333432674408,,,,,train
wnL3ld9bM2o,0,,0.6666666865348816,,,,,train
wosolsrH3sM,0,,-0.6666666865348816,,,,,train
wrQVnClcNPM,0,,1.3333333730697632,,,,,train
wtCKzu8eVJ0,0,,0.3333333432674408,,,,,train
wvLEIxt-,V0,,1.3333333730697632,,,,,train
wvMA0r3esw8,0,,-0.3333333432674408,,,,,train
wxxqXK9x-64,0,,-0.3333333432674408,,,,,train
wz3nVBPVgIA,0,,3.0,,,,,train
wznRBN1fWj4,0,,0.0,,,,,train
x-oexIBWwR4,0,,0.3333333432674408,,,,,train
x-zGBp7axao,0,,2.6666667461395264,,,,,train
x0rLwBIocuI,0,,0.3333333432674408,,,,,train
x266rUJQC,8,,0.3333333432674408,,,,,train
x2lOwQaAn4g,0,,0.3333333432674408,,,,,train
x2n19Cn96aw,0,,-0.3333333432674408,,,,,train
x5xF4yu9Bos,0,,0.3333333432674408,,,,,train
x7ZR70cTa84,0,,1.3333333730697632,,,,,train
x8UZQkN52o4,0,,-0.3333333432674408,,,,,train
x92920ole0w,0,,0.6666666865348816,,,,,train
x9E8yaFCX0Y,0,,-1.3333333730697632,,,,,train
xAApNMTj3as,0,,-0.3333333432674408,,,,,train
xBE9YWYGjtk,0,,2.3333332538604736,,,,,train
xBsrNFxnnuY,0,,1.6666666269302368,,,,,train
xNYsfeSgDCQ,0,,1.3333333730697632,,,,,train
xP81rX2ATLI,0,,0.3333333432674408,,,,,train
xPN38lYBQv4,0,,2.0,,,,,train
xPhlDO-2Foc,0,,1.0,,,,,train
xRJXYUZVdas,0,,0.0,,,,,train
xSCvspXYU9k,0,,1.0,,,,,train
xTBBDx3DkXQ,0,,0.6666666865348816,,,,,train
xU3N7ujUB-g,0,,-0.3333333432674408,,,,,train
xUgAP84vsg4,0,,0.3333333432674408,,,,,train
xUz5cCA-oTo,0,,0.0,,,,,train
xXGEkDhu94E,0,,1.0,,,,,train
xXIq7YPkdUQ,0,,0.3333333432674408,,,,,train
xXXcgb9eZ9Y,0,,0.0,,,,,train
xYtNgq9eTlg,0,,0.0,,,,,train
xZ1FrxU6hcg,0,,0.3333333432674408,,,,,train
xaSf1d13WoY,0,,1.0,,,,,train
xbl7bU5PGBs,0,,0.6666666865348816,,,,,train
xfP0bm6Z-7E,0,,0.0,,,,,train
xfeASyC6PPg,0,,0.0,,,,,train
xgAwddSkrOo,0,,0.0,,,,,train
xge9aYTxxOA,0,,-1.3333333730697632,,,,,train
xiRUWSUrGSg,0,,0.3333333432674408,,,,,train
xivYoEUQ5sk,0,,1.0,,,,,train
xjsaS-LeZ14,0,,1.0,,,,,train
xk4C4p5vHDk,0,,1.3333333730697632,,,,,train
xkEK17UUyi4,0,,0.0,,,,,train
xlNDpmKgSIc,0,,0.0,,,,,train
xmLJHru6Z1M,0,,1.0,,,,,train
xn9,4n4NpEw,,0.1666666716337204,,,,,train
xnNZyfhusAk,0,,0.3333333432674408,,,,,train
xobMRm5Vs44,0,,0.0,,,,,train
xomMHflvVDw,0,,0.0,,,,,train
xqcqieV0Rn8,0,,0.0,,,,,train
xsiHAO0gq74,0,,1.0,,,,,train
xu53lk4dhSc,0,,0.0,,,,,train
xvnFF0FiyS4,0,,-0.6666666865348816,,,,,train
xw-Blnej8EA,0,,1.0,,,,,train
xwNQ7QuXaps,0,,0.6666666865348816,,,,,train
xwvSYhQrHoA,0,,0.0,,,,,train
xyOa9ivNrg4,0,,0.0,,,,,train
y-nEcwAyQos,0,,1.3333333730697632,,,,,train
y1gL,MuokI8,,-0.3333333432674408,,,,,train
y3r2kk8zvl0,0,,0.5,,,,,train
y5JdqGL5DRc,0,,0.6666666865348816,,,,,train
y5Jpf48SUX8,0,,0.6666666865348816,,,,,train
y8HXGm1-Ecw,0,,1.3333333730697632,,,,,train
y9FyTEyGy5Y,0,,0.6666666865348816,,,,,train
yALhl-lMBxk,0,,1.6666666269302368,,,,,train
yBGuxyO-ElM,0,,1.0,,,,,train
yBtMwyQFXwA,0,,0.6666666865348816,,,,,train
yCpHmPSshKY,0,,0.6666666865348816,,,,,train
yDIFWzOBjXc,0,,0.6666666865348816,,,,,train
yEtfjJOMMCs,0,,0.0,,,,,train
yG3wpvLUQcg,0,,0.3333333432674408,,,,,train
yHtR71rx16I,0,,0.6666666865348816,,,,,train
yKdIZR5xfcc,0,,1.0,,,,,train
yLo-Jl8nBXU,0,,0.0,,,,,train
yNiJGh7JpLM,0,,0.0,,,,,train
yOQHOiswVjc,0,,0.3333333432674408,,,,,train
ySblgk7T7eQ,0,,1.0,,,,,train
ySfHPyaDbqY,0,,0.6666666865348816,,,,,train
yUqNp-poh9M,0,,-0.6666666865348816,,,,,train
yXE,XZUb8qE,,0.0,,,,,train
yZWH2P-h0jo,0,,1.6666666269302368,,,,,train
ybK5wRaaUyE,0,,-1.6666666269302368,,,,,train
ydzNAuqUAnc,0,,-0.3333333432674408,,,,,train
ygb8Cfxghbs,0,,1.0,,,,,train
ymPQOY2O,nw,,0.0,,,,,train
yoDMh8FlHR8,0,,1.6666666269302368,,,,,train
yp6Gd2NPwOU,0,,0.6666666865348816,,,,,train
ypZhKsR-9iI,0,,0.3333333432674408,,,,,train
yrIXBklJ5YQ,0,,-1.0,,,,,train
ysGFcG,PI5I,,-1.0,,,,,train
yt9GpittX4U,0,,1.0,,,,,train
ytXVSpPfKwA,0,,2.3333332538604736,,,,,train
yuwvVTnsDjc,0,,0.0,,,,,train
yxZydS2qHzs,0,,-0.6666666865348816,,,,,train
yyToAEoUuek,0,,0.0,,,,,train
yzCHa2qchpg,0,,0.3333333432674408,,,,,train
z-bupzylxEc,0,,0.6666666865348816,,,,,train
z0y1ZxH1f74,0,,-0.6666666865348816,,,,,train
z441aDJvAcU,0,,0.0,,,,,train
z6E-ocntPo4,0,,1.3333333730697632,,,,,train
z7FicxE,pMU,,0.3333333432674408,,,,,train
z8bWG2z-bMM,0,,1.3333333730697632,,,,,train
zFTuwjr3xq0,0,,0.0,,,,,train
zFuRNvfC4So,0,,0.0,,,,,train
zJWmmDk9fCE,0,,0.0,,,,,train
zKNAu2CCeRs,0,,1.0,,,,,train
zOHZDq2BvGo,0,,0.3333333432674408,,,,,train
zPskvGHHQtE,0,,0.3333333432674408,,,,,train
zR-kKDaSDmE,0,,-0.3333333432674408,,,,,train
zR62DCEMWgs,0,,1.3333333730697632,,,,,train
zShw-E-yBqU,0,,2.0,,,,,train
zU2,X9lIcUM,,-0.6666666865348816,,,,,train
zURYO3k8lW0,0,,0.3333333432674408,,,,,train
zWfDRPy4lXQ,0,,0.6666666865348816,,,,,train
zaTyjiyrHnk,0,,-0.6666666865348816,,,,,train
zcG0ms7CdBE,0,,0.6666666865348816,,,,,train
zeQKU2L173M,0,,0.3333333432674408,,,,,train
zfZUOvZZTuk,0,,0.0,,,,,train
zg-ZIxVsBbQ,0,,0.3333333432674408,,,,,train
zhE,68GMJIk,,1.3333333730697632,,,,,train
zhNksSReaQk,0,,0.0,,,,,train
zi0a6r52ZlY,0,,0.6666666865348816,,,,,train
zj4PzGtFwJM,0,,0.0,,,,,train
zjYEBwXGD8I,0,,0.0,,,,,train
zk2jTlAtvSU,0,,0.0,,,,,train
zknhrUs7-lI,0,,0.6666666865348816,,,,,train
znNt--6itO4,0,,1.0,,,,,train
zoPOeViAdOo,0,,-0.6666666865348816,,,,,train
zqkawTdHN5s,0,,-0.6666666865348816,,,,,train
zrFZAofNGi4,0,,-3.0,,,,,train
zsRTbbKlsEg,0,,-1.3333333730697632,,,,,train
zuc7vUhZNfY,0,,0.0,,,,,train
zv0Jl4TIQDc,0,,0.3333333432674408,,,,,train
zvZd3V5D5Ik,0,,1.6666666269302368,,,,,train
zwRBZisdpQ0,0,,1.3333333730697632,,,,,train
zwTrXwi54us,0,,0.0,,,,,train
zx4W0Vuus-I,0,,1.0,,,,,train
