sample_id,split,audio_frames,vision_frames,audio_temporal_var,vision_temporal_var,audio_all_zero,vision_all_zero,audio_nan,vision_nan,audio_inf,vision_inf
03bSnISJMiM_1,train,100,32,0.06209712103009224,1.0135085582733154,0.0,0.0,0.0,0.0,0.0,0.0
03bSnISJMiM_10,train,78,32,0.036087263375520706,1.0053776502609253,0.0,0.0,0.0,0.0,0.0,0.0
03bSnISJMiM_11,train,100,32,0.034560274332761765,1.0061793327331543,0.0,0.0,0.0,0.0,0.0,0.0
03bSnISJMiM_12,train,100,32,0.027675295248627663,0.999308705329895,0.0,0.0,0.0,0.0,0.0,0.0
03bSnISJMiM_13,train,84,32,0.03967895731329918,0.9592496752738953,0.0,0.0,0.0,0.0,0.0,0.0
03bSnISJMiM_2,train,100,32,0.03464720770716667,0.9548760652542114,0.0,0.0,0.0,0.0,0.0,0.0
03bSnISJMiM_3,train,100,32,0.028133420273661613,0.967097282409668,0.0,0.0,0.0,0.0,0.0,0.0
03bSnISJMiM_4,train,100,32,0.020540429279208183,0.9614435434341431,0.0,0.0,0.0,0.0,0.0,0.0
03bSnISJMiM_5,train,39,32,0.01764499954879284,0.9709328413009644,0.0,0.0,0.0,0.0,0.0,0.0
03bSnISJMiM_6,train,94,32,0.02097315527498722,0.9493384957313538,0.0,0.0,0.0,0.0,0.0,0.0
03bSnISJMiM_7,train,100,32,0.04520964249968529,0.937170147895813,0.0,0.0,0.0,0.0,0.0,0.0
03bSnISJMiM_8,train,100,32,0.06600078195333481,1.0053701400756836,0.0,0.0,0.0,0.0,0.0,0.0
03bSnISJMiM_9,train,100,32,0.01864171214401722,0.9233788251876831,0.0,0.0,0.0,0.0,0.0,0.0
0h-zjBukYpk_1,train,100,32,0.025934020057320595,1.0165289640426636,0.0,0.0,0.0,0.0,0.0,0.0
0h-zjBukYpk_10,train,100,32,0.04985940828919411,0.9878064393997192,0.0,0.0,0.0,0.0,0.0,0.0
0h-zjBukYpk_11,train,93,32,0.02508285641670227,1.0767841339111328,0.0,0.0,0.0,0.0,0.0,0.0
0h-zjBukYpk_12,train,46,32,0.020135115832090378,1.049580454826355,0.0,0.0,0.0,0.0,0.0,0.0
0h-zjBukYpk_13,train,78,32,0.06010241433978081,1.0419296026229858,0.0,0.0,0.0,0.0,0.0,0.0
0h-zjBukYpk_14,train,100,32,0.026887649670243263,1.0259127616882324,0.0,0.0,0.0,0.0,0.0,0.0
0h-zjBukYpk_15,train,71,32,0.022916993126273155,1.046164870262146,0.0,0.0,0.0,0.0,0.0,0.0
0h-zjBukYpk_16,train,100,32,0.026858726516366005,1.0562102794647217,0.0,0.0,0.0,0.0,0.0,0.0
0h-zjBukYpk_17,train,100,32,0.03824134171009064,1.042262315750122,0.0,0.0,0.0,0.0,0.0,0.0
0h-zjBukYpk_18,train,100,32,0.04267969727516174,1.0327963829040527,0.0,0.0,0.0,0.0,0.0,0.0
0h-zjBukYpk_19,train,100,32,0.026034176349639893,0.9845654964447021,0.0,0.0,0.0,0.0,0.0,0.0
0h-zjBukYpk_2,train,100,32,0.04308686777949333,1.0122097730636597,0.0,0.0,0.0,0.0,0.0,0.0
0h-zjBukYpk_20,train,100,32,0.03612725809216499,1.0215299129486084,0.0,0.0,0.0,0.0,0.0,0.0
0h-zjBukYpk_21,train,56,32,0.020138194784522057,1.0568108558654785,0.0,0.0,0.0,0.0,0.0,0.0
0h-zjBukYpk_22,train,100,32,0.017395468428730965,1.0515563488006592,0.0,0.0,0.0,0.0,0.0,0.0
0h-zjBukYpk_23,train,100,32,0.024777671322226524,1.015834093093872,0.0,0.0,0.0,0.0,0.0,0.0
0h-zjBukYpk_24,train,66,32,0.025525979697704315,1.0211212635040283,0.0,0.0,0.0,0.0,0.0,0.0
0h-zjBukYpk_25,train,100,32,0.024242384359240532,0.9829962253570557,0.0,0.0,0.0,0.0,0.0,0.0
0h-zjBukYpk_3,train,100,32,0.04829918220639229,1.0121793746948242,0.0,0.0,0.0,0.0,0.0,0.0
0h-zjBukYpk_4,train,100,32,0.03106912225484848,1.0296504497528076,0.0,0.0,0.0,0.0,0.0,0.0
0h-zjBukYpk_5,train,100,32,0.05150817707180977,0.9843534231185913,0.0,0.0,0.0,0.0,0.0,0.0
0h-zjBukYpk_6,train,100,32,0.03656822070479393,1.03357994556427,0.0,0.0,0.0,0.0,0.0,0.0
0h-zjBukYpk_7,train,100,32,0.020715923979878426,1.0604913234710693,0.0,0.0,0.0,0.0,0.0,0.0
0h-zjBukYpk_8,train,100,32,0.0425700843334198,1.0920559167861938,0.0,0.0,0.0,0.0,0.0,0.0
0h-zjBukYpk_9,train,100,32,0.04575834050774574,1.0142309665679932,0.0,0.0,0.0,0.0,0.0,0.0
1DmNV9C1hbY_1,train,100,32,0.04659181833267212,1.0304100513458252,0.0,0.0,0.0,0.0,0.0,0.0
1DmNV9C1hbY_10,train,64,32,0.017848728224635124,1.045339822769165,0.0,0.0,0.0,0.0,0.0,0.0
1DmNV9C1hbY_11,train,100,32,0.027365989983081818,1.0467995405197144,0.0,0.0,0.0,0.0,0.0,0.0
1DmNV9C1hbY_12,train,100,32,0.01867898739874363,1.0499204397201538,0.0,0.0,0.0,0.0,0.0,0.0
1DmNV9C1hbY_13,train,100,32,0.028219109401106834,1.0333728790283203,0.0,0.0,0.0,0.0,0.0,0.0
1DmNV9C1hbY_14,train,74,32,0.02631579525768757,1.0597176551818848,0.0,0.0,0.0,0.0,0.0,0.0
1DmNV9C1hbY_2,train,100,32,0.024708418175578117,1.0502887964248657,0.0,0.0,0.0,0.0,0.0,0.0
1DmNV9C1hbY_3,train,100,32,0.020715856924653053,1.0561751127243042,0.0,0.0,0.0,0.0,0.0,0.0
1DmNV9C1hbY_4,train,100,32,0.030655555427074432,1.033671259880066,0.0,0.0,0.0,0.0,0.0,0.0
1DmNV9C1hbY_5,train,100,32,0.031137501820921898,1.043497085571289,0.0,0.0,0.0,0.0,0.0,0.0
1DmNV9C1hbY_6,train,100,32,0.024096885696053505,1.0258175134658813,0.0,0.0,0.0,0.0,0.0,0.0
1DmNV9C1hbY_7,train,100,32,0.031061245128512383,1.0390397310256958,0.0,0.0,0.0,0.0,0.0,0.0
1DmNV9C1hbY_8,train,64,32,0.03073704056441784,1.036494493484497,0.0,0.0,0.0,0.0,0.0,0.0
1DmNV9C1hbY_9,train,100,32,0.02838113345205784,1.052492380142212,0.0,0.0,0.0,0.0,0.0,0.0
1iG0909rllw_1,train,74,32,0.028174182400107384,0.9448029398918152,0.0,0.0,0.0,0.0,0.0,0.0
1iG0909rllw_10,train,100,32,0.028758017346262932,0.9213428497314453,0.0,0.0,0.0,0.0,0.0,0.0
1iG0909rllw_11,train,100,32,0.033200833946466446,0.9054657220840454,0.0,0.0,0.0,0.0,0.0,0.0
1iG0909rllw_12,train,79,32,0.02646094560623169,0.9106879234313965,0.0,0.0,0.0,0.0,0.0,0.0
1iG0909rllw_13,train,99,32,0.027972156181931496,0.9330320358276367,0.0,0.0,0.0,0.0,0.0,0.0
1iG0909rllw_14,train,100,32,0.03622540459036827,0.9129061698913574,0.0,0.0,0.0,0.0,0.0,0.0
1iG0909rllw_15,train,100,32,0.02008555643260479,0.8943741917610168,0.0,0.0,0.0,0.0,0.0,0.0
1iG0909rllw_16,train,100,32,0.029778072610497475,0.8944380879402161,0.0,0.0,0.0,0.0,0.0,0.0
1iG0909rllw_17,train,100,32,0.02492622472345829,0.8752259016036987,0.0,0.0,0.0,0.0,0.0,0.0
1iG0909rllw_18,train,100,32,0.03884405270218849,0.9501825571060181,0.0,0.0,0.0,0.0,0.0,0.0
1iG0909rllw_19,train,100,32,0.032037731260061264,0.8951894044876099,0.0,0.0,0.0,0.0,0.0,0.0
1iG0909rllw_2,train,93,32,0.014024085365235806,0.9097267389297485,0.0,0.0,0.0,0.0,0.0,0.0
1iG0909rllw_20,train,100,32,0.041782986372709274,0.914128303527832,0.0,0.0,0.0,0.0,0.0,0.0
1iG0909rllw_21,train,100,32,0.03076377511024475,0.908132016658783,0.0,0.0,0.0,0.0,0.0,0.0
1iG0909rllw_22,train,100,32,0.024862417951226234,0.882392406463623,0.0,0.0,0.0,0.0,0.0,0.0
1iG0909rllw_23,train,100,32,0.014481429010629654,0.8713138699531555,0.0,0.0,0.0,0.0,0.0,0.0
1iG0909rllw_24,train,100,32,0.02688242495059967,0.8898826837539673,0.0,0.0,0.0,0.0,0.0,0.0
1iG0909rllw_25,train,100,32,0.021241875365376472,0.8789348006248474,0.0,0.0,0.0,0.0,0.0,0.0
1iG0909rllw_26,train,100,32,0.021356036886572838,0.8713483810424805,0.0,0.0,0.0,0.0,0.0,0.0
1iG0909rllw_27,train,100,32,0.026181809604167938,0.8854883313179016,0.0,0.0,0.0,0.0,0.0,0.0
1iG0909rllw_28,train,100,32,0.02549482323229313,0.8732489347457886,0.0,0.0,0.0,0.0,0.0,0.0
1iG0909rllw_29,train,100,32,0.02241322584450245,0.9781322479248047,0.0,0.0,0.0,0.0,0.0,0.0
1iG0909rllw_3,train,100,32,0.018162472173571587,0.9032747149467468,0.0,0.0,0.0,0.0,0.0,0.0
1iG0909rllw_30,train,84,32,0.022906223312020302,0.9374825954437256,0.0,0.0,0.0,0.0,0.0,0.0
1iG0909rllw_4,train,100,32,0.05060717090964317,0.9447344541549683,0.0,0.0,0.0,0.0,0.0,0.0
1iG0909rllw_5,train,100,32,0.019373731687664986,0.9395626783370972,0.0,0.0,0.0,0.0,0.0,0.0
1iG0909rllw_6,train,69,32,0.018929870799183846,0.9398298263549805,0.0,0.0,0.0,0.0,0.0,0.0
1iG0909rllw_7,train,100,32,0.023781098425388336,0.9400252103805542,0.0,0.0,0.0,0.0,0.0,0.0
1iG0909rllw_8,train,96,32,0.02802286110818386,0.9727472066879272,0.0,0.0,0.0,0.0,0.0,0.0
1iG0909rllw_9,train,100,32,0.023318598046898842,0.9376181364059448,0.0,0.0,0.0,0.0,0.0,0.0
2WGyTLYerpo_1,train,100,32,0.027479639276862144,1.0407822132110596,0.0,0.0,0.0,0.0,0.0,0.0
2WGyTLYerpo_10,train,71,32,0.03349330648779869,1.0365890264511108,0.0,0.0,0.0,0.0,0.0,0.0
2WGyTLYerpo_11,train,100,32,0.038343172520399094,1.0307254791259766,0.0,0.0,0.0,0.0,0.0,0.0
2WGyTLYerpo_12,train,88,32,0.0191198717802763,1.0515331029891968,0.0,0.0,0.0,0.0,0.0,0.0
2WGyTLYerpo_13,train,100,32,0.019713370129466057,1.0582737922668457,0.0,0.0,0.0,0.0,0.0,0.0
2WGyTLYerpo_14,train,66,32,0.03720632568001747,1.0964515209197998,0.0,0.0,0.0,0.0,0.0,0.0
2WGyTLYerpo_15,train,66,32,0.04409864544868469,1.0373566150665283,0.0,0.0,0.0,0.0,0.0,0.0
2WGyTLYerpo_16,train,100,32,0.028625428676605225,1.0645675659179688,0.0,0.0,0.0,0.0,0.0,0.0
2WGyTLYerpo_17,train,100,32,0.0316944420337677,1.0671584606170654,0.0,0.0,0.0,0.0,0.0,0.0
2WGyTLYerpo_18,train,64,32,0.023811936378479004,1.0605647563934326,0.0,0.0,0.0,0.0,0.0,0.0
2WGyTLYerpo_19,train,100,32,0.019859900698065758,1.0199695825576782,0.0,0.0,0.0,0.0,0.0,0.0
2WGyTLYerpo_2,train,36,32,0.021928831934928894,1.0480773448944092,0.0,0.0,0.0,0.0,0.0,0.0
2WGyTLYerpo_20,train,54,32,0.033369120210409164,1.0611598491668701,0.0,0.0,0.0,0.0,0.0,0.0
2WGyTLYerpo_21,train,48,32,0.029704174026846886,1.0632380247116089,0.0,0.0,0.0,0.0,0.0,0.0
2WGyTLYerpo_22,train,94,32,0.027722055092453957,1.07505202293396,0.0,0.0,0.0,0.0,0.0,0.0
2WGyTLYerpo_23,train,64,32,0.038113344460725784,1.0756949186325073,0.0,0.0,0.0,0.0,0.0,0.0
2WGyTLYerpo_24,train,100,32,0.02499391883611679,1.0266449451446533,0.0,0.0,0.0,0.0,0.0,0.0
2WGyTLYerpo_25,train,44,32,0.026400795206427574,1.05328369140625,0.0,0.0,0.0,0.0,0.0,0.0
2WGyTLYerpo_26,train,100,32,0.0376676581799984,1.0731947422027588,0.0,0.0,0.0,0.0,0.0,0.0
2WGyTLYerpo_27,train,81,32,0.02061709202826023,1.084082841873169,0.0,0.0,0.0,0.0,0.0,0.0
2WGyTLYerpo_28,train,100,32,0.02564450539648533,1.0783910751342773,0.0,0.0,0.0,0.0,0.0,0.0
2WGyTLYerpo_29,train,100,32,0.02450624667108059,1.0491001605987549,0.0,0.0,0.0,0.0,0.0,0.0
2WGyTLYerpo_3,train,100,32,0.019649876281619072,1.0082283020019531,0.0,0.0,0.0,0.0,0.0,0.0
2WGyTLYerpo_30,train,79,32,0.019191185012459755,1.0406723022460938,0.0,0.0,0.0,0.0,0.0,0.0
2WGyTLYerpo_31,train,100,32,0.02881266176700592,1.0511555671691895,0.0,0.0,0.0,0.0,0.0,0.0
2WGyTLYerpo_32,train,61,32,0.036785632371902466,1.0928400754928589,0.0,0.0,0.0,0.0,0.0,0.0
2WGyTLYerpo_33,train,73,32,0.024381617084145546,1.068341612815857,0.0,0.0,0.0,0.0,0.0,0.0
2WGyTLYerpo_34,train,89,32,0.027724603191018105,1.0566813945770264,0.0,0.0,0.0,0.0,0.0,0.0
2WGyTLYerpo_35,train,100,32,0.0284892525523901,1.0452423095703125,0.0,0.0,0.0,0.0,0.0,0.0
2WGyTLYerpo_36,train,100,32,0.026684755459427834,1.0452020168304443,0.0,0.0,0.0,0.0,0.0,0.0
2WGyTLYerpo_37,train,93,32,0.02683398686349392,1.0566736459732056,0.0,0.0,0.0,0.0,0.0,0.0
2WGyTLYerpo_38,train,100,32,0.028878742828965187,1.0472421646118164,0.0,0.0,0.0,0.0,0.0,0.0
2WGyTLYerpo_39,train,100,32,0.020530078560113907,1.0579580068588257,0.0,0.0,0.0,0.0,0.0,0.0
2WGyTLYerpo_4,train,100,32,0.03217308595776558,1.0122281312942505,0.0,0.0,0.0,0.0,0.0,0.0
2WGyTLYerpo_40,train,93,32,0.03527827933430672,1.0532060861587524,0.0,0.0,0.0,0.0,0.0,0.0
2WGyTLYerpo_41,train,100,32,0.022223850712180138,1.0249238014221191,0.0,0.0,0.0,0.0,0.0,0.0
2WGyTLYerpo_42,train,93,32,0.04362400248646736,1.064969778060913,0.0,0.0,0.0,0.0,0.0,0.0
2WGyTLYerpo_43,train,100,32,0.0336834192276001,1.0555073022842407,0.0,0.0,0.0,0.0,0.0,0.0
2WGyTLYerpo_44,train,100,32,0.02419096790254116,1.018296480178833,0.0,0.0,0.0,0.0,0.0,0.0
2WGyTLYerpo_45,train,93,32,0.028774702921509743,1.0768213272094727,0.0,0.0,0.0,0.0,0.0,0.0
2WGyTLYerpo_46,train,61,32,0.03160275146365166,1.0303685665130615,0.0,0.0,0.0,0.0,0.0,0.0
2WGyTLYerpo_47,train,74,32,0.023924579843878746,1.019249439239502,0.0,0.0,0.0,0.0,0.0,0.0
2WGyTLYerpo_48,train,51,32,0.021666213870048523,1.0540677309036255,0.0,0.0,0.0,0.0,0.0,0.0
2WGyTLYerpo_49,train,100,32,0.030979273840785027,1.0493998527526855,0.0,0.0,0.0,0.0,0.0,0.0
2WGyTLYerpo_5,train,100,32,0.020246250554919243,1.035764455795288,0.0,0.0,0.0,0.0,0.0,0.0
2WGyTLYerpo_50,train,100,32,0.04129909351468086,1.0754328966140747,0.0,0.0,0.0,0.0,0.0,0.0
2WGyTLYerpo_51,train,100,32,0.02279394119977951,1.0482361316680908,0.0,0.0,0.0,0.0,0.0,0.0
2WGyTLYerpo_52,train,83,32,0.02848176658153534,1.051387071609497,0.0,0.0,0.0,0.0,0.0,0.0
2WGyTLYerpo_53,train,68,32,0.020642442628741264,1.0679854154586792,0.0,0.0,0.0,0.0,0.0,0.0
2WGyTLYerpo_54,train,100,32,0.02346852421760559,1.0568808317184448,0.0,0.0,0.0,0.0,0.0,0.0
2WGyTLYerpo_55,train,100,32,0.029165877029299736,1.0560884475708008,0.0,0.0,0.0,0.0,0.0,0.0
2WGyTLYerpo_56,train,100,32,0.02354675717651844,1.0323127508163452,0.0,0.0,0.0,0.0,0.0,0.0
2WGyTLYerpo_57,train,100,32,0.017396925017237663,1.0182665586471558,0.0,0.0,0.0,0.0,0.0,0.0
2WGyTLYerpo_58,train,100,32,0.03900780901312828,0.9552918672561646,0.0,0.0,0.0,0.0,0.0,0.0
2WGyTLYerpo_59,train,93,32,0.02255244553089142,1.063814401626587,0.0,0.0,0.0,0.0,0.0,0.0
2WGyTLYerpo_6,train,100,32,0.026850545778870583,1.03512704372406,0.0,0.0,0.0,0.0,0.0,0.0
2WGyTLYerpo_60,train,86,32,0.01944279484450817,1.0630929470062256,0.0,0.0,0.0,0.0,0.0,0.0
2WGyTLYerpo_61,train,51,32,0.02588646113872528,1.0819761753082275,0.0,0.0,0.0,0.0,0.0,0.0
2WGyTLYerpo_62,train,71,32,0.03752698376774788,1.0653879642486572,0.0,0.0,0.0,0.0,0.0,0.0
2WGyTLYerpo_63,train,100,32,0.02493278682231903,1.0933198928833008,0.0,0.0,0.0,0.0,0.0,0.0
2WGyTLYerpo_7,train,74,32,0.01993810385465622,1.0239078998565674,0.0,0.0,0.0,0.0,0.0,0.0
2WGyTLYerpo_8,train,100,32,0.03619704768061638,1.0189449787139893,0.0,0.0,0.0,0.0,0.0,0.0
2WGyTLYerpo_9,train,100,32,0.03110564686357975,1.033442735671997,0.0,0.0,0.0,0.0,0.0,0.0
2iD-tVS8NPw_1,train,100,32,0.021963289007544518,0.8821346759796143,0.0,0.0,0.0,0.0,0.0,0.0
2iD-tVS8NPw_10,train,100,32,0.03949965909123421,0.9341784119606018,0.0,0.0,0.0,0.0,0.0,0.0
2iD-tVS8NPw_11,train,100,32,0.03391797095537186,0.9341859817504883,0.0,0.0,0.0,0.0,0.0,0.0
2iD-tVS8NPw_12,train,68,32,0.02110455371439457,0.9200804829597473,0.0,0.0,0.0,0.0,0.0,0.0
2iD-tVS8NPw_13,train,100,32,0.02496272325515747,0.9312512278556824,0.0,0.0,0.0,0.0,0.0,0.0
2iD-tVS8NPw_14,train,100,32,0.019826171919703484,0.9121882915496826,0.0,0.0,0.0,0.0,0.0,0.0
2iD-tVS8NPw_15,train,81,32,0.024810416623950005,0.9382349252700806,0.0,0.0,0.0,0.0,0.0,0.0
2iD-tVS8NPw_16,train,100,32,0.014967896975576878,0.9406435489654541,0.0,0.0,0.0,0.0,0.0,0.0
2iD-tVS8NPw_17,train,100,32,0.02634589560329914,0.9153618216514587,0.0,0.0,0.0,0.0,0.0,0.0
2iD-tVS8NPw_18,train,94,32,0.025060968473553658,0.9226781129837036,0.0,0.0,0.0,0.0,0.0,0.0
2iD-tVS8NPw_19,train,100,32,0.018157055601477623,0.9228573441505432,0.0,0.0,0.0,0.0,0.0,0.0
2iD-tVS8NPw_2,train,100,32,0.029299572110176086,0.9424232840538025,0.0,0.0,0.0,0.0,0.0,0.0
2iD-tVS8NPw_20,train,100,32,0.03383155167102814,0.9179007411003113,0.0,0.0,0.0,0.0,0.0,0.0
2iD-tVS8NPw_21,train,100,32,0.02355400286614895,0.9295370578765869,0.0,0.0,0.0,0.0,0.0,0.0
2iD-tVS8NPw_22,train,100,32,0.028122251853346825,0.9290509819984436,0.0,0.0,0.0,0.0,0.0,0.0
2iD-tVS8NPw_23,train,100,32,0.03933150693774223,0.9020736217498779,0.0,0.0,0.0,0.0,0.0,0.0
2iD-tVS8NPw_24,train,100,32,0.019448772072792053,0.9201002717018127,0.0,0.0,0.0,0.0,0.0,0.0
2iD-tVS8NPw_25,train,100,32,0.026542892679572105,0.9267536401748657,0.0,0.0,0.0,0.0,0.0,0.0
2iD-tVS8NPw_26,train,100,32,0.02571488358080387,0.9281418919563293,0.0,0.0,0.0,0.0,0.0,0.0
2iD-tVS8NPw_27,train,100,32,0.03212819993495941,0.9237886071205139,0.0,0.0,0.0,0.0,0.0,0.0
2iD-tVS8NPw_28,train,100,32,0.02439136803150177,0.9244937896728516,0.0,0.0,0.0,0.0,0.0,0.0
2iD-tVS8NPw_29,train,84,32,0.018830783665180206,0.9528868198394775,0.0,0.0,0.0,0.0,0.0,0.0
2iD-tVS8NPw_3,train,100,32,0.028487296774983406,0.9432175755500793,0.0,0.0,0.0,0.0,0.0,0.0
2iD-tVS8NPw_30,train,100,32,0.024344151839613914,0.9244338274002075,0.0,0.0,0.0,0.0,0.0,0.0
2iD-tVS8NPw_4,train,100,32,0.032687023282051086,0.925025224685669,0.0,0.0,0.0,0.0,0.0,0.0
2iD-tVS8NPw_5,train,86,32,0.017657091841101646,0.9518100023269653,0.0,0.0,0.0,0.0,0.0,0.0
2iD-tVS8NPw_6,train,94,32,0.018245743587613106,0.9337902069091797,0.0,0.0,0.0,0.0,0.0,0.0
2iD-tVS8NPw_7,train,100,32,0.022586582228541374,0.9093533754348755,0.0,0.0,0.0,0.0,0.0,0.0
2iD-tVS8NPw_8,train,63,32,0.023074304684996605,0.917690634727478,0.0,0.0,0.0,0.0,0.0,0.0
2iD-tVS8NPw_9,train,99,32,0.034297771751880646,0.9319261312484741,0.0,0.0,0.0,0.0,0.0,0.0
5W7Z1C_fDaE_1,train,100,32,0.037992317229509354,1.047102928161621,0.0,0.0,0.0,0.0,0.0,0.0
5W7Z1C_fDaE_10,train,100,32,0.0296403169631958,1.0425760746002197,0.0,0.0,0.0,0.0,0.0,0.0
5W7Z1C_fDaE_11,train,100,32,0.032741352915763855,1.022675633430481,0.0,0.0,0.0,0.0,0.0,0.0
5W7Z1C_fDaE_12,train,100,32,0.018797174096107483,1.0376163721084595,0.0,0.0,0.0,0.0,0.0,0.0
5W7Z1C_fDaE_13,train,83,32,0.05080660060048103,1.0502768754959106,0.0,0.0,0.0,0.0,0.0,0.0
5W7Z1C_fDaE_14,train,100,32,0.02277677319943905,1.041152000427246,0.0,0.0,0.0,0.0,0.0,0.0
5W7Z1C_fDaE_15,train,83,32,0.027846379205584526,1.057131052017212,0.0,0.0,0.0,0.0,0.0,0.0
5W7Z1C_fDaE_16,train,100,32,0.045160453766584396,1.0291486978530884,0.0,0.0,0.0,0.0,0.0,0.0
5W7Z1C_fDaE_17,train,100,32,0.02372530661523342,1.0458984375,0.0,0.0,0.0,0.0,0.0,0.0
5W7Z1C_fDaE_18,train,100,32,0.02916673570871353,1.043899655342102,0.0,0.0,0.0,0.0,0.0,0.0
5W7Z1C_fDaE_19,train,100,32,0.027498850598931313,1.0458554029464722,0.0,0.0,0.0,0.0,0.0,0.0
5W7Z1C_fDaE_2,train,100,32,0.03584624454379082,1.0450761318206787,0.0,0.0,0.0,0.0,0.0,0.0
5W7Z1C_fDaE_20,train,100,32,0.03662913292646408,1.0439497232437134,0.0,0.0,0.0,0.0,0.0,0.0
5W7Z1C_fDaE_21,train,100,32,0.03595596179366112,1.0333346128463745,0.0,0.0,0.0,0.0,0.0,0.0
5W7Z1C_fDaE_22,train,100,32,0.03516282141208649,1.0338990688323975,0.0,0.0,0.0,0.0,0.0,0.0
5W7Z1C_fDaE_23,train,100,32,0.02606290578842163,1.0422630310058594,0.0,0.0,0.0,0.0,0.0,0.0
5W7Z1C_fDaE_24,train,100,32,0.04431072995066643,0.748848021030426,0.0,0.0,0.0,0.0,0.0,0.0
5W7Z1C_fDaE_3,train,49,32,0.027328401803970337,1.0594443082809448,0.0,0.0,0.0,0.0,0.0,0.0
5W7Z1C_fDaE_4,train,38,32,0.03963300585746765,1.0630311965942383,0.0,0.0,0.0,0.0,0.0,0.0
5W7Z1C_fDaE_5,train,98,32,0.03224444389343262,1.0439430475234985,0.0,0.0,0.0,0.0,0.0,0.0
5W7Z1C_fDaE_6,train,69,32,0.027612745761871338,1.0627858638763428,0.0,0.0,0.0,0.0,0.0,0.0
5W7Z1C_fDaE_7,train,100,32,0.03691498190164566,1.036278247833252,0.0,0.0,0.0,0.0,0.0,0.0
5W7Z1C_fDaE_8,train,56,32,0.03163362666964531,1.0476694107055664,0.0,0.0,0.0,0.0,0.0,0.0
5W7Z1C_fDaE_9,train,100,32,0.031588684767484665,1.0523444414138794,0.0,0.0,0.0,0.0,0.0,0.0
6Egk_28TtTM_1,train,100,32,0.0278652161359787,1.0261554718017578,0.0,0.0,0.0,0.0,0.0,0.0
6Egk_28TtTM_10,train,100,32,0.03629237413406372,1.0118788480758667,0.0,0.0,0.0,0.0,0.0,0.0
6Egk_28TtTM_11,train,100,32,0.037600163370370865,0.9905327558517456,0.0,0.0,0.0,0.0,0.0,0.0
6Egk_28TtTM_12,train,100,32,0.03223408758640289,1.0166689157485962,0.0,0.0,0.0,0.0,0.0,0.0
6Egk_28TtTM_2,train,100,32,0.029053186997771263,1.0230119228363037,0.0,0.0,0.0,0.0,0.0,0.0
6Egk_28TtTM_3,train,100,32,0.05046018958091736,1.021854043006897,0.0,0.0,0.0,0.0,0.0,0.0
6Egk_28TtTM_4,train,100,32,0.028076380491256714,1.0358359813690186,0.0,0.0,0.0,0.0,0.0,0.0
6Egk_28TtTM_5,train,100,32,0.03593248128890991,1.0158441066741943,0.0,0.0,0.0,0.0,0.0,0.0
6Egk_28TtTM_6,train,100,32,0.023428628221154213,0.9979103207588196,0.0,0.0,0.0,0.0,0.0,0.0
6Egk_28TtTM_7,train,100,32,0.048903387039899826,1.041584849357605,0.0,0.0,0.0,0.0,0.0,0.0
6Egk_28TtTM_8,train,100,32,0.034769169986248016,1.0054187774658203,0.0,0.0,0.0,0.0,0.0,0.0
6Egk_28TtTM_9,train,100,32,0.03422233834862709,1.0219184160232544,0.0,0.0,0.0,0.0,0.0,0.0
6_0THN4chvY_1,train,100,32,0.022336766123771667,0.9868878126144409,0.0,0.0,0.0,0.0,0.0,0.0
6_0THN4chvY_10,train,100,32,0.017619814723730087,0.9911485314369202,0.0,0.0,0.0,0.0,0.0,0.0
6_0THN4chvY_11,train,94,32,0.01592167839407921,0.9741432070732117,0.0,0.0,0.0,0.0,0.0,0.0
6_0THN4chvY_12,train,100,32,0.0331246554851532,1.0055456161499023,0.0,0.0,0.0,0.0,0.0,0.0
6_0THN4chvY_13,train,56,32,0.040782902389764786,1.0329904556274414,0.0,0.0,0.0,0.0,0.0,0.0
6_0THN4chvY_14,train,100,32,0.03260045498609543,1.0087778568267822,0.0,0.0,0.0,0.0,0.0,0.0
6_0THN4chvY_2,train,100,32,0.02440376579761505,0.965476393699646,0.0,0.0,0.0,0.0,0.0,0.0
6_0THN4chvY_3,train,100,32,0.03131413087248802,1.0041000843048096,0.0,0.0,0.0,0.0,0.0,0.0
6_0THN4chvY_4,train,73,32,0.021397560834884644,1.0060282945632935,0.0,0.0,0.0,0.0,0.0,0.0
6_0THN4chvY_5,train,91,32,0.039213333278894424,0.9781675934791565,0.0,0.0,0.0,0.0,0.0,0.0
6_0THN4chvY_6,train,100,32,0.04780590534210205,0.9987975358963013,0.0,0.0,0.0,0.0,0.0,0.0
6_0THN4chvY_7,train,100,32,0.06508782505989075,1.0093367099761963,0.0,0.0,0.0,0.0,0.0,0.0
6_0THN4chvY_8,train,100,32,0.03316124156117439,0.9976971745491028,0.0,0.0,0.0,0.0,0.0,0.0
6_0THN4chvY_9,train,100,32,0.034054916352033615,0.9999834299087524,0.0,0.0,0.0,0.0,0.0,0.0
73jzhE8R1TQ_1,train,100,32,0.0280178040266037,1.0246186256408691,0.0,0.0,0.0,0.0,0.0,0.0
73jzhE8R1TQ_10,train,100,32,0.02966984175145626,1.0330212116241455,0.0,0.0,0.0,0.0,0.0,0.0
73jzhE8R1TQ_11,train,100,32,0.045254480093717575,1.0299251079559326,0.0,0.0,0.0,0.0,0.0,0.0
73jzhE8R1TQ_12,train,100,32,0.031454119831323624,1.0288960933685303,0.0,0.0,0.0,0.0,0.0,0.0
73jzhE8R1TQ_13,train,100,32,0.03076181747019291,1.0163376331329346,0.0,0.0,0.0,0.0,0.0,0.0
73jzhE8R1TQ_14,train,100,32,0.019677234813570976,1.027809500694275,0.0,0.0,0.0,0.0,0.0,0.0
73jzhE8R1TQ_15,train,100,32,0.027294233441352844,1.0347081422805786,0.0,0.0,0.0,0.0,0.0,0.0
73jzhE8R1TQ_16,train,100,32,0.02201022207736969,1.054569125175476,0.0,0.0,0.0,0.0,0.0,0.0
73jzhE8R1TQ_17,train,100,32,0.034933462738990784,1.05522882938385,0.0,0.0,0.0,0.0,0.0,0.0
73jzhE8R1TQ_18,train,100,32,0.02268935739994049,1.0276522636413574,0.0,0.0,0.0,0.0,0.0,0.0
73jzhE8R1TQ_19,train,100,32,0.02885306440293789,1.018568515777588,0.0,0.0,0.0,0.0,0.0,0.0
73jzhE8R1TQ_2,train,100,32,0.03901498019695282,1.0396808385849,0.0,0.0,0.0,0.0,0.0,0.0
73jzhE8R1TQ_3,train,100,32,0.027602793648838997,1.0433303117752075,0.0,0.0,0.0,0.0,0.0,0.0
73jzhE8R1TQ_4,train,43,32,0.017591267824172974,1.0636001825332642,0.0,0.0,0.0,0.0,0.0,0.0
73jzhE8R1TQ_5,train,100,32,0.03621603548526764,1.0336127281188965,0.0,0.0,0.0,0.0,0.0,0.0
73jzhE8R1TQ_6,train,100,32,0.028337320312857628,1.0253854990005493,0.0,0.0,0.0,0.0,0.0,0.0
73jzhE8R1TQ_7,train,98,32,0.020370250567793846,1.0428352355957031,0.0,0.0,0.0,0.0,0.0,0.0
73jzhE8R1TQ_8,train,100,32,0.03123142570257187,1.036239504814148,0.0,0.0,0.0,0.0,0.0,0.0
73jzhE8R1TQ_9,train,100,32,0.026591384783387184,1.0415992736816406,0.0,0.0,0.0,0.0,0.0,0.0
7JsX8y1ysxY_1,train,96,32,0.04299233481287956,0.9878146648406982,0.0,0.0,0.0,0.0,0.0,0.0
7JsX8y1ysxY_10,train,29,32,0.027998225763440132,1.0231963396072388,0.0,0.0,0.0,0.0,0.0,0.0
7JsX8y1ysxY_11,train,54,32,0.029222773388028145,1.0405261516571045,0.0,0.0,0.0,0.0,0.0,0.0
7JsX8y1ysxY_12,train,100,32,0.025653665885329247,1.0149869918823242,0.0,0.0,0.0,0.0,0.0,0.0
7JsX8y1ysxY_13,train,73,32,0.017241744324564934,1.025019884109497,0.0,0.0,0.0,0.0,0.0,0.0
7JsX8y1ysxY_14,train,100,32,0.035427164286375046,1.0217686891555786,0.0,0.0,0.0,0.0,0.0,0.0
7JsX8y1ysxY_15,train,100,32,0.033168744295835495,0.9896161556243896,0.0,0.0,0.0,0.0,0.0,0.0
7JsX8y1ysxY_16,train,59,32,0.02279183268547058,0.9993783831596375,0.0,0.0,0.0,0.0,0.0,0.0
7JsX8y1ysxY_17,train,73,32,0.025074491277337074,1.0171260833740234,0.0,0.0,0.0,0.0,0.0,0.0
7JsX8y1ysxY_18,train,86,32,0.021917080506682396,1.010581612586975,0.0,0.0,0.0,0.0,0.0,0.0
7JsX8y1ysxY_19,train,100,32,0.040317270904779434,1.0286781787872314,0.0,0.0,0.0,0.0,0.0,0.0
7JsX8y1ysxY_2,train,100,32,0.03608442470431328,0.9918791055679321,0.0,0.0,0.0,0.0,0.0,0.0
7JsX8y1ysxY_20,train,88,32,0.027271682396531105,1.0178639888763428,0.0,0.0,0.0,0.0,0.0,0.0
7JsX8y1ysxY_21,train,100,32,0.026439180597662926,1.0038871765136719,0.0,0.0,0.0,0.0,0.0,0.0
7JsX8y1ysxY_22,train,71,32,0.017262334004044533,1.003767490386963,0.0,0.0,0.0,0.0,0.0,0.0
7JsX8y1ysxY_23,train,78,32,0.021896427497267723,1.005033254623413,0.0,0.0,0.0,0.0,0.0,0.0
7JsX8y1ysxY_24,train,84,32,0.02806561440229416,0.9881523251533508,0.0,0.0,0.0,0.0,0.0,0.0
7JsX8y1ysxY_25,train,74,32,0.03337378427386284,0.9360052943229675,0.0,0.0,0.0,0.0,0.0,0.0
7JsX8y1ysxY_26,train,100,32,0.020647896453738213,1.0239410400390625,0.0,0.0,0.0,0.0,0.0,0.0
7JsX8y1ysxY_27,train,54,32,0.027418971061706543,1.029710054397583,0.0,0.0,0.0,0.0,0.0,0.0
7JsX8y1ysxY_28,train,53,32,0.049511075019836426,1.045942783355713,0.0,0.0,0.0,0.0,0.0,0.0
7JsX8y1ysxY_29,train,100,32,0.02056383341550827,1.019056797027588,0.0,0.0,0.0,0.0,0.0,0.0
7JsX8y1ysxY_3,train,100,32,0.03676791489124298,1.0047106742858887,0.0,0.0,0.0,0.0,0.0,0.0
7JsX8y1ysxY_30,train,100,32,0.02166113257408142,1.0181500911712646,0.0,0.0,0.0,0.0,0.0,0.0
7JsX8y1ysxY_31,train,83,32,0.04869167134165764,1.0278370380401611,0.0,0.0,0.0,0.0,0.0,0.0
7JsX8y1ysxY_32,train,100,32,0.026859423145651817,1.022080898284912,0.0,0.0,0.0,0.0,0.0,0.0
7JsX8y1ysxY_33,train,100,32,0.03556688129901886,1.009408950805664,0.0,0.0,0.0,0.0,0.0,0.0
7JsX8y1ysxY_34,train,100,32,0.03368520736694336,0.9953411817550659,0.0,0.0,0.0,0.0,0.0,0.0
7JsX8y1ysxY_35,train,100,32,0.02608947455883026,1.0241878032684326,0.0,0.0,0.0,0.0,0.0,0.0
7JsX8y1ysxY_36,train,100,32,0.023715084418654442,1.0007272958755493,0.0,0.0,0.0,0.0,0.0,0.0
7JsX8y1ysxY_37,train,100,32,0.02129056304693222,1.0128345489501953,0.0,0.0,0.0,0.0,0.0,0.0
7JsX8y1ysxY_38,train,100,32,0.02980860508978367,1.0021153688430786,0.0,0.0,0.0,0.0,0.0,0.0
7JsX8y1ysxY_39,train,89,32,0.022241869941353798,1.0276604890823364,0.0,0.0,0.0,0.0,0.0,0.0
7JsX8y1ysxY_4,train,61,32,0.019393054768443108,1.02785325050354,0.0,0.0,0.0,0.0,0.0,0.0
7JsX8y1ysxY_5,train,100,32,0.030627960339188576,0.9604305624961853,0.0,0.0,0.0,0.0,0.0,0.0
7JsX8y1ysxY_6,train,53,32,0.0191351231187582,1.0313341617584229,0.0,0.0,0.0,0.0,0.0,0.0
7JsX8y1ysxY_7,train,100,32,0.017720559611916542,1.0293105840682983,0.0,0.0,0.0,0.0,0.0,0.0
7JsX8y1ysxY_8,train,100,32,0.0301516056060791,1.0100469589233398,0.0,0.0,0.0,0.0,0.0,0.0
7JsX8y1ysxY_9,train,39,32,0.019217146560549736,0.988681435585022,0.0,0.0,0.0,0.0,0.0,0.0
8OtFthrtaJM_1,train,100,32,0.030626138672232628,1.0642762184143066,0.0,0.0,0.0,0.0,0.0,0.0
8OtFthrtaJM_10,train,99,32,0.027038060128688812,1.1035220623016357,0.0,0.0,0.0,0.0,0.0,0.0
8OtFthrtaJM_11,train,100,32,0.030465781688690186,1.0403746366500854,0.0,0.0,0.0,0.0,0.0,0.0
8OtFthrtaJM_12,train,100,32,0.032594431191682816,1.0798916816711426,0.0,0.0,0.0,0.0,0.0,0.0
8OtFthrtaJM_13,train,100,32,0.030291445553302765,1.0759046077728271,0.0,0.0,0.0,0.0,0.0,0.0
8OtFthrtaJM_14,train,100,32,0.04273576661944389,1.0872077941894531,0.0,0.0,0.0,0.0,0.0,0.0
8OtFthrtaJM_15,train,100,32,0.026191607117652893,1.0881376266479492,0.0,0.0,0.0,0.0,0.0,0.0
8OtFthrtaJM_16,train,100,32,0.02388748526573181,1.1097362041473389,0.0,0.0,0.0,0.0,0.0,0.0
8OtFthrtaJM_17,train,78,32,0.027245862409472466,1.0938212871551514,0.0,0.0,0.0,0.0,0.0,0.0
8OtFthrtaJM_18,train,100,32,0.023179247975349426,1.0950498580932617,0.0,0.0,0.0,0.0,0.0,0.0
8OtFthrtaJM_19,train,100,32,0.03360489383339882,1.088463544845581,0.0,0.0,0.0,0.0,0.0,0.0
8OtFthrtaJM_2,train,100,32,0.036401424556970596,1.049312949180603,0.0,0.0,0.0,0.0,0.0,0.0
8OtFthrtaJM_20,train,100,32,0.0397929884493351,1.0627890825271606,0.0,0.0,0.0,0.0,0.0,0.0
8OtFthrtaJM_21,train,100,32,0.035254161804914474,1.0999937057495117,0.0,0.0,0.0,0.0,0.0,0.0
8OtFthrtaJM_22,train,100,32,0.021670663729310036,1.098576545715332,0.0,0.0,0.0,0.0,0.0,0.0
8OtFthrtaJM_23,train,100,32,0.039048489183187485,1.069846749305725,0.0,0.0,0.0,0.0,0.0,0.0
8OtFthrtaJM_3,train,100,32,0.029578780755400658,1.0492527484893799,0.0,0.0,0.0,0.0,0.0,0.0
8OtFthrtaJM_4,train,100,32,0.020662391558289528,1.081918716430664,0.0,0.0,0.0,0.0,0.0,0.0
8OtFthrtaJM_5,train,100,32,0.021103231236338615,1.0484378337860107,0.0,0.0,0.0,0.0,0.0,0.0
8OtFthrtaJM_6,train,100,32,0.0427546352148056,1.0632026195526123,0.0,0.0,0.0,0.0,0.0,0.0
8OtFthrtaJM_7,train,69,32,0.03244595602154732,1.0417897701263428,0.0,0.0,0.0,0.0,0.0,0.0
8OtFthrtaJM_8,train,100,32,0.039551421999931335,1.0833044052124023,0.0,0.0,0.0,0.0,0.0,0.0
8OtFthrtaJM_9,train,100,32,0.027995645999908447,1.0748519897460938,0.0,0.0,0.0,0.0,0.0,0.0
8d-gEyoeBzc_1,train,100,32,0.01880519837141037,0.9944082498550415,0.0,0.0,0.0,0.0,0.0,0.0
8d-gEyoeBzc_10,train,100,32,0.024678049609065056,1.019026517868042,0.0,0.0,0.0,0.0,0.0,0.0
8d-gEyoeBzc_11,train,100,32,0.028048105537891388,0.9951634407043457,0.0,0.0,0.0,0.0,0.0,0.0
8d-gEyoeBzc_12,train,100,32,0.03482848405838013,1.0305991172790527,0.0,0.0,0.0,0.0,0.0,0.0
8d-gEyoeBzc_13,train,84,32,0.04015195742249489,1.006397008895874,0.0,0.0,0.0,0.0,0.0,0.0
8d-gEyoeBzc_14,train,54,32,0.018333693966269493,1.0373854637145996,0.0,0.0,0.0,0.0,0.0,0.0
8d-gEyoeBzc_15,train,100,32,0.033653125166893005,0.9970812797546387,0.0,0.0,0.0,0.0,0.0,0.0
8d-gEyoeBzc_16,train,100,32,0.020125210285186768,1.00754714012146,0.0,0.0,0.0,0.0,0.0,0.0
8d-gEyoeBzc_17,train,100,32,0.026738867163658142,0.9919887185096741,0.0,0.0,0.0,0.0,0.0,0.0
8d-gEyoeBzc_18,train,100,32,0.020449690520763397,1.0070443153381348,0.0,0.0,0.0,0.0,0.0,0.0
8d-gEyoeBzc_19,train,100,32,0.03521554544568062,0.9713253974914551,0.0,0.0,0.0,0.0,0.0,0.0
8d-gEyoeBzc_2,train,100,32,0.02564348094165325,0.9983404874801636,0.0,0.0,0.0,0.0,0.0,0.0
8d-gEyoeBzc_20,train,100,32,0.020485803484916687,0.951797604560852,0.0,0.0,0.0,0.0,0.0,0.0
8d-gEyoeBzc_21,train,100,32,0.02947615273296833,1.0029104948043823,0.0,0.0,0.0,0.0,0.0,0.0
8d-gEyoeBzc_22,train,100,32,0.0347222276031971,0.9977169036865234,0.0,0.0,0.0,0.0,0.0,0.0
8d-gEyoeBzc_23,train,100,32,0.026238897815346718,1.0136432647705078,0.0,0.0,0.0,0.0,0.0,0.0
8d-gEyoeBzc_24,train,100,32,0.0414261519908905,0.9796552062034607,0.0,0.0,0.0,0.0,0.0,0.0
8d-gEyoeBzc_25,train,100,32,0.025866558775305748,1.0011601448059082,0.0,0.0,0.0,0.0,0.0,0.0
8d-gEyoeBzc_26,train,100,32,0.029386529698967934,1.0171490907669067,0.0,0.0,0.0,0.0,0.0,0.0
8d-gEyoeBzc_27,train,100,32,0.01993785984814167,1.0217965841293335,0.0,0.0,0.0,0.0,0.0,0.0
8d-gEyoeBzc_28,train,100,32,0.028878411278128624,1.023206353187561,0.0,0.0,0.0,0.0,0.0,0.0
8d-gEyoeBzc_29,train,100,32,0.03559842333197594,0.979017972946167,0.0,0.0,0.0,0.0,0.0,0.0
8d-gEyoeBzc_3,train,100,32,0.03027832694351673,1.0152860879898071,0.0,0.0,0.0,0.0,0.0,0.0
8d-gEyoeBzc_30,train,73,32,0.018628766760230064,1.0331227779388428,0.0,0.0,0.0,0.0,0.0,0.0
8d-gEyoeBzc_4,train,100,32,0.03400154784321785,0.9990760087966919,0.0,0.0,0.0,0.0,0.0,0.0
8d-gEyoeBzc_5,train,100,32,0.02358083613216877,1.0052977800369263,0.0,0.0,0.0,0.0,0.0,0.0
8d-gEyoeBzc_6,train,100,32,0.02734568901360035,0.9956154227256775,0.0,0.0,0.0,0.0,0.0,0.0
8d-gEyoeBzc_7,train,100,32,0.035941675305366516,1.0087705850601196,0.0,0.0,0.0,0.0,0.0,0.0
8d-gEyoeBzc_8,train,100,32,0.01975899189710617,0.9833210706710815,0.0,0.0,0.0,0.0,0.0,0.0
8d-gEyoeBzc_9,train,100,32,0.03784032166004181,0.9809876084327698,0.0,0.0,0.0,0.0,0.0,0.0
8qrpnFRGt2A_1,train,100,32,0.03328863903880119,1.0231349468231201,0.0,0.0,0.0,0.0,0.0,0.0
8qrpnFRGt2A_10,train,100,32,0.037514861673116684,0.9925482273101807,0.0,0.0,0.0,0.0,0.0,0.0
8qrpnFRGt2A_11,train,100,32,0.03494744747877121,1.0262176990509033,0.0,0.0,0.0,0.0,0.0,0.0
8qrpnFRGt2A_12,train,100,32,0.025300266221165657,0.8997321724891663,0.0,0.0,0.0,0.0,0.0,0.0
8qrpnFRGt2A_13,train,58,32,0.024480829015374184,0.9961577653884888,0.0,0.0,0.0,0.0,0.0,0.0
8qrpnFRGt2A_14,train,100,32,0.029848182573914528,0.8455188870429993,0.0,0.0,0.0,0.0,0.0,0.0
8qrpnFRGt2A_15,train,100,32,0.03268374502658844,1.029265284538269,0.0,0.0,0.0,0.0,0.0,0.0
8qrpnFRGt2A_16,train,100,32,0.01621047593653202,1.0201237201690674,0.0,0.0,0.0,0.0,0.0,0.0
8qrpnFRGt2A_17,train,69,32,0.03494471311569214,1.04487144947052,0.0,0.0,0.0,0.0,0.0,0.0
8qrpnFRGt2A_18,train,100,32,0.03378089889883995,0.9870867729187012,0.0,0.0,0.0,0.0,0.0,0.0
8qrpnFRGt2A_19,train,100,32,0.032668035477399826,1.0388590097427368,0.0,0.0,0.0,0.0,0.0,0.0
8qrpnFRGt2A_2,train,100,32,0.028731048107147217,0.9496800899505615,0.0,0.0,0.0,0.0,0.0,0.0
8qrpnFRGt2A_20,train,100,32,0.02704443596303463,1.0274704694747925,0.0,0.0,0.0,0.0,0.0,0.0
8qrpnFRGt2A_21,train,100,32,0.030095914378762245,1.0367374420166016,0.0,0.0,0.0,0.0,0.0,0.0
8qrpnFRGt2A_22,train,100,32,0.02864830195903778,1.0423921346664429,0.0,0.0,0.0,0.0,0.0,0.0
8qrpnFRGt2A_23,train,100,32,0.0314178541302681,1.058619737625122,0.0,0.0,0.0,0.0,0.0,0.0
8qrpnFRGt2A_24,train,100,32,0.021521320566534996,1.068854570388794,0.0,0.0,0.0,0.0,0.0,0.0
8qrpnFRGt2A_25,train,100,32,0.018273530527949333,1.0573569536209106,0.0,0.0,0.0,0.0,0.0,0.0
8qrpnFRGt2A_26,train,100,32,0.026862910017371178,0.9490711092948914,0.0,0.0,0.0,0.0,0.0,0.0
8qrpnFRGt2A_3,train,100,32,0.044266920536756516,0.9843215346336365,0.0,0.0,0.0,0.0,0.0,0.0
8qrpnFRGt2A_4,train,100,32,0.055024221539497375,1.0352888107299805,0.0,0.0,0.0,0.0,0.0,0.0
8qrpnFRGt2A_5,train,100,32,0.03362070024013519,1.0290755033493042,0.0,0.0,0.0,0.0,0.0,0.0
8qrpnFRGt2A_6,train,100,32,0.048277076333761215,1.031630516052246,0.0,0.0,0.0,0.0,0.0,0.0
8qrpnFRGt2A_7,train,100,32,0.07490205764770508,1.039103627204895,0.0,0.0,0.0,0.0,0.0,0.0
8qrpnFRGt2A_8,train,100,32,0.032029200345277786,1.034261703491211,0.0,0.0,0.0,0.0,0.0,0.0
8qrpnFRGt2A_9,train,100,32,0.037320900708436966,1.0426465272903442,0.0,0.0,0.0,0.0,0.0,0.0
9J25DZhivz8_1,train,100,32,0.03208578750491142,0.9919954538345337,0.0,0.0,0.0,0.0,0.0,0.0
9J25DZhivz8_10,train,100,32,0.05442701652646065,1.0125324726104736,0.0,0.0,0.0,0.0,0.0,0.0
9J25DZhivz8_11,train,100,32,0.03143267333507538,1.001285433769226,0.0,0.0,0.0,0.0,0.0,0.0
9J25DZhivz8_12,train,100,32,0.028577489778399467,0.9821446537971497,0.0,0.0,0.0,0.0,0.0,0.0
9J25DZhivz8_13,train,100,32,0.025444043800234795,1.0028555393218994,0.0,0.0,0.0,0.0,0.0,0.0
9J25DZhivz8_14,train,100,32,0.05340017378330231,0.9844357967376709,0.0,0.0,0.0,0.0,0.0,0.0
9J25DZhivz8_15,train,44,32,0.032771747559309006,1.006514549255371,0.0,0.0,0.0,0.0,0.0,0.0
9J25DZhivz8_16,train,100,32,0.03544687107205391,0.9784051775932312,0.0,0.0,0.0,0.0,0.0,0.0
9J25DZhivz8_17,train,100,32,0.022183960303664207,0.9827738404273987,0.0,0.0,0.0,0.0,0.0,0.0
9J25DZhivz8_18,train,100,32,0.034550443291664124,0.9702322483062744,0.0,0.0,0.0,0.0,0.0,0.0
9J25DZhivz8_19,train,100,32,0.02551255375146866,0.9183506369590759,0.0,0.0,0.0,0.0,0.0,0.0
9J25DZhivz8_2,train,100,32,0.04220155254006386,0.9911819696426392,0.0,0.0,0.0,0.0,0.0,0.0
9J25DZhivz8_20,train,54,32,0.021031400188803673,1.0195896625518799,0.0,0.0,0.0,0.0,0.0,0.0
9J25DZhivz8_21,train,53,32,0.023545635864138603,1.0126416683197021,0.0,0.0,0.0,0.0,0.0,0.0
9J25DZhivz8_22,train,100,32,0.03059564344584942,1.0131001472473145,0.0,0.0,0.0,0.0,0.0,0.0
9J25DZhivz8_23,train,98,32,0.03319191560149193,0.9814463257789612,0.0,0.0,0.0,0.0,0.0,0.0
9J25DZhivz8_24,train,88,32,0.02932368963956833,0.9816392064094543,0.0,0.0,0.0,0.0,0.0,0.0
9J25DZhivz8_25,train,100,32,0.034591659903526306,0.9717972874641418,0.0,0.0,0.0,0.0,0.0,0.0
9J25DZhivz8_3,train,100,32,0.028231369331479073,1.0156208276748657,0.0,0.0,0.0,0.0,0.0,0.0
9J25DZhivz8_4,train,100,32,0.03259405493736267,0.997887372970581,0.0,0.0,0.0,0.0,0.0,0.0
9J25DZhivz8_5,train,68,32,0.026785125955939293,0.9743375182151794,0.0,0.0,0.0,0.0,0.0,0.0
9J25DZhivz8_6,train,100,32,0.02697976864874363,1.0103013515472412,0.0,0.0,0.0,0.0,0.0,0.0
9J25DZhivz8_7,train,100,32,0.03980380669236183,0.9849434494972229,0.0,0.0,0.0,0.0,0.0,0.0
9J25DZhivz8_8,train,100,32,0.044850219041109085,1.0196524858474731,0.0,0.0,0.0,0.0,0.0,0.0
9J25DZhivz8_9,train,100,32,0.039065975695848465,0.9953864216804504,0.0,0.0,0.0,0.0,0.0,0.0
9T9Hf74oK10_1,train,53,32,0.01646343246102333,1.0431082248687744,0.0,0.0,0.0,0.0,0.0,0.0
9T9Hf74oK10_10,train,86,32,0.038651857525110245,1.0502715110778809,0.0,0.0,0.0,0.0,0.0,0.0
9T9Hf74oK10_11,train,100,32,0.03026510775089264,1.0277376174926758,0.0,0.0,0.0,0.0,0.0,0.0
9T9Hf74oK10_12,train,100,32,0.04945700243115425,1.0127383470535278,0.0,0.0,0.0,0.0,0.0,0.0
9T9Hf74oK10_13,train,100,32,0.03844102472066879,0.9762668609619141,0.0,0.0,0.0,0.0,0.0,0.0
9T9Hf74oK10_14,train,100,32,0.026631370186805725,1.002737283706665,0.0,0.0,0.0,0.0,0.0,0.0
9T9Hf74oK10_15,train,100,32,0.02479568123817444,0.9870120286941528,0.0,0.0,0.0,0.0,0.0,0.0
9T9Hf74oK10_16,train,100,32,0.02654515765607357,0.9665958881378174,0.0,0.0,0.0,0.0,0.0,0.0
9T9Hf74oK10_17,train,100,32,0.02509790100157261,1.0268299579620361,0.0,0.0,0.0,0.0,0.0,0.0
9T9Hf74oK10_18,train,100,32,0.029247408732771873,0.9671601057052612,0.0,0.0,0.0,0.0,0.0,0.0
9T9Hf74oK10_19,train,100,32,0.030420273542404175,0.9862730503082275,0.0,0.0,0.0,0.0,0.0,0.0
9T9Hf74oK10_2,train,100,32,0.026958584785461426,1.0297484397888184,0.0,0.0,0.0,0.0,0.0,0.0
9T9Hf74oK10_20,train,100,32,0.0404152013361454,1.0134611129760742,0.0,0.0,0.0,0.0,0.0,0.0
9T9Hf74oK10_21,train,100,32,0.035762276500463486,1.0215916633605957,0.0,0.0,0.0,0.0,0.0,0.0
9T9Hf74oK10_22,train,100,32,0.0526178739964962,1.006912112236023,0.0,0.0,0.0,0.0,0.0,0.0
9T9Hf74oK10_23,train,100,32,0.020246056839823723,1.0215590000152588,0.0,0.0,0.0,0.0,0.0,0.0
9T9Hf74oK10_24,train,98,32,0.030944228172302246,1.0320011377334595,0.0,0.0,0.0,0.0,0.0,0.0
9T9Hf74oK10_25,train,100,32,0.03445291891694069,1.0164791345596313,0.0,0.0,0.0,0.0,0.0,0.0
9T9Hf74oK10_3,train,100,32,0.035906899720430374,0.9784711003303528,0.0,0.0,0.0,0.0,0.0,0.0
9T9Hf74oK10_4,train,100,32,0.02903067134320736,1.0332374572753906,0.0,0.0,0.0,0.0,0.0,0.0
9T9Hf74oK10_5,train,100,32,0.027875646948814392,0.962404191493988,0.0,0.0,0.0,0.0,0.0,0.0
9T9Hf74oK10_6,train,100,32,0.04350627586245537,1.0453758239746094,0.0,0.0,0.0,0.0,0.0,0.0
9T9Hf74oK10_7,train,100,32,0.03633509948849678,1.013401985168457,0.0,0.0,0.0,0.0,0.0,0.0
9T9Hf74oK10_8,train,100,32,0.04241326451301575,1.0054043531417847,0.0,0.0,0.0,0.0,0.0,0.0
9T9Hf74oK10_9,train,100,32,0.030906153842806816,1.0150350332260132,0.0,0.0,0.0,0.0,0.0,0.0
9c67fiY0wGQ_1,train,100,32,0.019054843112826347,1.008663535118103,0.0,0.0,0.0,0.0,0.0,0.0
9c67fiY0wGQ_10,train,100,32,0.02616092562675476,1.000112771987915,0.0,0.0,0.0,0.0,0.0,0.0
9c67fiY0wGQ_11,train,100,32,0.025536268949508667,1.0160796642303467,0.0,0.0,0.0,0.0,0.0,0.0
9c67fiY0wGQ_12,train,100,32,0.024416768923401833,1.0003327131271362,0.0,0.0,0.0,0.0,0.0,0.0
9c67fiY0wGQ_2,train,100,32,0.028065362945199013,1.0197234153747559,0.0,0.0,0.0,0.0,0.0,0.0
9c67fiY0wGQ_3,train,100,32,0.02461908757686615,1.018607497215271,0.0,0.0,0.0,0.0,0.0,0.0
9c67fiY0wGQ_4,train,100,32,0.02340291626751423,1.0008337497711182,0.0,0.0,0.0,0.0,0.0,0.0
9c67fiY0wGQ_5,train,100,32,0.02050330862402916,0.999968409538269,0.0,0.0,0.0,0.0,0.0,0.0
9c67fiY0wGQ_6,train,100,32,0.028386464342474937,1.0182816982269287,0.0,0.0,0.0,0.0,0.0,0.0
9c67fiY0wGQ_7,train,100,32,0.027290379628539085,1.0008641481399536,0.0,0.0,0.0,0.0,0.0,0.0
9c67fiY0wGQ_8,train,100,32,0.01637643575668335,1.0104539394378662,0.0,0.0,0.0,0.0,0.0,0.0
9c67fiY0wGQ_9,train,99,32,0.034154508262872696,1.007872462272644,0.0,0.0,0.0,0.0,0.0,0.0
9qR7uwkblbs_1,train,100,32,0.027780229225754738,1.0442968606948853,0.0,0.0,0.0,0.0,0.0,0.0
9qR7uwkblbs_10,train,100,32,0.029064198955893517,1.0324687957763672,0.0,0.0,0.0,0.0,0.0,0.0
9qR7uwkblbs_11,train,100,32,0.02964787743985653,1.0136733055114746,0.0,0.0,0.0,0.0,0.0,0.0
9qR7uwkblbs_12,train,100,32,0.020621752366423607,0.970115065574646,0.0,0.0,0.0,0.0,0.0,0.0
9qR7uwkblbs_13,train,100,32,0.0256036389619112,1.0100163221359253,0.0,0.0,0.0,0.0,0.0,0.0
9qR7uwkblbs_14,train,64,32,0.01622341014444828,1.0405261516571045,0.0,0.0,0.0,0.0,0.0,0.0
9qR7uwkblbs_15,train,100,32,0.025199150666594505,1.0363836288452148,0.0,0.0,0.0,0.0,0.0,0.0
9qR7uwkblbs_16,train,100,32,0.037259530276060104,1.0266954898834229,0.0,0.0,0.0,0.0,0.0,0.0
9qR7uwkblbs_17,train,91,32,0.020473835989832878,1.0317035913467407,0.0,0.0,0.0,0.0,0.0,0.0
9qR7uwkblbs_18,train,100,32,0.02290807105600834,1.020256757736206,0.0,0.0,0.0,0.0,0.0,0.0
9qR7uwkblbs_19,train,73,32,0.020125338807702065,1.0137383937835693,0.0,0.0,0.0,0.0,0.0,0.0
9qR7uwkblbs_2,train,100,32,0.022821886464953423,1.0128962993621826,0.0,0.0,0.0,0.0,0.0,0.0
9qR7uwkblbs_20,train,73,32,0.01926117204129696,1.030387282371521,0.0,0.0,0.0,0.0,0.0,0.0
9qR7uwkblbs_21,train,64,32,0.013559121638536453,1.0790971517562866,0.0,0.0,0.0,0.0,0.0,0.0
9qR7uwkblbs_22,train,100,32,0.018312083557248116,1.0020475387573242,0.0,0.0,0.0,0.0,0.0,0.0
9qR7uwkblbs_23,train,100,32,0.022486204281449318,1.0045578479766846,0.0,0.0,0.0,0.0,0.0,0.0
9qR7uwkblbs_24,train,59,32,0.016636580228805542,1.0092554092407227,0.0,0.0,0.0,0.0,0.0,0.0
9qR7uwkblbs_25,train,100,32,0.035468947142362595,1.0296635627746582,0.0,0.0,0.0,0.0,0.0,0.0
9qR7uwkblbs_26,train,100,32,0.01652669347822666,1.0418269634246826,0.0,0.0,0.0,0.0,0.0,0.0
9qR7uwkblbs_27,train,93,32,0.03647297993302345,1.0244815349578857,0.0,0.0,0.0,0.0,0.0,0.0
9qR7uwkblbs_28,train,100,32,0.022983307018876076,1.0393102169036865,0.0,0.0,0.0,0.0,0.0,0.0
9qR7uwkblbs_29,train,100,32,0.02185547538101673,1.030321478843689,0.0,0.0,0.0,0.0,0.0,0.0
9qR7uwkblbs_3,train,91,32,0.020193466916680336,1.0001447200775146,0.0,0.0,0.0,0.0,0.0,0.0
9qR7uwkblbs_30,train,100,32,0.02521483413875103,1.0123093128204346,0.0,0.0,0.0,0.0,0.0,0.0
9qR7uwkblbs_31,train,100,32,0.020758891478180885,1.018279790878296,0.0,0.0,0.0,0.0,0.0,0.0
9qR7uwkblbs_32,train,79,32,0.01967262476682663,1.0332708358764648,0.0,0.0,0.0,0.0,0.0,0.0
9qR7uwkblbs_33,train,11,32,0.024581916630268097,1.1120107173919678,0.0,0.0,0.0,0.0,0.0,0.0
9qR7uwkblbs_4,train,100,32,0.020070411264896393,1.0556488037109375,0.0,0.0,0.0,0.0,0.0,0.0
9qR7uwkblbs_5,train,100,32,0.03274143859744072,1.0160984992980957,0.0,0.0,0.0,0.0,0.0,0.0
9qR7uwkblbs_6,train,100,32,0.0187266543507576,1.0061992406845093,0.0,0.0,0.0,0.0,0.0,0.0
9qR7uwkblbs_7,train,100,32,0.02243671379983425,0.8789329528808594,0.0,0.0,0.0,0.0,0.0,0.0
9qR7uwkblbs_8,train,74,32,0.0184961948543787,1.0350408554077148,0.0,0.0,0.0,0.0,0.0,0.0
9qR7uwkblbs_9,train,100,32,0.021433712914586067,1.0091660022735596,0.0,0.0,0.0,0.0,0.0,0.0
Af8D0E4ZXaw_1,train,100,32,0.027337366715073586,0.9465150833129883,0.0,0.0,0.0,0.0,0.0,0.0
Af8D0E4ZXaw_10,train,100,32,0.02536781132221222,0.9797695875167847,0.0,0.0,0.0,0.0,0.0,0.0
Af8D0E4ZXaw_11,train,100,32,0.028896093368530273,0.9414665699005127,0.0,0.0,0.0,0.0,0.0,0.0
Af8D0E4ZXaw_12,train,100,32,0.033542025834321976,1.012976884841919,0.0,0.0,0.0,0.0,0.0,0.0
Af8D0E4ZXaw_13,train,68,32,0.022429654374718666,0.987242579460144,0.0,0.0,0.0,0.0,0.0,0.0
Af8D0E4ZXaw_14,train,61,32,0.039600107818841934,0.9653317928314209,0.0,0.0,0.0,0.0,0.0,0.0
Af8D0E4ZXaw_15,train,100,32,0.018806593492627144,0.9490965604782104,0.0,0.0,0.0,0.0,0.0,0.0
Af8D0E4ZXaw_16,train,69,32,0.03431810066103935,0.9210906028747559,0.0,0.0,0.0,0.0,0.0,0.0
Af8D0E4ZXaw_17,train,100,32,0.029808469116687775,0.9517883062362671,0.0,0.0,0.0,0.0,0.0,0.0
Af8D0E4ZXaw_18,train,100,32,0.020515576004981995,0.9742740988731384,0.0,0.0,0.0,0.0,0.0,0.0
Af8D0E4ZXaw_19,train,88,32,0.02703494392335415,0.9312469363212585,0.0,0.0,0.0,0.0,0.0,0.0
Af8D0E4ZXaw_2,train,100,32,0.03772782161831856,0.9774653315544128,0.0,0.0,0.0,0.0,0.0,0.0
Af8D0E4ZXaw_20,train,100,32,0.03389318659901619,0.9475526809692383,0.0,0.0,0.0,0.0,0.0,0.0
Af8D0E4ZXaw_21,train,100,32,0.024392301216721535,0.9939087629318237,0.0,0.0,0.0,0.0,0.0,0.0
Af8D0E4ZXaw_22,train,100,32,0.024863889440894127,1.037096619606018,0.0,0.0,0.0,0.0,0.0,0.0
Af8D0E4ZXaw_23,train,100,32,0.031819168478250504,0.9965314865112305,0.0,0.0,0.0,0.0,0.0,0.0
Af8D0E4ZXaw_24,train,100,32,0.029108813032507896,0.9940202236175537,0.0,0.0,0.0,0.0,0.0,0.0
Af8D0E4ZXaw_25,train,100,32,0.050258710980415344,0.9755055904388428,0.0,0.0,0.0,0.0,0.0,0.0
Af8D0E4ZXaw_26,train,100,32,0.02007356472313404,0.9981870055198669,0.0,0.0,0.0,0.0,0.0,0.0
Af8D0E4ZXaw_27,train,100,32,0.02816958725452423,0.9937311410903931,0.0,0.0,0.0,0.0,0.0,0.0
Af8D0E4ZXaw_28,train,78,32,0.027151962742209435,1.0239009857177734,0.0,0.0,0.0,0.0,0.0,0.0
Af8D0E4ZXaw_29,train,100,32,0.03146742656826973,0.9220106601715088,0.0,0.0,0.0,0.0,0.0,0.0
Af8D0E4ZXaw_3,train,100,32,0.023748943582177162,0.982160747051239,0.0,0.0,0.0,0.0,0.0,0.0
Af8D0E4ZXaw_30,train,79,32,0.032104626297950745,0.9527934789657593,0.0,0.0,0.0,0.0,0.0,0.0
Af8D0E4ZXaw_31,train,100,32,0.04042772203683853,0.9739589691162109,0.0,0.0,0.0,0.0,0.0,0.0
Af8D0E4ZXaw_4,train,100,32,0.02860778570175171,1.008652925491333,0.0,0.0,0.0,0.0,0.0,0.0
Af8D0E4ZXaw_5,train,100,32,0.045774925500154495,0.9473246335983276,0.0,0.0,0.0,0.0,0.0,0.0
Af8D0E4ZXaw_6,train,68,32,0.04723033308982849,1.049831509590149,0.0,0.0,0.0,0.0,0.0,0.0
Af8D0E4ZXaw_7,train,100,32,0.027536747977137566,1.0266836881637573,0.0,0.0,0.0,0.0,0.0,0.0
Af8D0E4ZXaw_8,train,100,32,0.03115047700703144,1.0121699571609497,0.0,0.0,0.0,0.0,0.0,0.0
Af8D0E4ZXaw_9,train,100,32,0.016977490857243538,0.9412510395050049,0.0,0.0,0.0,0.0,0.0,0.0
BI97DNYfe5I_1,train,100,32,0.0368187241256237,1.004927396774292,0.0,0.0,0.0,0.0,0.0,0.0
BI97DNYfe5I_10,train,100,32,0.031044160947203636,1.0035221576690674,0.0,0.0,0.0,0.0,0.0,0.0
BI97DNYfe5I_11,train,79,32,0.02721947431564331,1.029134750366211,0.0,0.0,0.0,0.0,0.0,0.0
BI97DNYfe5I_12,train,100,32,0.029821852222085,1.0121843814849854,0.0,0.0,0.0,0.0,0.0,0.0
BI97DNYfe5I_13,train,63,32,0.026032650843262672,1.0244956016540527,0.0,0.0,0.0,0.0,0.0,0.0
BI97DNYfe5I_14,train,100,32,0.0345456562936306,1.031089186668396,0.0,0.0,0.0,0.0,0.0,0.0
BI97DNYfe5I_15,train,69,32,0.03958544880151749,1.0314921140670776,0.0,0.0,0.0,0.0,0.0,0.0
BI97DNYfe5I_16,train,100,32,0.028116673231124878,1.0120267868041992,0.0,0.0,0.0,0.0,0.0,0.0
BI97DNYfe5I_17,train,79,32,0.044090915471315384,1.0360106229782104,0.0,0.0,0.0,0.0,0.0,0.0
BI97DNYfe5I_18,train,100,32,0.0225434098392725,1.0202019214630127,0.0,0.0,0.0,0.0,0.0,0.0
BI97DNYfe5I_19,train,100,32,0.02689872868359089,1.0157419443130493,0.0,0.0,0.0,0.0,0.0,0.0
BI97DNYfe5I_2,train,100,32,0.044701699167490005,1.0002546310424805,0.0,0.0,0.0,0.0,0.0,0.0
BI97DNYfe5I_20,train,19,32,0.033118899911642075,1.0550291538238525,0.0,0.0,0.0,0.0,0.0,0.0
BI97DNYfe5I_21,train,29,32,0.031050240620970726,1.0442495346069336,0.0,0.0,0.0,0.0,0.0,0.0
BI97DNYfe5I_22,train,100,32,0.039251044392585754,1.0082780122756958,0.0,0.0,0.0,0.0,0.0,0.0
BI97DNYfe5I_23,train,100,32,0.029989851638674736,1.0058343410491943,0.0,0.0,0.0,0.0,0.0,0.0
BI97DNYfe5I_24,train,100,32,0.033412590622901917,1.0169188976287842,0.0,0.0,0.0,0.0,0.0,0.0
BI97DNYfe5I_25,train,100,32,0.0181401539593935,1.0324946641921997,0.0,0.0,0.0,0.0,0.0,0.0
BI97DNYfe5I_26,train,100,32,0.03674134239554405,1.0123975276947021,0.0,0.0,0.0,0.0,0.0,0.0
BI97DNYfe5I_27,train,100,32,0.03560962155461311,1.007859468460083,0.0,0.0,0.0,0.0,0.0,0.0
BI97DNYfe5I_28,train,88,32,0.02709336392581463,1.0280189514160156,0.0,0.0,0.0,0.0,0.0,0.0
BI97DNYfe5I_29,train,76,32,0.034683454781770706,1.0258402824401855,0.0,0.0,0.0,0.0,0.0,0.0
BI97DNYfe5I_3,train,100,32,0.03186200559139252,1.004326343536377,0.0,0.0,0.0,0.0,0.0,0.0
BI97DNYfe5I_30,train,98,32,0.03748184069991112,1.0306357145309448,0.0,0.0,0.0,0.0,0.0,0.0
BI97DNYfe5I_31,train,100,32,0.03282641991972923,1.0235953330993652,0.0,0.0,0.0,0.0,0.0,0.0
BI97DNYfe5I_4,train,100,32,0.052179157733917236,1.0184924602508545,0.0,0.0,0.0,0.0,0.0,0.0
BI97DNYfe5I_5,train,100,32,0.040500789880752563,1.0090794563293457,0.0,0.0,0.0,0.0,0.0,0.0
BI97DNYfe5I_6,train,100,32,0.03513677045702934,1.009499192237854,0.0,0.0,0.0,0.0,0.0,0.0
BI97DNYfe5I_7,train,100,32,0.03673827648162842,1.010642170906067,0.0,0.0,0.0,0.0,0.0,0.0
BI97DNYfe5I_8,train,94,32,0.027871644124388695,1.0193703174591064,0.0,0.0,0.0,0.0,0.0,0.0
BI97DNYfe5I_9,train,88,32,0.038265377283096313,1.0338592529296875,0.0,0.0,0.0,0.0,0.0,0.0
BXuRRbG0Ugk_1,train,100,32,0.036472246050834656,0.9495404362678528,0.0,0.0,0.0,0.0,0.0,0.0
BXuRRbG0Ugk_10,train,100,32,0.03595941886305809,0.9758230447769165,0.0,0.0,0.0,0.0,0.0,0.0
BXuRRbG0Ugk_11,train,100,32,0.026610052213072777,0.9663195610046387,0.0,0.0,0.0,0.0,0.0,0.0
BXuRRbG0Ugk_12,train,100,32,0.02652045525610447,0.9335901141166687,0.0,0.0,0.0,0.0,0.0,0.0
BXuRRbG0Ugk_13,train,100,32,0.03962717950344086,0.8719228506088257,0.0,0.0,0.0,0.0,0.0,0.0
BXuRRbG0Ugk_14,train,100,32,0.03473459929227829,0.9410075545310974,0.0,0.0,0.0,0.0,0.0,0.0
BXuRRbG0Ugk_15,train,100,32,0.030031384900212288,0.9503145217895508,0.0,0.0,0.0,0.0,0.0,0.0
BXuRRbG0Ugk_16,train,100,32,0.027088573202490807,0.9420547485351562,0.0,0.0,0.0,0.0,0.0,0.0
BXuRRbG0Ugk_17,train,100,32,0.04300111532211304,0.945551872253418,0.0,0.0,0.0,0.0,0.0,0.0
BXuRRbG0Ugk_18,train,100,32,0.04767042398452759,0.9277102947235107,0.0,0.0,0.0,0.0,0.0,0.0
BXuRRbG0Ugk_19,train,100,32,0.04197840765118599,0.9727671146392822,0.0,0.0,0.0,0.0,0.0,0.0
BXuRRbG0Ugk_2,train,99,32,0.029739970341324806,1.0042316913604736,0.0,0.0,0.0,0.0,0.0,0.0
BXuRRbG0Ugk_20,train,100,32,0.04498198628425598,0.9847858548164368,0.0,0.0,0.0,0.0,0.0,0.0
BXuRRbG0Ugk_21,train,100,32,0.048554569482803345,0.9678869247436523,0.0,0.0,0.0,0.0,0.0,0.0
BXuRRbG0Ugk_22,train,100,32,0.03885345533490181,0.9188259243965149,0.0,0.0,0.0,0.0,0.0,0.0
BXuRRbG0Ugk_23,train,100,32,0.03517269343137741,0.9296054244041443,0.0,0.0,0.0,0.0,0.0,0.0
BXuRRbG0Ugk_24,train,100,32,0.04651683568954468,0.8940463066101074,0.0,0.0,0.0,0.0,0.0,0.0
BXuRRbG0Ugk_25,train,100,32,0.028318727388978004,0.8994013071060181,0.0,0.0,0.0,0.0,0.0,0.0
BXuRRbG0Ugk_26,train,100,32,0.030612042173743248,0.8803970813751221,0.0,0.0,0.0,0.0,0.0,0.0
BXuRRbG0Ugk_27,train,100,32,0.03444129601120949,0.8791307210922241,0.0,0.0,0.0,0.0,0.0,0.0
BXuRRbG0Ugk_28,train,100,32,0.028322966769337654,0.9606747627258301,0.0,0.0,0.0,0.0,0.0,0.0
BXuRRbG0Ugk_29,train,100,32,0.038405731320381165,0.9209886789321899,0.0,0.0,0.0,0.0,0.0,0.0
BXuRRbG0Ugk_3,train,88,32,0.024423101916909218,0.9953585863113403,0.0,0.0,0.0,0.0,0.0,0.0
BXuRRbG0Ugk_30,train,100,32,0.038868214935064316,0.8980289697647095,0.0,0.0,0.0,0.0,0.0,0.0
BXuRRbG0Ugk_31,train,100,32,0.030965514481067657,0.962482750415802,0.0,0.0,0.0,0.0,0.0,0.0
BXuRRbG0Ugk_4,train,100,32,0.03116590343415737,0.9579622745513916,0.0,0.0,0.0,0.0,0.0,0.0
BXuRRbG0Ugk_5,train,100,32,0.04448172077536583,0.9463800191879272,0.0,0.0,0.0,0.0,0.0,0.0
BXuRRbG0Ugk_6,train,100,32,0.021601364016532898,0.9389820098876953,0.0,0.0,0.0,0.0,0.0,0.0
BXuRRbG0Ugk_7,train,100,32,0.03136279061436653,0.9220139980316162,0.0,0.0,0.0,0.0,0.0,0.0
BXuRRbG0Ugk_8,train,100,32,0.038962222635746,0.9322456121444702,0.0,0.0,0.0,0.0,0.0,0.0
BXuRRbG0Ugk_9,train,100,32,0.046104852110147476,0.9845513105392456,0.0,0.0,0.0,0.0,0.0,0.0
Bfr499ggo-0_1,train,100,32,0.09913146495819092,1.0053441524505615,0.0,0.0,0.0,0.0,0.0,0.0
Bfr499ggo-0_10,train,100,32,0.027756011113524437,1.0435515642166138,0.0,0.0,0.0,0.0,0.0,0.0
Bfr499ggo-0_11,train,100,32,0.027524342760443687,1.0272318124771118,0.0,0.0,0.0,0.0,0.0,0.0
Bfr499ggo-0_12,train,100,32,0.018870210275053978,1.0164923667907715,0.0,0.0,0.0,0.0,0.0,0.0
Bfr499ggo-0_13,train,100,32,0.028264254331588745,1.0188885927200317,0.0,0.0,0.0,0.0,0.0,0.0
Bfr499ggo-0_14,train,100,32,0.018438786268234253,1.0114737749099731,0.0,0.0,0.0,0.0,0.0,0.0
Bfr499ggo-0_15,train,69,32,0.018091538920998573,0.9875814318656921,0.0,0.0,0.0,0.0,0.0,0.0
Bfr499ggo-0_16,train,100,32,0.03428810462355614,1.0164756774902344,0.0,0.0,0.0,0.0,0.0,0.0
Bfr499ggo-0_17,train,100,32,0.03097626380622387,0.9893502593040466,0.0,0.0,0.0,0.0,0.0,0.0
Bfr499ggo-0_18,train,100,32,0.028559716418385506,1.021170973777771,0.0,0.0,0.0,0.0,0.0,0.0
Bfr499ggo-0_19,train,100,32,0.04122671112418175,1.0042638778686523,0.0,0.0,0.0,0.0,0.0,0.0
Bfr499ggo-0_2,train,73,32,0.03070329688489437,1.037761926651001,0.0,0.0,0.0,0.0,0.0,0.0
Bfr499ggo-0_20,train,100,32,0.01881237141788006,1.0164986848831177,0.0,0.0,0.0,0.0,0.0,0.0
Bfr499ggo-0_21,train,74,32,0.0206698440015316,1.009386658668518,0.0,0.0,0.0,0.0,0.0,0.0
Bfr499ggo-0_22,train,100,32,0.029303669929504395,1.0046539306640625,0.0,0.0,0.0,0.0,0.0,0.0
Bfr499ggo-0_3,train,100,32,0.027249952778220177,1.0115011930465698,0.0,0.0,0.0,0.0,0.0,0.0
Bfr499ggo-0_4,train,100,32,0.03173169866204262,1.0170352458953857,0.0,0.0,0.0,0.0,0.0,0.0
Bfr499ggo-0_5,train,100,32,0.02789713628590107,0.9866849780082703,0.0,0.0,0.0,0.0,0.0,0.0
Bfr499ggo-0_6,train,100,32,0.022150060161948204,1.016934871673584,0.0,0.0,0.0,0.0,0.0,0.0
Bfr499ggo-0_7,train,100,32,0.015357312746345997,1.0031952857971191,0.0,0.0,0.0,0.0,0.0,0.0
Bfr499ggo-0_8,train,100,32,0.02517002820968628,0.9973158836364746,0.0,0.0,0.0,0.0,0.0,0.0
Bfr499ggo-0_9,train,100,32,0.025453975424170494,1.0253331661224365,0.0,0.0,0.0,0.0,0.0,0.0
BioHAh1qJAQ_1,train,100,32,0.017392197623848915,0.9664795398712158,0.0,0.0,0.0,0.0,0.0,0.0
BioHAh1qJAQ_10,train,86,32,0.02639320306479931,0.9536547660827637,0.0,0.0,0.0,0.0,0.0,0.0
BioHAh1qJAQ_11,train,100,32,0.02683868072926998,0.9506200551986694,0.0,0.0,0.0,0.0,0.0,0.0
BioHAh1qJAQ_12,train,100,32,0.021405784413218498,0.9592838287353516,0.0,0.0,0.0,0.0,0.0,0.0
BioHAh1qJAQ_13,train,100,32,0.02773422934114933,0.94242924451828,0.0,0.0,0.0,0.0,0.0,0.0
BioHAh1qJAQ_14,train,100,32,0.026412421837449074,0.9815035462379456,0.0,0.0,0.0,0.0,0.0,0.0
BioHAh1qJAQ_15,train,100,32,0.024345815181732178,0.9217150211334229,0.0,0.0,0.0,0.0,0.0,0.0
BioHAh1qJAQ_16,train,100,32,0.018285682424902916,0.9103373289108276,0.0,0.0,0.0,0.0,0.0,0.0
BioHAh1qJAQ_17,train,100,32,0.03160875663161278,0.9216612577438354,0.0,0.0,0.0,0.0,0.0,0.0
BioHAh1qJAQ_18,train,100,32,0.023562148213386536,0.9416909217834473,0.0,0.0,0.0,0.0,0.0,0.0
BioHAh1qJAQ_19,train,100,32,0.025996627286076546,0.9167650938034058,0.0,0.0,0.0,0.0,0.0,0.0
BioHAh1qJAQ_2,train,100,32,0.030745437368750572,0.9100199937820435,0.0,0.0,0.0,0.0,0.0,0.0
BioHAh1qJAQ_20,train,100,32,0.027613565325737,0.9427527189254761,0.0,0.0,0.0,0.0,0.0,0.0
BioHAh1qJAQ_21,train,100,32,0.027710488066077232,0.9593110084533691,0.0,0.0,0.0,0.0,0.0,0.0
BioHAh1qJAQ_22,train,100,32,0.019698457792401314,0.9807383418083191,0.0,0.0,0.0,0.0,0.0,0.0
BioHAh1qJAQ_23,train,100,32,0.02094545029103756,0.9782031774520874,0.0,0.0,0.0,0.0,0.0,0.0
BioHAh1qJAQ_24,train,100,32,0.03129875287413597,0.9835402965545654,0.0,0.0,0.0,0.0,0.0,0.0
BioHAh1qJAQ_25,train,61,32,0.018401870504021645,0.9793717861175537,0.0,0.0,0.0,0.0,0.0,0.0
BioHAh1qJAQ_26,train,100,32,0.025505049154162407,0.9438092708587646,0.0,0.0,0.0,0.0,0.0,0.0
BioHAh1qJAQ_27,train,100,32,0.023126184940338135,0.9193646311759949,0.0,0.0,0.0,0.0,0.0,0.0
BioHAh1qJAQ_28,train,100,32,0.024434586986899376,0.9355044960975647,0.0,0.0,0.0,0.0,0.0,0.0
BioHAh1qJAQ_29,train,100,32,0.016160717234015465,0.9264458417892456,0.0,0.0,0.0,0.0,0.0,0.0
BioHAh1qJAQ_3,train,100,32,0.0246714036911726,0.9363585710525513,0.0,0.0,0.0,0.0,0.0,0.0
BioHAh1qJAQ_30,train,100,32,0.029194137081503868,0.916413426399231,0.0,0.0,0.0,0.0,0.0,0.0
BioHAh1qJAQ_4,train,100,32,0.03354712948203087,0.9829510450363159,0.0,0.0,0.0,0.0,0.0,0.0
BioHAh1qJAQ_5,train,100,32,0.021428436040878296,0.9367502927780151,0.0,0.0,0.0,0.0,0.0,0.0
BioHAh1qJAQ_6,train,100,32,0.03413873538374901,0.9546725153923035,0.0,0.0,0.0,0.0,0.0,0.0
BioHAh1qJAQ_7,train,100,32,0.03929141163825989,0.9194748401641846,0.0,0.0,0.0,0.0,0.0,0.0
BioHAh1qJAQ_8,train,100,32,0.019986893981695175,0.925296425819397,0.0,0.0,0.0,0.0,0.0,0.0
BioHAh1qJAQ_9,train,100,32,0.023519916459918022,0.9431055784225464,0.0,0.0,0.0,0.0,0.0,0.0
BvYR0L6f2Ig_1,train,100,32,0.016538290306925774,1.0364335775375366,0.0,0.0,0.0,0.0,0.0,0.0
BvYR0L6f2Ig_10,train,100,32,0.025239557027816772,1.0474799871444702,0.0,0.0,0.0,0.0,0.0,0.0
BvYR0L6f2Ig_11,train,66,32,0.021836936473846436,1.0584110021591187,0.0,0.0,0.0,0.0,0.0,0.0
BvYR0L6f2Ig_12,train,100,32,0.01994171179831028,1.0493016242980957,0.0,0.0,0.0,0.0,0.0,0.0
BvYR0L6f2Ig_13,train,99,32,0.01933250017464161,1.0484378337860107,0.0,0.0,0.0,0.0,0.0,0.0
BvYR0L6f2Ig_14,train,100,32,0.017993124201893806,1.0625741481781006,0.0,0.0,0.0,0.0,0.0,0.0
BvYR0L6f2Ig_15,train,100,32,0.014948111958801746,1.0601369142532349,0.0,0.0,0.0,0.0,0.0,0.0
BvYR0L6f2Ig_16,train,100,32,0.03290974721312523,1.0445572137832642,0.0,0.0,0.0,0.0,0.0,0.0
BvYR0L6f2Ig_17,train,100,32,0.02142149768769741,1.035136103630066,0.0,0.0,0.0,0.0,0.0,0.0
BvYR0L6f2Ig_18,train,23,32,0.01646723970770836,1.0607080459594727,0.0,0.0,0.0,0.0,0.0,0.0
BvYR0L6f2Ig_19,train,96,32,0.03395036235451698,1.0581238269805908,0.0,0.0,0.0,0.0,0.0,0.0
BvYR0L6f2Ig_2,train,100,32,0.030677517876029015,1.028782606124878,0.0,0.0,0.0,0.0,0.0,0.0
BvYR0L6f2Ig_20,train,100,32,0.01773083768785,1.0485196113586426,0.0,0.0,0.0,0.0,0.0,0.0
BvYR0L6f2Ig_21,train,100,32,0.023914828896522522,1.0285797119140625,0.0,0.0,0.0,0.0,0.0,0.0
BvYR0L6f2Ig_22,train,29,32,0.017064660787582397,1.076541543006897,0.0,0.0,0.0,0.0,0.0,0.0
BvYR0L6f2Ig_23,train,100,32,0.027444498613476753,1.044944405555725,0.0,0.0,0.0,0.0,0.0,0.0
BvYR0L6f2Ig_24,train,100,32,0.023902319371700287,1.057654857635498,0.0,0.0,0.0,0.0,0.0,0.0
BvYR0L6f2Ig_25,train,91,32,0.020834853872656822,1.0548954010009766,0.0,0.0,0.0,0.0,0.0,0.0
BvYR0L6f2Ig_26,train,100,32,0.022989505901932716,1.0298320055007935,0.0,0.0,0.0,0.0,0.0,0.0
BvYR0L6f2Ig_3,train,100,32,0.037099480628967285,1.0324227809906006,0.0,0.0,0.0,0.0,0.0,0.0
BvYR0L6f2Ig_4,train,100,32,0.025055354461073875,1.061946153640747,0.0,0.0,0.0,0.0,0.0,0.0
BvYR0L6f2Ig_5,train,100,32,0.025669515132904053,1.0550543069839478,0.0,0.0,0.0,0.0,0.0,0.0
BvYR0L6f2Ig_6,train,100,32,0.03183401748538017,1.0401549339294434,0.0,0.0,0.0,0.0,0.0,0.0
BvYR0L6f2Ig_7,train,100,32,0.032620932906866074,1.039736032485962,0.0,0.0,0.0,0.0,0.0,0.0
BvYR0L6f2Ig_8,train,74,32,0.040073905140161514,1.0472146272659302,0.0,0.0,0.0,0.0,0.0,0.0
BvYR0L6f2Ig_9,train,100,32,0.02544972114264965,1.0437372922897339,0.0,0.0,0.0,0.0,0.0,0.0
Ci-AH39fi3Y_1,train,58,32,0.024836339056491852,1.0574719905853271,0.0,0.0,0.0,0.0,0.0,0.0
Ci-AH39fi3Y_10,train,49,32,0.034645531326532364,1.0295116901397705,0.0,0.0,0.0,0.0,0.0,0.0
Ci-AH39fi3Y_11,train,100,32,0.03096224181354046,1.0421909093856812,0.0,0.0,0.0,0.0,0.0,0.0
Ci-AH39fi3Y_12,train,100,32,0.027844374999403954,1.0233780145645142,0.0,0.0,0.0,0.0,0.0,0.0
Ci-AH39fi3Y_13,train,100,32,0.030813612043857574,1.0465173721313477,0.0,0.0,0.0,0.0,0.0,0.0
Ci-AH39fi3Y_14,train,88,32,0.03321133926510811,1.0527455806732178,0.0,0.0,0.0,0.0,0.0,0.0
Ci-AH39fi3Y_15,train,100,32,0.053695350885391235,1.024385690689087,0.0,0.0,0.0,0.0,0.0,0.0
Ci-AH39fi3Y_16,train,100,32,0.02730686031281948,1.0296854972839355,0.0,0.0,0.0,0.0,0.0,0.0
Ci-AH39fi3Y_17,train,100,32,0.02701401524245739,1.0264228582382202,0.0,0.0,0.0,0.0,0.0,0.0
Ci-AH39fi3Y_18,train,100,32,0.029822759330272675,1.0349177122116089,0.0,0.0,0.0,0.0,0.0,0.0
Ci-AH39fi3Y_19,train,93,32,0.03370035067200661,1.038130760192871,0.0,0.0,0.0,0.0,0.0,0.0
Ci-AH39fi3Y_2,train,100,32,0.02782360278069973,1.0361312627792358,0.0,0.0,0.0,0.0,0.0,0.0
Ci-AH39fi3Y_20,train,100,32,0.037561386823654175,1.0285544395446777,0.0,0.0,0.0,0.0,0.0,0.0
Ci-AH39fi3Y_21,train,100,32,0.030972963199019432,1.035365104675293,0.0,0.0,0.0,0.0,0.0,0.0
Ci-AH39fi3Y_22,train,100,32,0.029341431334614754,1.0425825119018555,0.0,0.0,0.0,0.0,0.0,0.0
Ci-AH39fi3Y_23,train,71,32,0.018873145803809166,1.0469247102737427,0.0,0.0,0.0,0.0,0.0,0.0
Ci-AH39fi3Y_24,train,100,32,0.045341625809669495,1.035023808479309,0.0,0.0,0.0,0.0,0.0,0.0
Ci-AH39fi3Y_25,train,100,32,0.02379867620766163,1.0267796516418457,0.0,0.0,0.0,0.0,0.0,0.0
Ci-AH39fi3Y_26,train,100,32,0.034869495779275894,1.0083410739898682,0.0,0.0,0.0,0.0,0.0,0.0
Ci-AH39fi3Y_27,train,100,32,0.030864298343658447,1.016708493232727,0.0,0.0,0.0,0.0,0.0,0.0
Ci-AH39fi3Y_28,train,100,32,0.03214577957987785,1.031287670135498,0.0,0.0,0.0,0.0,0.0,0.0
Ci-AH39fi3Y_29,train,100,32,0.01997743360698223,1.0374113321304321,0.0,0.0,0.0,0.0,0.0,0.0
Ci-AH39fi3Y_3,train,83,32,0.030342256650328636,1.0206453800201416,0.0,0.0,0.0,0.0,0.0,0.0
Ci-AH39fi3Y_30,train,100,32,0.03156198933720589,1.0178468227386475,0.0,0.0,0.0,0.0,0.0,0.0
Ci-AH39fi3Y_31,train,69,32,0.02998887002468109,1.011101484298706,0.0,0.0,0.0,0.0,0.0,0.0
Ci-AH39fi3Y_32,train,58,32,0.03099195472896099,1.0621304512023926,0.0,0.0,0.0,0.0,0.0,0.0
Ci-AH39fi3Y_33,train,100,32,0.024897834286093712,1.0310249328613281,0.0,0.0,0.0,0.0,0.0,0.0
Ci-AH39fi3Y_34,train,100,32,0.022719508036971092,1.0279271602630615,0.0,0.0,0.0,0.0,0.0,0.0
Ci-AH39fi3Y_35,train,100,32,0.030311480164527893,1.0196261405944824,0.0,0.0,0.0,0.0,0.0,0.0
Ci-AH39fi3Y_36,train,100,32,0.020239634439349174,1.0269157886505127,0.0,0.0,0.0,0.0,0.0,0.0
Ci-AH39fi3Y_37,train,100,32,0.022767478600144386,1.0138146877288818,0.0,0.0,0.0,0.0,0.0,0.0
Ci-AH39fi3Y_38,train,100,32,0.018457889556884766,1.0440311431884766,0.0,0.0,0.0,0.0,0.0,0.0
Ci-AH39fi3Y_39,train,100,32,0.031607434153556824,1.0468721389770508,0.0,0.0,0.0,0.0,0.0,0.0
Ci-AH39fi3Y_4,train,100,32,0.0386083759367466,1.0277197360992432,0.0,0.0,0.0,0.0,0.0,0.0
Ci-AH39fi3Y_40,train,100,32,0.018895214423537254,1.0294800996780396,0.0,0.0,0.0,0.0,0.0,0.0
Ci-AH39fi3Y_41,train,71,32,0.020786123350262642,0.9956027865409851,0.0,0.0,0.0,0.0,0.0,0.0
Ci-AH39fi3Y_42,train,100,32,0.026690712198615074,1.0039268732070923,0.0,0.0,0.0,0.0,0.0,0.0
Ci-AH39fi3Y_43,train,100,32,0.024026252329349518,1.0185219049453735,0.0,0.0,0.0,0.0,0.0,0.0
Ci-AH39fi3Y_44,train,100,32,0.02680671215057373,0.9967911839485168,0.0,0.0,0.0,0.0,0.0,0.0
Ci-AH39fi3Y_5,train,54,32,0.030862944200634956,1.0263981819152832,0.0,0.0,0.0,0.0,0.0,0.0
Ci-AH39fi3Y_6,train,100,32,0.024070212617516518,1.0346883535385132,0.0,0.0,0.0,0.0,0.0,0.0
Ci-AH39fi3Y_7,train,91,32,0.03449258580803871,1.0398327112197876,0.0,0.0,0.0,0.0,0.0,0.0
Ci-AH39fi3Y_8,train,100,32,0.02997521124780178,1.0212398767471313,0.0,0.0,0.0,0.0,0.0,0.0
Ci-AH39fi3Y_9,train,100,32,0.026389583945274353,1.041161298751831,0.0,0.0,0.0,0.0,0.0,0.0
Clx4VXItLTE_1,train,100,32,0.04022744670510292,0.9865686893463135,0.0,0.0,0.0,0.0,0.0,0.0
Clx4VXItLTE_10,train,100,32,0.03186376020312309,0.9386571645736694,0.0,0.0,0.0,0.0,0.0,0.0
Clx4VXItLTE_11,train,100,32,0.047903817147016525,0.9502756595611572,0.0,0.0,0.0,0.0,0.0,0.0
Clx4VXItLTE_12,train,100,32,0.028847703710198402,0.981436550617218,0.0,0.0,0.0,0.0,0.0,0.0
Clx4VXItLTE_13,train,100,32,0.01607414521276951,0.9794016480445862,0.0,0.0,0.0,0.0,0.0,0.0
Clx4VXItLTE_14,train,100,32,0.06161784008145332,0.9521839022636414,0.0,0.0,0.0,0.0,0.0,0.0
Clx4VXItLTE_15,train,100,32,0.03705258667469025,0.954026460647583,0.0,0.0,0.0,0.0,0.0,0.0
Clx4VXItLTE_16,train,100,32,0.02669924683868885,0.9592922925949097,0.0,0.0,0.0,0.0,0.0,0.0
Clx4VXItLTE_17,train,100,32,0.017958717420697212,0.937819242477417,0.0,0.0,0.0,0.0,0.0,0.0
Clx4VXItLTE_18,train,100,32,0.05087665840983391,0.9450675249099731,0.0,0.0,0.0,0.0,0.0,0.0
Clx4VXItLTE_19,train,78,32,0.02104943059384823,0.9624230861663818,0.0,0.0,0.0,0.0,0.0,0.0
Clx4VXItLTE_2,train,100,32,0.031654711812734604,0.9897082448005676,0.0,0.0,0.0,0.0,0.0,0.0
Clx4VXItLTE_20,train,100,32,0.021658437326550484,0.9953787326812744,0.0,0.0,0.0,0.0,0.0,0.0
Clx4VXItLTE_21,train,100,32,0.027241168543696404,1.0048340559005737,0.0,0.0,0.0,0.0,0.0,0.0
Clx4VXItLTE_22,train,100,32,0.025800250470638275,1.0022262334823608,0.0,0.0,0.0,0.0,0.0,0.0
Clx4VXItLTE_23,train,100,32,0.03891235962510109,0.9695159196853638,0.0,0.0,0.0,0.0,0.0,0.0
Clx4VXItLTE_24,train,100,32,0.03328809514641762,0.9825023412704468,0.0,0.0,0.0,0.0,0.0,0.0
Clx4VXItLTE_25,train,100,32,0.01848195493221283,0.9710244536399841,0.0,0.0,0.0,0.0,0.0,0.0
Clx4VXItLTE_26,train,74,32,0.020358284935355186,0.9850168824195862,0.0,0.0,0.0,0.0,0.0,0.0
Clx4VXItLTE_27,train,99,32,0.029826583340764046,0.9827111959457397,0.0,0.0,0.0,0.0,0.0,0.0
Clx4VXItLTE_28,train,100,32,0.024203846231102943,0.9988844394683838,0.0,0.0,0.0,0.0,0.0,0.0
Clx4VXItLTE_29,train,100,32,0.03671090304851532,0.948051929473877,0.0,0.0,0.0,0.0,0.0,0.0
Clx4VXItLTE_3,train,68,32,0.023944461718201637,0.9648913145065308,0.0,0.0,0.0,0.0,0.0,0.0
Clx4VXItLTE_30,train,100,32,0.029179668053984642,0.9767905473709106,0.0,0.0,0.0,0.0,0.0,0.0
Clx4VXItLTE_31,train,100,32,0.01873021014034748,0.9613988399505615,0.0,0.0,0.0,0.0,0.0,0.0
Clx4VXItLTE_4,train,100,32,0.0289610605686903,0.9866457581520081,0.0,0.0,0.0,0.0,0.0,0.0
Clx4VXItLTE_5,train,100,32,0.029639089480042458,0.9836414456367493,0.0,0.0,0.0,0.0,0.0,0.0
Clx4VXItLTE_6,train,100,32,0.026320457458496094,0.9783910512924194,0.0,0.0,0.0,0.0,0.0,0.0
Clx4VXItLTE_7,train,100,32,0.03630366548895836,1.0022426843643188,0.0,0.0,0.0,0.0,0.0,0.0
Clx4VXItLTE_8,train,100,32,0.10473766177892685,0.9741777181625366,0.0,0.0,0.0,0.0,0.0,0.0
Clx4VXItLTE_9,train,100,32,0.029442330822348595,0.9466649889945984,0.0,0.0,0.0,0.0,0.0,0.0
Dg_0XKD0Mf4_1,train,84,32,0.02493484877049923,1.0333387851715088,0.0,0.0,0.0,0.0,0.0,0.0
Dg_0XKD0Mf4_10,train,100,32,0.02446828968822956,1.03350830078125,0.0,0.0,0.0,0.0,0.0,0.0
Dg_0XKD0Mf4_11,train,99,32,0.04916282370686531,1.0288962125778198,0.0,0.0,0.0,0.0,0.0,0.0
Dg_0XKD0Mf4_12,train,100,32,0.03592430800199509,0.9832018613815308,0.0,0.0,0.0,0.0,0.0,0.0
Dg_0XKD0Mf4_13,train,100,32,0.021908581256866455,1.0090062618255615,0.0,0.0,0.0,0.0,0.0,0.0
Dg_0XKD0Mf4_14,train,79,32,0.021921994164586067,1.070993423461914,0.0,0.0,0.0,0.0,0.0,0.0
Dg_0XKD0Mf4_15,train,100,32,0.02662835456430912,1.02498459815979,0.0,0.0,0.0,0.0,0.0,0.0
Dg_0XKD0Mf4_16,train,100,32,0.02564920298755169,0.9844644069671631,0.0,0.0,0.0,0.0,0.0,0.0
Dg_0XKD0Mf4_17,train,100,32,0.03345297649502754,0.9783354997634888,0.0,0.0,0.0,0.0,0.0,0.0
Dg_0XKD0Mf4_18,train,66,32,0.023789668455719948,1.0213065147399902,0.0,0.0,0.0,0.0,0.0,0.0
Dg_0XKD0Mf4_2,train,100,32,0.04072542116045952,0.9713822603225708,0.0,0.0,0.0,0.0,0.0,0.0
Dg_0XKD0Mf4_3,train,79,32,0.024555927142500877,1.0014207363128662,0.0,0.0,0.0,0.0,0.0,0.0
Dg_0XKD0Mf4_4,train,69,32,0.03817467391490936,1.0407040119171143,0.0,0.0,0.0,0.0,0.0,0.0
Dg_0XKD0Mf4_5,train,100,32,0.03174269571900368,0.9660553932189941,0.0,0.0,0.0,0.0,0.0,0.0
Dg_0XKD0Mf4_6,train,100,32,0.04340168461203575,0.9448565244674683,0.0,0.0,0.0,0.0,0.0,0.0
Dg_0XKD0Mf4_7,train,100,32,0.030608007684350014,0.9825134873390198,0.0,0.0,0.0,0.0,0.0,0.0
Dg_0XKD0Mf4_8,train,63,32,0.023685554042458534,1.0497064590454102,0.0,0.0,0.0,0.0,0.0,0.0
Dg_0XKD0Mf4_9,train,100,32,0.02102641575038433,1.028626799583435,0.0,0.0,0.0,0.0,0.0,0.0
G-xst2euQUc_1,train,63,32,0.02480233646929264,1.0110608339309692,0.0,0.0,0.0,0.0,0.0,0.0
G-xst2euQUc_10,train,100,32,0.02393387258052826,0.9661235809326172,0.0,0.0,0.0,0.0,0.0,0.0
G-xst2euQUc_11,train,100,32,0.04339420422911644,0.9565247297286987,0.0,0.0,0.0,0.0,0.0,0.0
G-xst2euQUc_12,train,100,32,0.0225034411996603,1.0040031671524048,0.0,0.0,0.0,0.0,0.0,0.0
G-xst2euQUc_13,train,100,32,0.024151727557182312,0.9840812087059021,0.0,0.0,0.0,0.0,0.0,0.0
G-xst2euQUc_14,train,100,32,0.026199517771601677,0.9897005558013916,0.0,0.0,0.0,0.0,0.0,0.0
G-xst2euQUc_15,train,100,32,0.02687915600836277,0.9853518009185791,0.0,0.0,0.0,0.0,0.0,0.0
G-xst2euQUc_16,train,100,32,0.02455994486808777,0.9376087784767151,0.0,0.0,0.0,0.0,0.0,0.0
G-xst2euQUc_17,train,100,32,0.030300384387373924,0.9863502979278564,0.0,0.0,0.0,0.0,0.0,0.0
G-xst2euQUc_18,train,100,32,0.022013306617736816,0.978359043598175,0.0,0.0,0.0,0.0,0.0,0.0
G-xst2euQUc_19,train,100,32,0.0409267358481884,1.016305923461914,0.0,0.0,0.0,0.0,0.0,0.0
G-xst2euQUc_2,train,78,32,0.023126808926463127,1.014854907989502,0.0,0.0,0.0,0.0,0.0,0.0
G-xst2euQUc_20,train,100,32,0.04512983560562134,0.9793654084205627,0.0,0.0,0.0,0.0,0.0,0.0
G-xst2euQUc_21,train,69,32,0.04090513661503792,1.0138978958129883,0.0,0.0,0.0,0.0,0.0,0.0
G-xst2euQUc_3,train,83,32,0.028531000018119812,0.9787664413452148,0.0,0.0,0.0,0.0,0.0,0.0
G-xst2euQUc_4,train,100,32,0.02586180530488491,0.9456955790519714,0.0,0.0,0.0,0.0,0.0,0.0
G-xst2euQUc_5,train,100,32,0.03603499010205269,0.9931814074516296,0.0,0.0,0.0,0.0,0.0,0.0
G-xst2euQUc_6,train,100,32,0.02983463555574417,0.9626211524009705,0.0,0.0,0.0,0.0,0.0,0.0
G-xst2euQUc_7,train,100,32,0.03677843138575554,1.0134066343307495,0.0,0.0,0.0,0.0,0.0,0.0
G-xst2euQUc_8,train,89,32,0.04089415445923805,1.0282769203186035,0.0,0.0,0.0,0.0,0.0,0.0
G-xst2euQUc_9,train,100,32,0.03349459543824196,0.904295802116394,0.0,0.0,0.0,0.0,0.0,0.0
G6GlGvlkxAQ_1,train,100,32,0.02106160670518875,0.9485653638839722,0.0,0.0,0.0,0.0,0.0,0.0
G6GlGvlkxAQ_10,train,76,32,0.023812206462025642,0.9790717363357544,0.0,0.0,0.0,0.0,0.0,0.0
G6GlGvlkxAQ_11,train,100,32,0.03893169388175011,0.9626709818840027,0.0,0.0,0.0,0.0,0.0,0.0
G6GlGvlkxAQ_12,train,100,32,0.019291820004582405,0.9866442680358887,0.0,0.0,0.0,0.0,0.0,0.0
G6GlGvlkxAQ_13,train,100,32,0.025992296636104584,0.9801718592643738,0.0,0.0,0.0,0.0,0.0,0.0
G6GlGvlkxAQ_14,train,100,32,0.02537131868302822,0.9876880645751953,0.0,0.0,0.0,0.0,0.0,0.0
G6GlGvlkxAQ_15,train,100,32,0.029145484790205956,0.996810793876648,0.0,0.0,0.0,0.0,0.0,0.0
G6GlGvlkxAQ_16,train,100,32,0.02010505460202694,0.9693753719329834,0.0,0.0,0.0,0.0,0.0,0.0
G6GlGvlkxAQ_17,train,100,32,0.024284908547997475,0.9853600263595581,0.0,0.0,0.0,0.0,0.0,0.0
G6GlGvlkxAQ_18,train,86,32,0.023723751306533813,0.9878793358802795,0.0,0.0,0.0,0.0,0.0,0.0
G6GlGvlkxAQ_19,train,100,32,0.02444167248904705,0.9401683211326599,0.0,0.0,0.0,0.0,0.0,0.0
G6GlGvlkxAQ_2,train,100,32,0.022496050223708153,0.9791553020477295,0.0,0.0,0.0,0.0,0.0,0.0
G6GlGvlkxAQ_20,train,71,32,0.02906917780637741,1.0074201822280884,0.0,0.0,0.0,0.0,0.0,0.0
G6GlGvlkxAQ_21,train,79,32,0.014687755145132542,1.0053459405899048,0.0,0.0,0.0,0.0,0.0,0.0
G6GlGvlkxAQ_22,train,100,32,0.02278474159538746,0.9936127066612244,0.0,0.0,0.0,0.0,0.0,0.0
G6GlGvlkxAQ_23,train,100,32,0.022142484784126282,0.9874531030654907,0.0,0.0,0.0,0.0,0.0,0.0
G6GlGvlkxAQ_24,train,100,32,0.019991183653473854,0.9653114080429077,0.0,0.0,0.0,0.0,0.0,0.0
G6GlGvlkxAQ_25,train,64,32,0.01899915747344494,1.0311554670333862,0.0,0.0,0.0,0.0,0.0,0.0
G6GlGvlkxAQ_26,train,100,32,0.02384447306394577,0.9940199851989746,0.0,0.0,0.0,0.0,0.0,0.0
G6GlGvlkxAQ_27,train,98,32,0.021060362458229065,0.9850434064865112,0.0,0.0,0.0,0.0,0.0,0.0
G6GlGvlkxAQ_28,train,100,32,0.04259851947426796,0.9932573437690735,0.0,0.0,0.0,0.0,0.0,0.0
G6GlGvlkxAQ_29,train,100,32,0.021560288965702057,1.0006412267684937,0.0,0.0,0.0,0.0,0.0,0.0
G6GlGvlkxAQ_3,train,66,32,0.031717449426651,0.998969554901123,0.0,0.0,0.0,0.0,0.0,0.0
G6GlGvlkxAQ_4,train,73,32,0.014807295985519886,1.0174285173416138,0.0,0.0,0.0,0.0,0.0,0.0
G6GlGvlkxAQ_5,train,100,32,0.018302200362086296,0.9690721035003662,0.0,0.0,0.0,0.0,0.0,0.0
G6GlGvlkxAQ_6,train,100,32,0.019173020496964455,1.001941204071045,0.0,0.0,0.0,0.0,0.0,0.0
G6GlGvlkxAQ_7,train,63,32,0.0160447359085083,0.9827982187271118,0.0,0.0,0.0,0.0,0.0,0.0
G6GlGvlkxAQ_8,train,59,32,0.02794594317674637,0.8616090416908264,0.0,0.0,0.0,0.0,0.0,0.0
G6GlGvlkxAQ_9,train,100,32,0.020026981830596924,0.9802297353744507,0.0,0.0,0.0,0.0,0.0,0.0
GWuJjcEuzt8_1,train,100,32,0.020372802391648293,1.0046091079711914,0.0,0.0,0.0,0.0,0.0,0.0
GWuJjcEuzt8_10,train,100,32,0.03477475419640541,1.003840684890747,0.0,0.0,0.0,0.0,0.0,0.0
GWuJjcEuzt8_11,train,100,32,0.031100580468773842,1.02083420753479,0.0,0.0,0.0,0.0,0.0,0.0
GWuJjcEuzt8_12,train,100,32,0.034130074083805084,0.9662697315216064,0.0,0.0,0.0,0.0,0.0,0.0
GWuJjcEuzt8_13,train,100,32,0.028380805626511574,0.988508403301239,0.0,0.0,0.0,0.0,0.0,0.0
GWuJjcEuzt8_14,train,100,32,0.03330347314476967,0.9958685040473938,0.0,0.0,0.0,0.0,0.0,0.0
GWuJjcEuzt8_15,train,100,32,0.030790597200393677,0.9983518123626709,0.0,0.0,0.0,0.0,0.0,0.0
GWuJjcEuzt8_16,train,100,32,0.021776637062430382,0.964328408241272,0.0,0.0,0.0,0.0,0.0,0.0
GWuJjcEuzt8_17,train,100,32,0.022111373022198677,1.0353868007659912,0.0,0.0,0.0,0.0,0.0,0.0
GWuJjcEuzt8_18,train,100,32,0.061015695333480835,0.9771631956100464,0.0,0.0,0.0,0.0,0.0,0.0
GWuJjcEuzt8_2,train,100,32,0.036136724054813385,1.0228445529937744,0.0,0.0,0.0,0.0,0.0,0.0
GWuJjcEuzt8_3,train,100,32,0.025035707280039787,0.9850268363952637,0.0,0.0,0.0,0.0,0.0,0.0
GWuJjcEuzt8_4,train,100,32,0.03375517204403877,1.0439008474349976,0.0,0.0,0.0,0.0,0.0,0.0
GWuJjcEuzt8_5,train,100,32,0.023506605997681618,1.0516465902328491,0.0,0.0,0.0,0.0,0.0,0.0
GWuJjcEuzt8_6,train,100,32,0.07233025133609772,1.0281585454940796,0.0,0.0,0.0,0.0,0.0,0.0
GWuJjcEuzt8_7,train,100,32,0.0192272812128067,1.0242257118225098,0.0,0.0,0.0,0.0,0.0,0.0
GWuJjcEuzt8_8,train,100,32,0.02222421206533909,0.968576967716217,0.0,0.0,0.0,0.0,0.0,0.0
GWuJjcEuzt8_9,train,100,32,0.022956401109695435,0.9590651988983154,0.0,0.0,0.0,0.0,0.0,0.0
HEsqda8_d0Q_1,train,86,32,0.0200696662068367,0.8350071310997009,0.0,0.0,0.0,0.0,0.0,0.0
HEsqda8_d0Q_10,train,100,32,0.03545632213354111,0.94971764087677,0.0,0.0,0.0,0.0,0.0,0.0
HEsqda8_d0Q_11,train,84,32,0.037778377532958984,0.9216952323913574,0.0,0.0,0.0,0.0,0.0,0.0
HEsqda8_d0Q_12,train,54,32,0.022720208391547203,0.959884762763977,0.0,0.0,0.0,0.0,0.0,0.0
HEsqda8_d0Q_13,train,98,32,0.020657524466514587,0.9797608852386475,0.0,0.0,0.0,0.0,0.0,0.0
HEsqda8_d0Q_14,train,88,32,0.02922956645488739,0.9550857543945312,0.0,0.0,0.0,0.0,0.0,0.0
HEsqda8_d0Q_15,train,100,32,0.01592707447707653,0.9412115812301636,0.0,0.0,0.0,0.0,0.0,0.0
HEsqda8_d0Q_16,train,56,32,0.018401745706796646,0.9646530151367188,0.0,0.0,0.0,0.0,0.0,0.0
HEsqda8_d0Q_17,train,74,32,0.01793610118329525,0.9813240170478821,0.0,0.0,0.0,0.0,0.0,0.0
HEsqda8_d0Q_18,train,100,32,0.032848846167325974,0.9239047765731812,0.0,0.0,0.0,0.0,0.0,0.0
HEsqda8_d0Q_19,train,100,32,0.031571388244628906,0.8659169673919678,0.0,0.0,0.0,0.0,0.0,0.0
HEsqda8_d0Q_2,train,86,32,0.01984291709959507,0.9157814979553223,0.0,0.0,0.0,0.0,0.0,0.0
HEsqda8_d0Q_20,train,100,32,0.020265625789761543,0.962923526763916,0.0,0.0,0.0,0.0,0.0,0.0
HEsqda8_d0Q_21,train,100,32,0.028065329417586327,0.9479465484619141,0.0,0.0,0.0,0.0,0.0,0.0
HEsqda8_d0Q_22,train,100,32,0.018461622297763824,0.8892016410827637,0.0,0.0,0.0,0.0,0.0,0.0
HEsqda8_d0Q_23,train,100,32,0.030948331579566002,0.919202446937561,0.0,0.0,0.0,0.0,0.0,0.0
HEsqda8_d0Q_24,train,100,32,0.022296294569969177,0.9526511430740356,0.0,0.0,0.0,0.0,0.0,0.0
HEsqda8_d0Q_25,train,100,32,0.03212503716349602,0.9403737783432007,0.0,0.0,0.0,0.0,0.0,0.0
HEsqda8_d0Q_26,train,100,32,0.01906511001288891,0.9593204855918884,0.0,0.0,0.0,0.0,0.0,0.0
HEsqda8_d0Q_27,train,49,32,0.01377685833722353,0.9518154859542847,0.0,0.0,0.0,0.0,0.0,0.0
HEsqda8_d0Q_28,train,66,32,0.022471414878964424,0.9469735622406006,0.0,0.0,0.0,0.0,0.0,0.0
HEsqda8_d0Q_29,train,73,32,0.019869932904839516,0.9469070434570312,0.0,0.0,0.0,0.0,0.0,0.0
HEsqda8_d0Q_3,train,100,32,0.032507773488759995,0.9457244277000427,0.0,0.0,0.0,0.0,0.0,0.0
HEsqda8_d0Q_30,train,98,32,0.02468121238052845,0.9370794892311096,0.0,0.0,0.0,0.0,0.0,0.0
HEsqda8_d0Q_31,train,100,32,0.02898225747048855,0.8665603399276733,0.0,0.0,0.0,0.0,0.0,0.0
HEsqda8_d0Q_32,train,100,32,0.017995541915297508,0.9450713396072388,0.0,0.0,0.0,0.0,0.0,0.0
HEsqda8_d0Q_33,train,78,32,0.017085611820220947,0.9203126430511475,0.0,0.0,0.0,0.0,0.0,0.0
HEsqda8_d0Q_34,train,100,32,0.02650674246251583,0.9145176410675049,0.0,0.0,0.0,0.0,0.0,0.0
HEsqda8_d0Q_4,train,66,32,0.020820671692490578,0.9451013803482056,0.0,0.0,0.0,0.0,0.0,0.0
HEsqda8_d0Q_5,train,100,32,0.02466178871691227,0.9468646049499512,0.0,0.0,0.0,0.0,0.0,0.0
HEsqda8_d0Q_6,train,76,32,0.016352975741028786,0.9531192779541016,0.0,0.0,0.0,0.0,0.0,0.0
HEsqda8_d0Q_7,train,100,32,0.01955670677125454,0.9270268678665161,0.0,0.0,0.0,0.0,0.0,0.0
HEsqda8_d0Q_8,train,100,32,0.024622207507491112,0.9168525338172913,0.0,0.0,0.0,0.0,0.0,0.0
HEsqda8_d0Q_9,train,100,32,0.033496733754873276,0.9587756991386414,0.0,0.0,0.0,0.0,0.0,0.0
I5y0__X72p0_1,train,100,32,0.044449687004089355,0.9525247812271118,0.0,0.0,0.0,0.0,0.0,0.0
I5y0__X72p0_10,train,78,32,0.02781846933066845,0.9897928237915039,0.0,0.0,0.0,0.0,0.0,0.0
I5y0__X72p0_11,train,100,32,0.028745591640472412,0.9630616903305054,0.0,0.0,0.0,0.0,0.0,0.0
I5y0__X72p0_12,train,100,32,0.02959892712533474,0.9952638745307922,0.0,0.0,0.0,0.0,0.0,0.0
I5y0__X72p0_13,train,100,32,0.04692181572318077,0.9324804544448853,0.0,0.0,0.0,0.0,0.0,0.0
I5y0__X72p0_14,train,100,32,0.052756454795598984,0.9321985244750977,0.0,0.0,0.0,0.0,0.0,0.0
I5y0__X72p0_15,train,28,32,0.02122548222541809,1.0023479461669922,0.0,0.0,0.0,0.0,0.0,0.0
I5y0__X72p0_16,train,56,32,0.03189832344651222,0.9849452972412109,0.0,0.0,0.0,0.0,0.0,0.0
I5y0__X72p0_17,train,100,32,0.043683379888534546,0.975405216217041,0.0,0.0,0.0,0.0,0.0,0.0
I5y0__X72p0_18,train,49,32,0.022424673661589622,0.9962533712387085,0.0,0.0,0.0,0.0,0.0,0.0
I5y0__X72p0_19,train,100,32,0.027943233028054237,0.9797468781471252,0.0,0.0,0.0,0.0,0.0,0.0
I5y0__X72p0_2,train,100,32,0.03419429436326027,0.9729138612747192,0.0,0.0,0.0,0.0,0.0,0.0
I5y0__X72p0_20,train,100,32,0.023968396708369255,0.9910603165626526,0.0,0.0,0.0,0.0,0.0,0.0
I5y0__X72p0_21,train,100,32,0.026234237477183342,0.964893639087677,0.0,0.0,0.0,0.0,0.0,0.0
I5y0__X72p0_22,train,100,32,0.025141587480902672,0.9457272291183472,0.0,0.0,0.0,0.0,0.0,0.0
I5y0__X72p0_23,train,99,32,0.023305892944335938,0.9757312536239624,0.0,0.0,0.0,0.0,0.0,0.0
I5y0__X72p0_24,train,100,32,0.03653140366077423,0.9705230593681335,0.0,0.0,0.0,0.0,0.0,0.0
I5y0__X72p0_25,train,74,32,0.020405761897563934,0.990301787853241,0.0,0.0,0.0,0.0,0.0,0.0
I5y0__X72p0_26,train,100,32,0.030743123963475227,0.9711148738861084,0.0,0.0,0.0,0.0,0.0,0.0
I5y0__X72p0_27,train,100,32,0.02707071602344513,0.9699989557266235,0.0,0.0,0.0,0.0,0.0,0.0
I5y0__X72p0_28,train,100,32,0.02016592025756836,0.9799004793167114,0.0,0.0,0.0,0.0,0.0,0.0
I5y0__X72p0_29,train,100,32,0.0360584519803524,0.9567440748214722,0.0,0.0,0.0,0.0,0.0,0.0
I5y0__X72p0_3,train,100,32,0.03665843978524208,0.9664663076400757,0.0,0.0,0.0,0.0,0.0,0.0
I5y0__X72p0_30,train,83,32,0.018704058602452278,0.9516903758049011,0.0,0.0,0.0,0.0,0.0,0.0
I5y0__X72p0_31,train,34,32,0.03239103779196739,0.9986077547073364,0.0,0.0,0.0,0.0,0.0,0.0
I5y0__X72p0_32,train,39,32,0.02040175348520279,0.9985634684562683,0.0,0.0,0.0,0.0,0.0,0.0
I5y0__X72p0_33,train,91,32,0.035745684057474136,0.95013427734375,0.0,0.0,0.0,0.0,0.0,0.0
I5y0__X72p0_34,train,66,32,0.031244000419974327,0.9550191760063171,0.0,0.0,0.0,0.0,0.0,0.0
I5y0__X72p0_35,train,100,32,0.03795628994703293,0.9878354668617249,0.0,0.0,0.0,0.0,0.0,0.0
I5y0__X72p0_36,train,93,32,0.02486043982207775,1.006250262260437,0.0,0.0,0.0,0.0,0.0,0.0
I5y0__X72p0_37,train,100,32,0.01975317671895027,0.9881186485290527,0.0,0.0,0.0,0.0,0.0,0.0
I5y0__X72p0_38,train,100,32,0.022969134151935577,1.006711721420288,0.0,0.0,0.0,0.0,0.0,0.0
I5y0__X72p0_39,train,71,32,0.04412717744708061,0.9921233654022217,0.0,0.0,0.0,0.0,0.0,0.0
I5y0__X72p0_4,train,100,32,0.04063394293189049,0.9276506900787354,0.0,0.0,0.0,0.0,0.0,0.0
I5y0__X72p0_5,train,53,32,0.026700764894485474,0.9843167066574097,0.0,0.0,0.0,0.0,0.0,0.0
I5y0__X72p0_6,train,100,32,0.017384206876158714,0.9894503951072693,0.0,0.0,0.0,0.0,0.0,0.0
I5y0__X72p0_7,train,100,32,0.035804904997348785,0.9606034755706787,0.0,0.0,0.0,0.0,0.0,0.0
I5y0__X72p0_8,train,100,32,0.023412449285387993,0.9726999998092651,0.0,0.0,0.0,0.0,0.0,0.0
I5y0__X72p0_9,train,56,32,0.04458506032824516,1.0119456052780151,0.0,0.0,0.0,0.0,0.0,0.0
Iu2PFX3z_1s_1,train,100,32,0.043536584824323654,1.0420095920562744,0.0,0.0,0.0,0.0,0.0,0.0
Iu2PFX3z_1s_10,train,100,32,0.02088259905576706,1.0449085235595703,0.0,0.0,0.0,0.0,0.0,0.0
Iu2PFX3z_1s_11,train,100,32,0.028680989518761635,1.0334362983703613,0.0,0.0,0.0,0.0,0.0,0.0
Iu2PFX3z_1s_12,train,56,32,0.02638126350939274,1.0286567211151123,0.0,0.0,0.0,0.0,0.0,0.0
Iu2PFX3z_1s_13,train,66,32,0.04286857321858406,1.05503511428833,0.0,0.0,0.0,0.0,0.0,0.0
Iu2PFX3z_1s_14,train,100,32,0.027574965730309486,1.0527669191360474,0.0,0.0,0.0,0.0,0.0,0.0
Iu2PFX3z_1s_15,train,100,32,0.028143635019659996,1.0404444932937622,0.0,0.0,0.0,0.0,0.0,0.0
Iu2PFX3z_1s_16,train,100,32,0.028391869738698006,1.0130159854888916,0.0,0.0,0.0,0.0,0.0,0.0
Iu2PFX3z_1s_2,train,100,32,0.02667759358882904,1.0469629764556885,0.0,0.0,0.0,0.0,0.0,0.0
Iu2PFX3z_1s_3,train,100,32,0.03417178615927696,1.050917148590088,0.0,0.0,0.0,0.0,0.0,0.0
Iu2PFX3z_1s_4,train,100,32,0.047441575676202774,1.0550639629364014,0.0,0.0,0.0,0.0,0.0,0.0
Iu2PFX3z_1s_5,train,100,32,0.017916100099682808,1.0354474782943726,0.0,0.0,0.0,0.0,0.0,0.0
Iu2PFX3z_1s_6,train,74,32,0.020795423537492752,1.0359058380126953,0.0,0.0,0.0,0.0,0.0,0.0
Iu2PFX3z_1s_7,train,100,32,0.024327754974365234,1.0415587425231934,0.0,0.0,0.0,0.0,0.0,0.0
Iu2PFX3z_1s_8,train,100,32,0.037981003522872925,1.0173745155334473,0.0,0.0,0.0,0.0,0.0,0.0
Iu2PFX3z_1s_9,train,66,32,0.033006731420755386,1.0442911386489868,0.0,0.0,0.0,0.0,0.0,0.0
IumbAb8q2dM_1,train,99,32,0.023529542610049248,0.928174614906311,0.0,0.0,0.0,0.0,0.0,0.0
IumbAb8q2dM_10,train,100,32,0.03898791968822479,0.9611727595329285,0.0,0.0,0.0,0.0,0.0,0.0
IumbAb8q2dM_11,train,100,32,0.037261396646499634,0.9534004926681519,0.0,0.0,0.0,0.0,0.0,0.0
IumbAb8q2dM_12,train,100,32,0.03165530040860176,0.9158756732940674,0.0,0.0,0.0,0.0,0.0,0.0
IumbAb8q2dM_13,train,100,32,0.030209988355636597,0.9547392129898071,0.0,0.0,0.0,0.0,0.0,0.0
IumbAb8q2dM_14,train,100,32,0.03410502150654793,0.9488731622695923,0.0,0.0,0.0,0.0,0.0,0.0
IumbAb8q2dM_15,train,99,32,0.02857610583305359,0.9552952647209167,0.0,0.0,0.0,0.0,0.0,0.0
IumbAb8q2dM_16,train,100,32,0.04215128719806671,0.9088165760040283,0.0,0.0,0.0,0.0,0.0,0.0
IumbAb8q2dM_17,train,76,32,0.027901478111743927,0.9453596472740173,0.0,0.0,0.0,0.0,0.0,0.0
IumbAb8q2dM_18,train,100,32,0.03553673252463341,0.9405463933944702,0.0,0.0,0.0,0.0,0.0,0.0
IumbAb8q2dM_19,train,100,32,0.039968572556972504,0.9324002265930176,0.0,0.0,0.0,0.0,0.0,0.0
IumbAb8q2dM_2,train,64,32,0.0204173531383276,0.9505382776260376,0.0,0.0,0.0,0.0,0.0,0.0
IumbAb8q2dM_20,train,74,32,0.03027523308992386,0.9605126976966858,0.0,0.0,0.0,0.0,0.0,0.0
IumbAb8q2dM_21,train,100,32,0.0511576272547245,0.9453562498092651,0.0,0.0,0.0,0.0,0.0,0.0
IumbAb8q2dM_22,train,100,32,0.02547796629369259,0.9398374557495117,0.0,0.0,0.0,0.0,0.0,0.0
IumbAb8q2dM_3,train,100,32,0.01711377687752247,0.9476750493049622,0.0,0.0,0.0,0.0,0.0,0.0
IumbAb8q2dM_4,train,100,32,0.030253522098064423,0.9170089960098267,0.0,0.0,0.0,0.0,0.0,0.0
IumbAb8q2dM_5,train,78,32,0.022410696372389793,0.9553320407867432,0.0,0.0,0.0,0.0,0.0,0.0
IumbAb8q2dM_6,train,100,32,0.049278199672698975,0.9278180599212646,0.0,0.0,0.0,0.0,0.0,0.0
IumbAb8q2dM_7,train,100,32,0.027988553047180176,0.9301704168319702,0.0,0.0,0.0,0.0,0.0,0.0
IumbAb8q2dM_8,train,100,32,0.030846068635582924,0.935961127281189,0.0,0.0,0.0,0.0,0.0,0.0
IumbAb8q2dM_9,train,100,32,0.019320977851748466,0.9439323544502258,0.0,0.0,0.0,0.0,0.0,0.0
Jkswaaud0hk_1,train,100,32,0.02450387179851532,0.9963573217391968,0.0,0.0,0.0,0.0,0.0,0.0
Jkswaaud0hk_10,train,100,32,0.04233825206756592,0.994504451751709,0.0,0.0,0.0,0.0,0.0,0.0
Jkswaaud0hk_11,train,100,32,0.0349881649017334,0.9877390265464783,0.0,0.0,0.0,0.0,0.0,0.0
Jkswaaud0hk_12,train,100,32,0.026493916288018227,0.9798846244812012,0.0,0.0,0.0,0.0,0.0,0.0
Jkswaaud0hk_13,train,100,32,0.02278869040310383,0.9981790781021118,0.0,0.0,0.0,0.0,0.0,0.0
Jkswaaud0hk_14,train,79,32,0.030793040990829468,1.0044493675231934,0.0,0.0,0.0,0.0,0.0,0.0
Jkswaaud0hk_15,train,100,32,0.018124397844076157,1.0023329257965088,0.0,0.0,0.0,0.0,0.0,0.0
Jkswaaud0hk_16,train,84,32,0.030242597684264183,1.015059471130371,0.0,0.0,0.0,0.0,0.0,0.0
Jkswaaud0hk_17,train,100,32,0.022929014638066292,1.011281967163086,0.0,0.0,0.0,0.0,0.0,0.0
Jkswaaud0hk_18,train,100,32,0.031076496466994286,1.0050252676010132,0.0,0.0,0.0,0.0,0.0,0.0
Jkswaaud0hk_19,train,66,32,0.02705100178718567,0.9995764493942261,0.0,0.0,0.0,0.0,0.0,0.0
Jkswaaud0hk_2,train,49,32,0.046096574515104294,1.0087592601776123,0.0,0.0,0.0,0.0,0.0,0.0
Jkswaaud0hk_20,train,44,32,0.03592577949166298,1.0287256240844727,0.0,0.0,0.0,0.0,0.0,0.0
Jkswaaud0hk_3,train,100,32,0.038680870085954666,0.9799120426177979,0.0,0.0,0.0,0.0,0.0,0.0
Jkswaaud0hk_4,train,91,32,0.024698227643966675,1.016347885131836,0.0,0.0,0.0,0.0,0.0,0.0
Jkswaaud0hk_5,train,100,32,0.035815346986055374,0.9928042888641357,0.0,0.0,0.0,0.0,0.0,0.0
Jkswaaud0hk_6,train,100,32,0.02339359186589718,0.9937074184417725,0.0,0.0,0.0,0.0,0.0,0.0
Jkswaaud0hk_7,train,100,32,0.018781816586852074,1.0060051679611206,0.0,0.0,0.0,0.0,0.0,0.0
Jkswaaud0hk_8,train,89,32,0.033741775900125504,0.9890549778938293,0.0,0.0,0.0,0.0,0.0,0.0
Jkswaaud0hk_9,train,74,32,0.02978641353547573,1.002423882484436,0.0,0.0,0.0,0.0,0.0,0.0
LSi-o-IrDMs_1,train,100,32,0.020630551502108574,1.0544394254684448,0.0,0.0,0.0,0.0,0.0,0.0
LSi-o-IrDMs_10,train,100,32,0.02692367136478424,1.0388054847717285,0.0,0.0,0.0,0.0,0.0,0.0
LSi-o-IrDMs_11,train,100,32,0.020387226715683937,1.0419305562973022,0.0,0.0,0.0,0.0,0.0,0.0
LSi-o-IrDMs_12,train,66,32,0.03259529545903206,1.033465027809143,0.0,0.0,0.0,0.0,0.0,0.0
LSi-o-IrDMs_13,train,63,32,0.024979816749691963,1.0687644481658936,0.0,0.0,0.0,0.0,0.0,0.0
LSi-o-IrDMs_14,train,100,32,0.030819175764918327,0.9961129426956177,0.0,0.0,0.0,0.0,0.0,0.0
LSi-o-IrDMs_15,train,63,32,0.029235035181045532,1.0388329029083252,0.0,0.0,0.0,0.0,0.0,0.0
LSi-o-IrDMs_16,train,100,32,0.013996459543704987,0.993082582950592,0.0,0.0,0.0,0.0,0.0,0.0
LSi-o-IrDMs_17,train,100,32,0.05284756049513817,0.9908080101013184,0.0,0.0,0.0,0.0,0.0,0.0
LSi-o-IrDMs_18,train,100,32,0.041510701179504395,1.0170807838439941,0.0,0.0,0.0,0.0,0.0,0.0
LSi-o-IrDMs_19,train,100,32,0.03814893588423729,1.0515929460525513,0.0,0.0,0.0,0.0,0.0,0.0
LSi-o-IrDMs_2,train,100,32,0.04257069155573845,1.022556185722351,0.0,0.0,0.0,0.0,0.0,0.0
LSi-o-IrDMs_20,train,100,32,0.030490906909108162,0.9851111769676208,0.0,0.0,0.0,0.0,0.0,0.0
LSi-o-IrDMs_21,train,100,32,0.03343376889824867,1.0239264965057373,0.0,0.0,0.0,0.0,0.0,0.0
LSi-o-IrDMs_22,train,100,32,0.019536176696419716,1.0741831064224243,0.0,0.0,0.0,0.0,0.0,0.0
LSi-o-IrDMs_23,train,96,32,0.029199153184890747,1.0794607400894165,0.0,0.0,0.0,0.0,0.0,0.0
LSi-o-IrDMs_24,train,31,32,0.022264137864112854,1.090894341468811,0.0,0.0,0.0,0.0,0.0,0.0
LSi-o-IrDMs_25,train,93,32,0.019354604184627533,1.0749154090881348,0.0,0.0,0.0,0.0,0.0,0.0
LSi-o-IrDMs_26,train,100,32,0.02970796823501587,1.0707449913024902,0.0,0.0,0.0,0.0,0.0,0.0
LSi-o-IrDMs_27,train,100,32,0.02362891472876072,1.0635180473327637,0.0,0.0,0.0,0.0,0.0,0.0
LSi-o-IrDMs_28,train,100,32,0.030990177765488625,1.0746581554412842,0.0,0.0,0.0,0.0,0.0,0.0
LSi-o-IrDMs_29,train,100,32,0.025096096098423004,1.0432815551757812,0.0,0.0,0.0,0.0,0.0,0.0
LSi-o-IrDMs_3,train,100,32,0.020108412951231003,1.0670526027679443,0.0,0.0,0.0,0.0,0.0,0.0
LSi-o-IrDMs_4,train,100,32,0.02390221506357193,1.003163456916809,0.0,0.0,0.0,0.0,0.0,0.0
LSi-o-IrDMs_5,train,100,32,0.0198389682918787,1.0383418798446655,0.0,0.0,0.0,0.0,0.0,0.0
LSi-o-IrDMs_6,train,98,32,0.03588658198714256,1.0910017490386963,0.0,0.0,0.0,0.0,0.0,0.0
LSi-o-IrDMs_7,train,98,32,0.027659885585308075,1.102797508239746,0.0,0.0,0.0,0.0,0.0,0.0
LSi-o-IrDMs_8,train,43,32,0.01625748910009861,1.0925605297088623,0.0,0.0,0.0,0.0,0.0,0.0
LSi-o-IrDMs_9,train,100,32,0.031378984451293945,1.060824990272522,0.0,0.0,0.0,0.0,0.0,0.0
MLal-t_vJPM_1,train,100,32,0.02292955480515957,0.9881576895713806,0.0,0.0,0.0,0.0,0.0,0.0
MLal-t_vJPM_10,train,73,32,0.039304468780756,0.9518177509307861,0.0,0.0,0.0,0.0,0.0,0.0
MLal-t_vJPM_11,train,100,32,0.04499073699116707,0.9424244165420532,0.0,0.0,0.0,0.0,0.0,0.0
MLal-t_vJPM_12,train,100,32,0.042552750557661057,0.9092766642570496,0.0,0.0,0.0,0.0,0.0,0.0
MLal-t_vJPM_13,train,71,32,0.04059821367263794,0.9165309071540833,0.0,0.0,0.0,0.0,0.0,0.0
MLal-t_vJPM_14,train,100,32,0.027025708928704262,0.9552639722824097,0.0,0.0,0.0,0.0,0.0,0.0
MLal-t_vJPM_15,train,100,32,0.043087929487228394,0.9714398384094238,0.0,0.0,0.0,0.0,0.0,0.0
MLal-t_vJPM_16,train,100,32,0.051808953285217285,0.9678075313568115,0.0,0.0,0.0,0.0,0.0,0.0
MLal-t_vJPM_17,train,100,32,0.03662107512354851,0.9962015151977539,0.0,0.0,0.0,0.0,0.0,0.0
MLal-t_vJPM_18,train,100,32,0.040218107402324677,0.9559067487716675,0.0,0.0,0.0,0.0,0.0,0.0
MLal-t_vJPM_2,train,100,32,0.027285533025860786,0.9587990045547485,0.0,0.0,0.0,0.0,0.0,0.0
MLal-t_vJPM_3,train,54,32,0.020205182954669,0.9763175249099731,0.0,0.0,0.0,0.0,0.0,0.0
MLal-t_vJPM_4,train,100,32,0.02612985670566559,0.9624930620193481,0.0,0.0,0.0,0.0,0.0,0.0
MLal-t_vJPM_5,train,100,32,0.03447834029793739,0.9551855325698853,0.0,0.0,0.0,0.0,0.0,0.0
MLal-t_vJPM_6,train,100,32,0.05620940402150154,0.9706782102584839,0.0,0.0,0.0,0.0,0.0,0.0
MLal-t_vJPM_7,train,84,32,0.03726542368531227,0.9752587080001831,0.0,0.0,0.0,0.0,0.0,0.0
MLal-t_vJPM_8,train,100,32,0.033560577780008316,0.9455605745315552,0.0,0.0,0.0,0.0,0.0,0.0
MLal-t_vJPM_9,train,100,32,0.044588979333639145,0.9124640822410583,0.0,0.0,0.0,0.0,0.0,0.0
Njd1F0vZSm4_1,train,100,32,0.030144082382321358,0.9711048603057861,0.0,0.0,0.0,0.0,0.0,0.0
Njd1F0vZSm4_10,train,100,32,0.02280164323747158,0.9544293284416199,0.0,0.0,0.0,0.0,0.0,0.0
Njd1F0vZSm4_11,train,100,32,0.03750578686594963,0.9665772318840027,0.0,0.0,0.0,0.0,0.0,0.0
Njd1F0vZSm4_12,train,100,32,0.07006464898586273,0.9533022046089172,0.0,0.0,0.0,0.0,0.0,0.0
Njd1F0vZSm4_13,train,100,32,0.05892359837889671,0.9574881792068481,0.0,0.0,0.0,0.0,0.0,0.0
Njd1F0vZSm4_2,train,100,32,0.031666349619627,0.9785053133964539,0.0,0.0,0.0,0.0,0.0,0.0
Njd1F0vZSm4_3,train,100,32,0.03425629064440727,0.9878748655319214,0.0,0.0,0.0,0.0,0.0,0.0
Njd1F0vZSm4_4,train,100,32,0.03973675146698952,0.9844961762428284,0.0,0.0,0.0,0.0,0.0,0.0
Njd1F0vZSm4_5,train,48,32,0.025815511122345924,0.9941377639770508,0.0,0.0,0.0,0.0,0.0,0.0
Njd1F0vZSm4_6,train,100,32,0.04142862930893898,0.9739136695861816,0.0,0.0,0.0,0.0,0.0,0.0
Njd1F0vZSm4_7,train,100,32,0.04341466352343559,0.9621941447257996,0.0,0.0,0.0,0.0,0.0,0.0
Njd1F0vZSm4_8,train,100,32,0.023184627294540405,0.9808845520019531,0.0,0.0,0.0,0.0,0.0,0.0
Njd1F0vZSm4_9,train,100,32,0.029676789417862892,0.9667055606842041,0.0,0.0,0.0,0.0,0.0,0.0
Nzq88NnDkEk_1,train,100,32,0.033170659095048904,0.9921743869781494,0.0,0.0,0.0,0.0,0.0,0.0
Nzq88NnDkEk_10,train,100,32,0.04062554985284805,0.999229907989502,0.0,0.0,0.0,0.0,0.0,0.0
Nzq88NnDkEk_11,train,100,32,0.025327816605567932,1.0337607860565186,0.0,0.0,0.0,0.0,0.0,0.0
Nzq88NnDkEk_12,train,100,32,0.02742837555706501,1.0125654935836792,0.0,0.0,0.0,0.0,0.0,0.0
Nzq88NnDkEk_13,train,100,32,0.020055467262864113,1.0209028720855713,0.0,0.0,0.0,0.0,0.0,0.0
Nzq88NnDkEk_14,train,100,32,0.01660049706697464,0.996074378490448,0.0,0.0,0.0,0.0,0.0,0.0
Nzq88NnDkEk_15,train,100,32,0.029741613194346428,0.9802391529083252,0.0,0.0,0.0,0.0,0.0,0.0
Nzq88NnDkEk_16,train,100,32,0.03386322036385536,0.9619204998016357,0.0,0.0,0.0,0.0,0.0,0.0
Nzq88NnDkEk_17,train,100,32,0.026410222053527832,1.005308985710144,0.0,0.0,0.0,0.0,0.0,0.0
Nzq88NnDkEk_18,train,100,32,0.02195129543542862,0.9892003536224365,0.0,0.0,0.0,0.0,0.0,0.0
Nzq88NnDkEk_19,train,100,32,0.0319686196744442,1.0187795162200928,0.0,0.0,0.0,0.0,0.0,0.0
Nzq88NnDkEk_2,train,100,32,0.035587552934885025,0.9856998920440674,0.0,0.0,0.0,0.0,0.0,0.0
Nzq88NnDkEk_20,train,100,32,0.02056116610765457,1.023506760597229,0.0,0.0,0.0,0.0,0.0,0.0
Nzq88NnDkEk_21,train,100,32,0.02263776957988739,1.0364750623703003,0.0,0.0,0.0,0.0,0.0,0.0
Nzq88NnDkEk_22,train,100,32,0.033393312245607376,1.0095876455307007,0.0,0.0,0.0,0.0,0.0,0.0
Nzq88NnDkEk_23,train,100,32,0.022497525438666344,1.0263819694519043,0.0,0.0,0.0,0.0,0.0,0.0
Nzq88NnDkEk_24,train,100,32,0.02876371331512928,1.017829418182373,0.0,0.0,0.0,0.0,0.0,0.0
Nzq88NnDkEk_25,train,100,32,0.022063031792640686,0.9599336385726929,0.0,0.0,0.0,0.0,0.0,0.0
Nzq88NnDkEk_26,train,100,32,0.04544195532798767,0.9870491623878479,0.0,0.0,0.0,0.0,0.0,0.0
Nzq88NnDkEk_27,train,78,32,0.02676689811050892,1.0128735303878784,0.0,0.0,0.0,0.0,0.0,0.0
Nzq88NnDkEk_28,train,100,32,0.01822306029498577,1.025404930114746,0.0,0.0,0.0,0.0,0.0,0.0
Nzq88NnDkEk_29,train,100,32,0.025449439883232117,0.9938564896583557,0.0,0.0,0.0,0.0,0.0,0.0
Nzq88NnDkEk_3,train,100,32,0.029570460319519043,0.9800266027450562,0.0,0.0,0.0,0.0,0.0,0.0
Nzq88NnDkEk_30,train,100,32,0.02389264665544033,1.0261268615722656,0.0,0.0,0.0,0.0,0.0,0.0
Nzq88NnDkEk_31,train,100,32,0.02349701337516308,1.0359547138214111,0.0,0.0,0.0,0.0,0.0,0.0
Nzq88NnDkEk_32,train,100,32,0.03558740392327309,1.0026016235351562,0.0,0.0,0.0,0.0,0.0,0.0
Nzq88NnDkEk_4,train,100,32,0.016896046698093414,0.9918123483657837,0.0,0.0,0.0,0.0,0.0,0.0
Nzq88NnDkEk_5,train,68,32,0.02088806964457035,1.028204321861267,0.0,0.0,0.0,0.0,0.0,0.0
Nzq88NnDkEk_6,train,100,32,0.03698853403329849,1.010399580001831,0.0,0.0,0.0,0.0,0.0,0.0
Nzq88NnDkEk_7,train,100,32,0.019140444695949554,1.0111362934112549,0.0,0.0,0.0,0.0,0.0,0.0
Nzq88NnDkEk_8,train,100,32,0.027898335829377174,1.0172513723373413,0.0,0.0,0.0,0.0,0.0,0.0
Nzq88NnDkEk_9,train,100,32,0.04070602357387543,0.9955732822418213,0.0,0.0,0.0,0.0,0.0,0.0
OQvJTdtJ2H4_1,train,34,32,0.01683018170297146,1.0522806644439697,0.0,0.0,0.0,0.0,0.0,0.0
OQvJTdtJ2H4_10,train,100,32,0.030499860644340515,1.0528109073638916,0.0,0.0,0.0,0.0,0.0,0.0
OQvJTdtJ2H4_11,train,100,32,0.022616377100348473,0.9212108850479126,0.0,0.0,0.0,0.0,0.0,0.0
OQvJTdtJ2H4_12,train,100,32,0.05235984921455383,0.9952974319458008,0.0,0.0,0.0,0.0,0.0,0.0
OQvJTdtJ2H4_13,train,86,32,0.02471553348004818,1.0399343967437744,0.0,0.0,0.0,0.0,0.0,0.0
OQvJTdtJ2H4_14,train,100,32,0.036342184990644455,0.9981372356414795,0.0,0.0,0.0,0.0,0.0,0.0
OQvJTdtJ2H4_15,train,100,32,0.029072357341647148,1.0080389976501465,0.0,0.0,0.0,0.0,0.0,0.0
OQvJTdtJ2H4_16,train,100,32,0.06224045529961586,0.9116495847702026,0.0,0.0,0.0,0.0,0.0,0.0
OQvJTdtJ2H4_2,train,89,32,0.03226279839873314,1.001922845840454,0.0,0.0,0.0,0.0,0.0,0.0
OQvJTdtJ2H4_3,train,100,32,0.021985754370689392,0.9994676113128662,0.0,0.0,0.0,0.0,0.0,0.0
OQvJTdtJ2H4_4,train,100,32,0.09858665615320206,1.006255865097046,0.0,0.0,0.0,0.0,0.0,0.0
OQvJTdtJ2H4_5,train,76,32,0.020460626110434532,1.0482934713363647,0.0,0.0,0.0,0.0,0.0,0.0
OQvJTdtJ2H4_6,train,100,32,0.020151937380433083,1.0483593940734863,0.0,0.0,0.0,0.0,0.0,0.0
OQvJTdtJ2H4_7,train,100,32,0.03264649212360382,1.0084881782531738,0.0,0.0,0.0,0.0,0.0,0.0
OQvJTdtJ2H4_8,train,100,32,0.046289991587400436,1.0246400833129883,0.0,0.0,0.0,0.0,0.0,0.0
OQvJTdtJ2H4_9,train,100,32,0.03825892135500908,1.0188753604888916,0.0,0.0,0.0,0.0,0.0,0.0
OtBXNcAL_lE_1,train,100,32,0.045715585350990295,1.0024478435516357,0.0,0.0,0.0,0.0,0.0,0.0
OtBXNcAL_lE_10,train,100,32,0.028584642335772514,1.05609130859375,0.0,0.0,0.0,0.0,0.0,0.0
OtBXNcAL_lE_11,train,100,32,0.0373864583671093,1.0278525352478027,0.0,0.0,0.0,0.0,0.0,0.0
OtBXNcAL_lE_12,train,100,32,0.06080472841858864,1.0241707563400269,0.0,0.0,0.0,0.0,0.0,0.0
OtBXNcAL_lE_13,train,100,32,0.03717543184757233,1.0316897630691528,0.0,0.0,0.0,0.0,0.0,0.0
OtBXNcAL_lE_14,train,99,32,0.03818516060709953,1.0672821998596191,0.0,0.0,0.0,0.0,0.0,0.0
OtBXNcAL_lE_15,train,100,32,0.032105010002851486,1.0463258028030396,0.0,0.0,0.0,0.0,0.0,0.0
OtBXNcAL_lE_16,train,100,32,0.016867533326148987,1.012261986732483,0.0,0.0,0.0,0.0,0.0,0.0
OtBXNcAL_lE_17,train,100,32,0.03098890744149685,1.0332574844360352,0.0,0.0,0.0,0.0,0.0,0.0
OtBXNcAL_lE_18,train,28,32,0.020117634907364845,1.0668745040893555,0.0,0.0,0.0,0.0,0.0,0.0
OtBXNcAL_lE_19,train,100,32,0.0208140779286623,0.9836816787719727,0.0,0.0,0.0,0.0,0.0,0.0
OtBXNcAL_lE_2,train,100,32,0.05646263062953949,0.9826669692993164,0.0,0.0,0.0,0.0,0.0,0.0
OtBXNcAL_lE_20,train,100,32,0.046221375465393066,1.0069935321807861,0.0,0.0,0.0,0.0,0.0,0.0
OtBXNcAL_lE_21,train,100,32,0.025127427652478218,1.0814262628555298,0.0,0.0,0.0,0.0,0.0,0.0
OtBXNcAL_lE_22,train,100,32,0.02681100368499756,1.1246507167816162,0.0,0.0,0.0,0.0,0.0,0.0
OtBXNcAL_lE_23,train,100,32,0.08034119009971619,1.082831859588623,0.0,0.0,0.0,0.0,0.0,0.0
OtBXNcAL_lE_24,train,100,32,0.022995606064796448,1.0674982070922852,0.0,0.0,0.0,0.0,0.0,0.0
OtBXNcAL_lE_3,train,100,32,0.053992751985788345,1.015401840209961,0.0,0.0,0.0,0.0,0.0,0.0
OtBXNcAL_lE_4,train,100,32,0.03847772255539894,1.0387945175170898,0.0,0.0,0.0,0.0,0.0,0.0
OtBXNcAL_lE_5,train,100,32,0.04106030985713005,1.0499587059020996,0.0,0.0,0.0,0.0,0.0,0.0
OtBXNcAL_lE_6,train,100,32,0.018255751579999924,1.0362281799316406,0.0,0.0,0.0,0.0,0.0,0.0
OtBXNcAL_lE_7,train,100,32,0.04453684762120247,1.0610265731811523,0.0,0.0,0.0,0.0,0.0,0.0
OtBXNcAL_lE_8,train,83,32,0.02272401936352253,1.0920870304107666,0.0,0.0,0.0,0.0,0.0,0.0
OtBXNcAL_lE_9,train,54,32,0.02248704433441162,1.0667991638183594,0.0,0.0,0.0,0.0,0.0,0.0
Oz06ZWiO20M_1,train,100,32,0.02686394192278385,0.9820432662963867,0.0,0.0,0.0,0.0,0.0,0.0
Oz06ZWiO20M_10,train,100,32,0.04873396456241608,0.9976407289505005,0.0,0.0,0.0,0.0,0.0,0.0
Oz06ZWiO20M_11,train,100,32,0.02981315366923809,0.9975641369819641,0.0,0.0,0.0,0.0,0.0,0.0
Oz06ZWiO20M_12,train,100,32,0.033637937158346176,0.9839303493499756,0.0,0.0,0.0,0.0,0.0,0.0
Oz06ZWiO20M_13,train,100,32,0.03443540632724762,1.0025639533996582,0.0,0.0,0.0,0.0,0.0,0.0
Oz06ZWiO20M_14,train,100,32,0.02703617513179779,0.9862866401672363,0.0,0.0,0.0,0.0,0.0,0.0
Oz06ZWiO20M_15,train,100,32,0.034659963101148605,0.9922909140586853,0.0,0.0,0.0,0.0,0.0,0.0
Oz06ZWiO20M_16,train,100,32,0.02970658242702484,0.9819091558456421,0.0,0.0,0.0,0.0,0.0,0.0
Oz06ZWiO20M_17,train,100,32,0.029172196984291077,0.983752429485321,0.0,0.0,0.0,0.0,0.0,0.0
Oz06ZWiO20M_18,train,54,32,0.025118501856923103,0.9731988906860352,0.0,0.0,0.0,0.0,0.0,0.0
Oz06ZWiO20M_19,train,100,32,0.024363087490200996,0.9738574028015137,0.0,0.0,0.0,0.0,0.0,0.0
Oz06ZWiO20M_2,train,100,32,0.02395402453839779,0.9823191165924072,0.0,0.0,0.0,0.0,0.0,0.0
Oz06ZWiO20M_20,train,100,32,0.03167081996798515,0.9773547649383545,0.0,0.0,0.0,0.0,0.0,0.0
Oz06ZWiO20M_21,train,100,32,0.022398820146918297,0.9984872341156006,0.0,0.0,0.0,0.0,0.0,0.0
Oz06ZWiO20M_22,train,100,32,0.026852881535887718,0.9836437702178955,0.0,0.0,0.0,0.0,0.0,0.0
Oz06ZWiO20M_23,train,98,32,0.01831875927746296,1.0051801204681396,0.0,0.0,0.0,0.0,0.0,0.0
Oz06ZWiO20M_24,train,100,32,0.02784610353410244,0.9868277311325073,0.0,0.0,0.0,0.0,0.0,0.0
Oz06ZWiO20M_25,train,100,32,0.029262833297252655,0.9525798559188843,0.0,0.0,0.0,0.0,0.0,0.0
Oz06ZWiO20M_3,train,100,32,0.021638313308358192,0.9787371158599854,0.0,0.0,0.0,0.0,0.0,0.0
Oz06ZWiO20M_4,train,100,32,0.03360844776034355,0.9877273440361023,0.0,0.0,0.0,0.0,0.0,0.0
Oz06ZWiO20M_5,train,100,32,0.02737012319266796,0.9815297722816467,0.0,0.0,0.0,0.0,0.0,0.0
Oz06ZWiO20M_6,train,100,32,0.03657771646976471,0.9662328958511353,0.0,0.0,0.0,0.0,0.0,0.0
Oz06ZWiO20M_7,train,73,32,0.03391750529408455,0.9988733530044556,0.0,0.0,0.0,0.0,0.0,0.0
Oz06ZWiO20M_8,train,100,32,0.036908820271492004,0.9881421327590942,0.0,0.0,0.0,0.0,0.0,0.0
Oz06ZWiO20M_9,train,100,32,0.021778801456093788,0.9669109582901001,0.0,0.0,0.0,0.0,0.0,0.0
POKffnXeBds_1,train,100,32,0.031389374285936356,0.9963326454162598,0.0,0.0,0.0,0.0,0.0,0.0
POKffnXeBds_10,train,100,32,0.02157287858426571,0.9911985397338867,0.0,0.0,0.0,0.0,0.0,0.0
POKffnXeBds_11,train,93,32,0.018823890015482903,0.995995283126831,0.0,0.0,0.0,0.0,0.0,0.0
POKffnXeBds_12,train,86,32,0.035218264907598495,1.0109260082244873,0.0,0.0,0.0,0.0,0.0,0.0
POKffnXeBds_13,train,88,32,0.029893821105360985,1.0089534521102905,0.0,0.0,0.0,0.0,0.0,0.0
POKffnXeBds_2,train,100,32,0.01960350014269352,0.9903908967971802,0.0,0.0,0.0,0.0,0.0,0.0
POKffnXeBds_3,train,100,32,0.02161359041929245,0.99764084815979,0.0,0.0,0.0,0.0,0.0,0.0
POKffnXeBds_4,train,100,32,0.030266577377915382,0.9702106714248657,0.0,0.0,0.0,0.0,0.0,0.0
POKffnXeBds_5,train,89,32,0.016449300572276115,0.9796292185783386,0.0,0.0,0.0,0.0,0.0,0.0
POKffnXeBds_6,train,100,32,0.03523318096995354,0.9801757335662842,0.0,0.0,0.0,0.0,0.0,0.0
POKffnXeBds_7,train,100,32,0.02907322347164154,1.008029818534851,0.0,0.0,0.0,0.0,0.0,0.0
POKffnXeBds_8,train,100,32,0.02710673213005066,0.9997825622558594,0.0,0.0,0.0,0.0,0.0,0.0
POKffnXeBds_9,train,100,32,0.01969045400619507,0.9941501617431641,0.0,0.0,0.0,0.0,0.0,0.0
PZ-lDQFboO8_1,train,100,32,0.02859090454876423,1.0388498306274414,0.0,0.0,0.0,0.0,0.0,0.0
PZ-lDQFboO8_10,train,63,32,0.01912202499806881,1.0204042196273804,0.0,0.0,0.0,0.0,0.0,0.0
PZ-lDQFboO8_11,train,64,32,0.038846131414175034,1.0351932048797607,0.0,0.0,0.0,0.0,0.0,0.0
PZ-lDQFboO8_12,train,100,32,0.030532823875546455,1.0262866020202637,0.0,0.0,0.0,0.0,0.0,0.0
PZ-lDQFboO8_2,train,100,32,0.029360545799136162,1.0369856357574463,0.0,0.0,0.0,0.0,0.0,0.0
PZ-lDQFboO8_3,train,100,32,0.028286119922995567,1.0325324535369873,0.0,0.0,0.0,0.0,0.0,0.0
PZ-lDQFboO8_4,train,100,32,0.025879330933094025,1.0256184339523315,0.0,0.0,0.0,0.0,0.0,0.0
PZ-lDQFboO8_5,train,100,32,0.02640014886856079,1.0241341590881348,0.0,0.0,0.0,0.0,0.0,0.0
PZ-lDQFboO8_6,train,100,32,0.03296572342514992,1.0426455736160278,0.0,0.0,0.0,0.0,0.0,0.0
PZ-lDQFboO8_7,train,100,32,0.020925728604197502,1.0391089916229248,0.0,0.0,0.0,0.0,0.0,0.0
PZ-lDQFboO8_8,train,100,32,0.022514289245009422,1.037520408630371,0.0,0.0,0.0,0.0,0.0,0.0
PZ-lDQFboO8_9,train,100,32,0.025476789101958275,1.0327377319335938,0.0,0.0,0.0,0.0,0.0,0.0
QN9ZIUWUXsY_1,train,100,32,0.026957163587212563,0.9827064871788025,0.0,0.0,0.0,0.0,0.0,0.0
QN9ZIUWUXsY_10,train,100,32,0.018140750005841255,1.0030467510223389,0.0,0.0,0.0,0.0,0.0,0.0
QN9ZIUWUXsY_11,train,100,32,0.04122665151953697,0.993977427482605,0.0,0.0,0.0,0.0,0.0,0.0
QN9ZIUWUXsY_12,train,100,32,0.02673240564763546,0.9974458813667297,0.0,0.0,0.0,0.0,0.0,0.0
QN9ZIUWUXsY_13,train,100,32,0.02800634503364563,1.004167079925537,0.0,0.0,0.0,0.0,0.0,0.0
QN9ZIUWUXsY_14,train,100,32,0.03566041216254234,0.9876073598861694,0.0,0.0,0.0,0.0,0.0,0.0
QN9ZIUWUXsY_15,train,100,32,0.03129475563764572,1.007800579071045,0.0,0.0,0.0,0.0,0.0,0.0
QN9ZIUWUXsY_16,train,100,32,0.022716833278536797,1.0300244092941284,0.0,0.0,0.0,0.0,0.0,0.0
QN9ZIUWUXsY_17,train,89,32,0.029240643605589867,1.0353447198867798,0.0,0.0,0.0,0.0,0.0,0.0
QN9ZIUWUXsY_18,train,100,32,0.03429777920246124,0.9952126741409302,0.0,0.0,0.0,0.0,0.0,0.0
QN9ZIUWUXsY_2,train,91,32,0.020597122609615326,1.0052306652069092,0.0,0.0,0.0,0.0,0.0,0.0
QN9ZIUWUXsY_3,train,88,32,0.021827148273587227,1.0365233421325684,0.0,0.0,0.0,0.0,0.0,0.0
QN9ZIUWUXsY_4,train,100,32,0.03649051487445831,1.0122532844543457,0.0,0.0,0.0,0.0,0.0,0.0
QN9ZIUWUXsY_5,train,100,32,0.056259140372276306,1.0200304985046387,0.0,0.0,0.0,0.0,0.0,0.0
QN9ZIUWUXsY_6,train,100,32,0.023596948012709618,1.0266050100326538,0.0,0.0,0.0,0.0,0.0,0.0
QN9ZIUWUXsY_7,train,100,32,0.028068171814084053,1.0182225704193115,0.0,0.0,0.0,0.0,0.0,0.0
QN9ZIUWUXsY_8,train,100,32,0.036834802478551865,1.0386478900909424,0.0,0.0,0.0,0.0,0.0,0.0
QN9ZIUWUXsY_9,train,93,32,0.028600400313735008,1.0081897974014282,0.0,0.0,0.0,0.0,0.0,0.0
Qr1Ca94K55A_1,train,100,32,0.03851841762661934,0.9959509968757629,0.0,0.0,0.0,0.0,0.0,0.0
Qr1Ca94K55A_10,train,100,32,0.026953982189297676,1.030126690864563,0.0,0.0,0.0,0.0,0.0,0.0
Qr1Ca94K55A_11,train,83,32,0.025663478299975395,1.0216782093048096,0.0,0.0,0.0,0.0,0.0,0.0
Qr1Ca94K55A_12,train,100,32,0.031090939417481422,1.0087051391601562,0.0,0.0,0.0,0.0,0.0,0.0
Qr1Ca94K55A_13,train,100,32,0.04776682332158089,1.0017985105514526,0.0,0.0,0.0,0.0,0.0,0.0
Qr1Ca94K55A_14,train,100,32,0.030820772051811218,0.9964916706085205,0.0,0.0,0.0,0.0,0.0,0.0
Qr1Ca94K55A_2,train,58,32,0.0202206838876009,1.0596197843551636,0.0,0.0,0.0,0.0,0.0,0.0
Qr1Ca94K55A_3,train,71,32,0.026769697666168213,1.0515248775482178,0.0,0.0,0.0,0.0,0.0,0.0
Qr1Ca94K55A_4,train,100,32,0.028733747079968452,1.0157517194747925,0.0,0.0,0.0,0.0,0.0,0.0
Qr1Ca94K55A_5,train,100,32,0.02208785153925419,1.0006450414657593,0.0,0.0,0.0,0.0,0.0,0.0
Qr1Ca94K55A_6,train,100,32,0.032441165298223495,0.9930859804153442,0.0,0.0,0.0,0.0,0.0,0.0
Qr1Ca94K55A_7,train,100,32,0.04192541167140007,0.9731721878051758,0.0,0.0,0.0,0.0,0.0,0.0
Qr1Ca94K55A_8,train,100,32,0.027941957116127014,1.0006800889968872,0.0,0.0,0.0,0.0,0.0,0.0
Qr1Ca94K55A_9,train,73,32,0.034062765538692474,0.976752519607544,0.0,0.0,0.0,0.0,0.0,0.0
Sqr0AcuoNnk_1,train,100,32,0.03173030912876129,0.956869900226593,0.0,0.0,0.0,0.0,0.0,0.0
Sqr0AcuoNnk_10,train,100,32,0.042789164930582047,0.9742030501365662,0.0,0.0,0.0,0.0,0.0,0.0
Sqr0AcuoNnk_11,train,100,32,0.04855700209736824,0.9585908651351929,0.0,0.0,0.0,0.0,0.0,0.0
Sqr0AcuoNnk_12,train,100,32,0.03364460542798042,0.9532257914543152,0.0,0.0,0.0,0.0,0.0,0.0
Sqr0AcuoNnk_13,train,100,32,0.03181570768356323,0.9838874936103821,0.0,0.0,0.0,0.0,0.0,0.0
Sqr0AcuoNnk_14,train,100,32,0.0286606103181839,0.9577411413192749,0.0,0.0,0.0,0.0,0.0,0.0
Sqr0AcuoNnk_15,train,100,32,0.022759759798645973,0.9882423877716064,0.0,0.0,0.0,0.0,0.0,0.0
Sqr0AcuoNnk_16,train,100,32,0.017034506425261497,1.0130293369293213,0.0,0.0,0.0,0.0,0.0,0.0
Sqr0AcuoNnk_17,train,100,32,0.036056745797395706,0.997710108757019,0.0,0.0,0.0,0.0,0.0,0.0
Sqr0AcuoNnk_18,train,66,32,0.020694956183433533,1.0278648138046265,0.0,0.0,0.0,0.0,0.0,0.0
Sqr0AcuoNnk_19,train,59,32,0.02266814559698105,1.0249664783477783,0.0,0.0,0.0,0.0,0.0,0.0
Sqr0AcuoNnk_2,train,100,32,0.0354139618575573,1.003684401512146,0.0,0.0,0.0,0.0,0.0,0.0
Sqr0AcuoNnk_20,train,100,32,0.02308802865445614,0.9896502494812012,0.0,0.0,0.0,0.0,0.0,0.0
Sqr0AcuoNnk_21,train,100,32,0.03955624997615814,0.9972437024116516,0.0,0.0,0.0,0.0,0.0,0.0
Sqr0AcuoNnk_22,train,100,32,0.0424250066280365,0.9855169057846069,0.0,0.0,0.0,0.0,0.0,0.0
Sqr0AcuoNnk_3,train,100,32,0.028344787657260895,0.9980684518814087,0.0,0.0,0.0,0.0,0.0,0.0
Sqr0AcuoNnk_4,train,100,32,0.029046759009361267,0.9903719425201416,0.0,0.0,0.0,0.0,0.0,0.0
Sqr0AcuoNnk_5,train,100,32,0.03103535808622837,0.9347524642944336,0.0,0.0,0.0,0.0,0.0,0.0
Sqr0AcuoNnk_6,train,100,32,0.0310970451682806,0.9379168748855591,0.0,0.0,0.0,0.0,0.0,0.0
Sqr0AcuoNnk_7,train,100,32,0.046695526689291,0.9862842559814453,0.0,0.0,0.0,0.0,0.0,0.0
Sqr0AcuoNnk_8,train,100,32,0.03607957437634468,0.9683630466461182,0.0,0.0,0.0,0.0,0.0,0.0
Sqr0AcuoNnk_9,train,71,32,0.03416886553168297,1.0018765926361084,0.0,0.0,0.0,0.0,0.0,0.0
TvyZBvOMOTc_1,train,100,32,0.02037544548511505,1.0301101207733154,0.0,0.0,0.0,0.0,0.0,0.0
TvyZBvOMOTc_10,train,100,32,0.018499238416552544,1.035186529159546,0.0,0.0,0.0,0.0,0.0,0.0
TvyZBvOMOTc_11,train,100,32,0.02683466672897339,1.0508456230163574,0.0,0.0,0.0,0.0,0.0,0.0
TvyZBvOMOTc_12,train,100,32,0.022417820990085602,1.0246907472610474,0.0,0.0,0.0,0.0,0.0,0.0
TvyZBvOMOTc_13,train,100,32,0.01564686745405197,1.0478148460388184,0.0,0.0,0.0,0.0,0.0,0.0
TvyZBvOMOTc_14,train,100,32,0.02586747705936432,1.0123112201690674,0.0,0.0,0.0,0.0,0.0,0.0
TvyZBvOMOTc_15,train,100,32,0.019764328375458717,1.0415596961975098,0.0,0.0,0.0,0.0,0.0,0.0
TvyZBvOMOTc_2,train,63,32,0.02967052347958088,1.0667691230773926,0.0,0.0,0.0,0.0,0.0,0.0
TvyZBvOMOTc_3,train,100,32,0.024005943909287453,1.0204788446426392,0.0,0.0,0.0,0.0,0.0,0.0
TvyZBvOMOTc_4,train,100,32,0.020975902676582336,1.0537166595458984,0.0,0.0,0.0,0.0,0.0,0.0
TvyZBvOMOTc_5,train,78,32,0.030570099130272865,1.0434329509735107,0.0,0.0,0.0,0.0,0.0,0.0
TvyZBvOMOTc_6,train,100,32,0.021318882703781128,1.0400092601776123,0.0,0.0,0.0,0.0,0.0,0.0
TvyZBvOMOTc_7,train,51,32,0.01422672439366579,1.0594898462295532,0.0,0.0,0.0,0.0,0.0,0.0
TvyZBvOMOTc_8,train,100,32,0.01666628010571003,0.9849452376365662,0.0,0.0,0.0,0.0,0.0,0.0
TvyZBvOMOTc_9,train,100,32,0.03466257452964783,1.0141830444335938,0.0,0.0,0.0,0.0,0.0,0.0
VCslbP0mgZI_1,train,28,32,0.03171985596418381,1.0463876724243164,0.0,0.0,0.0,0.0,0.0,0.0
VCslbP0mgZI_10,train,100,32,0.018124012276530266,1.0144143104553223,0.0,0.0,0.0,0.0,0.0,0.0
VCslbP0mgZI_11,train,100,32,0.02913619577884674,0.9542752504348755,0.0,0.0,0.0,0.0,0.0,0.0
VCslbP0mgZI_12,train,100,32,0.04307781159877777,0.9645178318023682,0.0,0.0,0.0,0.0,0.0,0.0
VCslbP0mgZI_13,train,100,32,0.030406052246689796,0.9884696006774902,0.0,0.0,0.0,0.0,0.0,0.0
VCslbP0mgZI_14,train,100,32,0.035859089344739914,1.007870078086853,0.0,0.0,0.0,0.0,0.0,0.0
VCslbP0mgZI_15,train,100,32,0.03131291642785072,0.985044538974762,0.0,0.0,0.0,0.0,0.0,0.0
VCslbP0mgZI_16,train,100,32,0.018874533474445343,1.0157735347747803,0.0,0.0,0.0,0.0,0.0,0.0
VCslbP0mgZI_17,train,100,32,0.019757259637117386,0.998826801776886,0.0,0.0,0.0,0.0,0.0,0.0
VCslbP0mgZI_2,train,100,32,0.03555923327803612,0.8868634700775146,0.0,0.0,0.0,0.0,0.0,0.0
VCslbP0mgZI_3,train,100,32,0.034680966287851334,1.024035930633545,0.0,0.0,0.0,0.0,0.0,0.0
VCslbP0mgZI_4,train,100,32,0.03304252028465271,1.008151650428772,0.0,0.0,0.0,0.0,0.0,0.0
VCslbP0mgZI_5,train,100,32,0.03746602311730385,0.9929459095001221,0.0,0.0,0.0,0.0,0.0,0.0
VCslbP0mgZI_6,train,100,32,0.024914054200053215,1.015118956565857,0.0,0.0,0.0,0.0,0.0,0.0
VCslbP0mgZI_7,train,100,32,0.02739141136407852,0.9716302156448364,0.0,0.0,0.0,0.0,0.0,0.0
VCslbP0mgZI_8,train,100,32,0.03398909047245979,0.9851421117782593,0.0,0.0,0.0,0.0,0.0,0.0
VCslbP0mgZI_9,train,100,32,0.03133026137948036,0.9696940183639526,0.0,0.0,0.0,0.0,0.0,0.0
VbQk4H8hgr0_1,train,100,32,0.02102152444422245,0.9365266561508179,0.0,0.0,0.0,0.0,0.0,0.0
VbQk4H8hgr0_10,train,84,32,0.028852587565779686,0.9606921076774597,0.0,0.0,0.0,0.0,0.0,0.0
VbQk4H8hgr0_11,train,48,32,0.03022257424890995,0.9582043886184692,0.0,0.0,0.0,0.0,0.0,0.0
VbQk4H8hgr0_12,train,71,32,0.036010101437568665,1.0121822357177734,0.0,0.0,0.0,0.0,0.0,0.0
VbQk4H8hgr0_13,train,94,32,0.032835762947797775,0.9652409553527832,0.0,0.0,0.0,0.0,0.0,0.0
VbQk4H8hgr0_14,train,99,32,0.02067951112985611,0.9607449769973755,0.0,0.0,0.0,0.0,0.0,0.0
VbQk4H8hgr0_15,train,76,32,0.030157633125782013,0.9660680294036865,0.0,0.0,0.0,0.0,0.0,0.0
VbQk4H8hgr0_16,train,100,32,0.03199907764792442,1.0062510967254639,0.0,0.0,0.0,0.0,0.0,0.0
VbQk4H8hgr0_17,train,100,32,0.028286227956414223,0.9729284644126892,0.0,0.0,0.0,0.0,0.0,0.0
VbQk4H8hgr0_18,train,100,32,0.024340040981769562,0.9836017489433289,0.0,0.0,0.0,0.0,0.0,0.0
VbQk4H8hgr0_19,train,100,32,0.024020828306674957,0.9526461362838745,0.0,0.0,0.0,0.0,0.0,0.0
VbQk4H8hgr0_2,train,100,32,0.030020514503121376,0.9385712146759033,0.0,0.0,0.0,0.0,0.0,0.0
VbQk4H8hgr0_20,train,100,32,0.03041638433933258,0.9556975364685059,0.0,0.0,0.0,0.0,0.0,0.0
VbQk4H8hgr0_21,train,86,32,0.024976277723908424,0.9840209484100342,0.0,0.0,0.0,0.0,0.0,0.0
VbQk4H8hgr0_22,train,100,32,0.037166330963373184,0.9813835620880127,0.0,0.0,0.0,0.0,0.0,0.0
VbQk4H8hgr0_23,train,83,32,0.018956514075398445,0.9745656847953796,0.0,0.0,0.0,0.0,0.0,0.0
VbQk4H8hgr0_24,train,100,32,0.03370387479662895,0.9496161937713623,0.0,0.0,0.0,0.0,0.0,0.0
VbQk4H8hgr0_25,train,100,32,0.05494929477572441,0.9832175970077515,0.0,0.0,0.0,0.0,0.0,0.0
VbQk4H8hgr0_26,train,100,32,0.025239186361432076,0.9296966791152954,0.0,0.0,0.0,0.0,0.0,0.0
VbQk4H8hgr0_27,train,94,32,0.02347966469824314,0.96584153175354,0.0,0.0,0.0,0.0,0.0,0.0
VbQk4H8hgr0_28,train,100,32,0.02354382909834385,0.9717517495155334,0.0,0.0,0.0,0.0,0.0,0.0
VbQk4H8hgr0_29,train,100,32,0.022475451231002808,1.0169174671173096,0.0,0.0,0.0,0.0,0.0,0.0
VbQk4H8hgr0_3,train,100,32,0.026214106008410454,0.9563771486282349,0.0,0.0,0.0,0.0,0.0,0.0
VbQk4H8hgr0_30,train,100,32,0.018287958577275276,0.9562346935272217,0.0,0.0,0.0,0.0,0.0,0.0
VbQk4H8hgr0_31,train,100,32,0.01965561881661415,0.9951729774475098,0.0,0.0,0.0,0.0,0.0,0.0
VbQk4H8hgr0_32,train,71,32,0.026438163593411446,0.981635570526123,0.0,0.0,0.0,0.0,0.0,0.0
VbQk4H8hgr0_33,train,100,32,0.02851872146129608,0.9980000257492065,0.0,0.0,0.0,0.0,0.0,0.0
VbQk4H8hgr0_34,train,100,32,0.02261563204228878,0.9669444561004639,0.0,0.0,0.0,0.0,0.0,0.0
VbQk4H8hgr0_35,train,100,32,0.029525255784392357,0.9896364212036133,0.0,0.0,0.0,0.0,0.0,0.0
VbQk4H8hgr0_36,train,100,32,0.02429339848458767,0.9704380035400391,0.0,0.0,0.0,0.0,0.0,0.0
VbQk4H8hgr0_37,train,100,32,0.027205422520637512,0.9431723356246948,0.0,0.0,0.0,0.0,0.0,0.0
VbQk4H8hgr0_38,train,100,32,0.01994949020445347,0.9734229445457458,0.0,0.0,0.0,0.0,0.0,0.0
VbQk4H8hgr0_39,train,100,32,0.02915976010262966,0.9657478928565979,0.0,0.0,0.0,0.0,0.0,0.0
VbQk4H8hgr0_4,train,100,32,0.02648385427892208,0.9426239728927612,0.0,0.0,0.0,0.0,0.0,0.0
VbQk4H8hgr0_40,train,100,32,0.024258017539978027,0.9665449261665344,0.0,0.0,0.0,0.0,0.0,0.0
VbQk4H8hgr0_41,train,100,32,0.01788564771413803,0.9675433039665222,0.0,0.0,0.0,0.0,0.0,0.0
VbQk4H8hgr0_42,train,79,32,0.01796884648501873,0.982129693031311,0.0,0.0,0.0,0.0,0.0,0.0
VbQk4H8hgr0_43,train,100,32,0.01875457726418972,0.9871560335159302,0.0,0.0,0.0,0.0,0.0,0.0
VbQk4H8hgr0_44,train,69,32,0.029507704079151154,0.9449621438980103,0.0,0.0,0.0,0.0,0.0,0.0
VbQk4H8hgr0_45,train,100,32,0.033407196402549744,0.9552531242370605,0.0,0.0,0.0,0.0,0.0,0.0
VbQk4H8hgr0_46,train,81,32,0.023805096745491028,0.983755350112915,0.0,0.0,0.0,0.0,0.0,0.0
VbQk4H8hgr0_47,train,100,32,0.028499767184257507,0.9569621086120605,0.0,0.0,0.0,0.0,0.0,0.0
VbQk4H8hgr0_48,train,100,32,0.04578280448913574,0.9789475798606873,0.0,0.0,0.0,0.0,0.0,0.0
VbQk4H8hgr0_49,train,100,32,0.03772580251097679,0.9695973992347717,0.0,0.0,0.0,0.0,0.0,0.0
VbQk4H8hgr0_5,train,68,32,0.028527380898594856,0.9876453876495361,0.0,0.0,0.0,0.0,0.0,0.0
VbQk4H8hgr0_50,train,54,32,0.01936674676835537,0.9419509768486023,0.0,0.0,0.0,0.0,0.0,0.0
VbQk4H8hgr0_51,train,88,32,0.020594563335180283,0.9756680727005005,0.0,0.0,0.0,0.0,0.0,0.0
VbQk4H8hgr0_52,train,100,32,0.036399733275175095,0.9457277059555054,0.0,0.0,0.0,0.0,0.0,0.0
VbQk4H8hgr0_53,train,78,32,0.04037344083189964,0.9547927379608154,0.0,0.0,0.0,0.0,0.0,0.0
VbQk4H8hgr0_54,train,100,32,0.026354195550084114,0.9712526202201843,0.0,0.0,0.0,0.0,0.0,0.0
VbQk4H8hgr0_55,train,100,32,0.03517362102866173,0.9659131765365601,0.0,0.0,0.0,0.0,0.0,0.0
VbQk4H8hgr0_6,train,100,32,0.027336664497852325,0.9825059771537781,0.0,0.0,0.0,0.0,0.0,0.0
VbQk4H8hgr0_7,train,100,32,0.028903162106871605,0.9720749855041504,0.0,0.0,0.0,0.0,0.0,0.0
VbQk4H8hgr0_8,train,44,32,0.023215165361762047,0.9881277084350586,0.0,0.0,0.0,0.0,0.0,0.0
VbQk4H8hgr0_9,train,100,32,0.02366260625422001,0.9767402410507202,0.0,0.0,0.0,0.0,0.0,0.0
Vj1wYRQjB-o_1,train,100,32,0.05161197856068611,1.0956339836120605,0.0,0.0,0.0,0.0,0.0,0.0
Vj1wYRQjB-o_2,train,100,32,0.02016053907573223,1.086822509765625,0.0,0.0,0.0,0.0,0.0,0.0
Vj1wYRQjB-o_3,train,100,32,0.030944520607590675,1.1088017225265503,0.0,0.0,0.0,0.0,0.0,0.0
Vj1wYRQjB-o_4,train,86,32,0.032601919025182724,1.1111042499542236,0.0,0.0,0.0,0.0,0.0,0.0
Vj1wYRQjB-o_5,train,73,32,0.028948143124580383,1.0980737209320068,0.0,0.0,0.0,0.0,0.0,0.0
Vj1wYRQjB-o_6,train,100,32,0.04330824688076973,1.0953021049499512,0.0,0.0,0.0,0.0,0.0,0.0
Vj1wYRQjB-o_7,train,100,32,0.03043523244559765,1.1007941961288452,0.0,0.0,0.0,0.0,0.0,0.0
Vj1wYRQjB-o_8,train,83,32,0.021269073709845543,1.1110777854919434,0.0,0.0,0.0,0.0,0.0,0.0
Vj1wYRQjB-o_9,train,100,32,0.03068404458463192,1.1133235692977905,0.0,0.0,0.0,0.0,0.0,0.0
W8NXH0Djyww_1,train,100,32,0.05802415311336517,1.0381269454956055,0.0,0.0,0.0,0.0,0.0,0.0
W8NXH0Djyww_10,train,79,32,0.020009588450193405,1.0361226797103882,0.0,0.0,0.0,0.0,0.0,0.0
W8NXH0Djyww_11,train,100,32,0.02319476753473282,1.007418155670166,0.0,0.0,0.0,0.0,0.0,0.0
W8NXH0Djyww_12,train,100,32,0.023149339482188225,0.9982851147651672,0.0,0.0,0.0,0.0,0.0,0.0
W8NXH0Djyww_13,train,100,32,0.03742814436554909,0.9659755825996399,0.0,0.0,0.0,0.0,0.0,0.0
W8NXH0Djyww_14,train,100,32,0.0420873761177063,1.0104981660842896,0.0,0.0,0.0,0.0,0.0,0.0
W8NXH0Djyww_15,train,100,32,0.02200995944440365,0.994614839553833,0.0,0.0,0.0,0.0,0.0,0.0
W8NXH0Djyww_16,train,100,32,0.03560749813914299,1.0045524835586548,0.0,0.0,0.0,0.0,0.0,0.0
W8NXH0Djyww_17,train,100,32,0.041088979691267014,1.0057637691497803,0.0,0.0,0.0,0.0,0.0,0.0
W8NXH0Djyww_18,train,100,32,0.028071805834770203,1.0040355920791626,0.0,0.0,0.0,0.0,0.0,0.0
W8NXH0Djyww_19,train,100,32,0.036223795264959335,1.0389926433563232,0.0,0.0,0.0,0.0,0.0,0.0
W8NXH0Djyww_2,train,29,32,0.03674986958503723,1.0672823190689087,0.0,0.0,0.0,0.0,0.0,0.0
W8NXH0Djyww_20,train,86,32,0.03437097743153572,1.017787218093872,0.0,0.0,0.0,0.0,0.0,0.0
W8NXH0Djyww_21,train,64,32,0.017695117741823196,1.013408899307251,0.0,0.0,0.0,0.0,0.0,0.0
W8NXH0Djyww_22,train,100,32,0.04169417545199394,0.9937073588371277,0.0,0.0,0.0,0.0,0.0,0.0
W8NXH0Djyww_23,train,69,32,0.03092636726796627,1.0249428749084473,0.0,0.0,0.0,0.0,0.0,0.0
W8NXH0Djyww_24,train,100,32,0.04099802300333977,0.9929652214050293,0.0,0.0,0.0,0.0,0.0,0.0
W8NXH0Djyww_25,train,100,32,0.03054644726216793,1.0131677389144897,0.0,0.0,0.0,0.0,0.0,0.0
W8NXH0Djyww_26,train,100,32,0.022243762388825417,1.0381135940551758,0.0,0.0,0.0,0.0,0.0,0.0
W8NXH0Djyww_27,train,100,32,0.017911486327648163,1.0451710224151611,0.0,0.0,0.0,0.0,0.0,0.0
W8NXH0Djyww_28,train,100,32,0.03030947409570217,1.002046823501587,0.0,0.0,0.0,0.0,0.0,0.0
W8NXH0Djyww_29,train,100,32,0.021809125319123268,1.0115309953689575,0.0,0.0,0.0,0.0,0.0,0.0
W8NXH0Djyww_3,train,100,32,0.018060101196169853,1.0565228462219238,0.0,0.0,0.0,0.0,0.0,0.0
W8NXH0Djyww_30,train,73,32,0.025047048926353455,1.0505717992782593,0.0,0.0,0.0,0.0,0.0,0.0
W8NXH0Djyww_31,train,100,32,0.03234602510929108,1.0398027896881104,0.0,0.0,0.0,0.0,0.0,0.0
W8NXH0Djyww_32,train,100,32,0.02517731301486492,1.0193289518356323,0.0,0.0,0.0,0.0,0.0,0.0
W8NXH0Djyww_4,train,100,32,0.026947135105729103,1.0209753513336182,0.0,0.0,0.0,0.0,0.0,0.0
W8NXH0Djyww_5,train,100,32,0.02613210491836071,1.0118036270141602,0.0,0.0,0.0,0.0,0.0,0.0
W8NXH0Djyww_6,train,68,32,0.034452736377716064,0.992273211479187,0.0,0.0,0.0,0.0,0.0,0.0
W8NXH0Djyww_7,train,58,32,0.0266770888119936,1.0124657154083252,0.0,0.0,0.0,0.0,0.0,0.0
W8NXH0Djyww_8,train,100,32,0.03468547388911247,1.0276892185211182,0.0,0.0,0.0,0.0,0.0,0.0
W8NXH0Djyww_9,train,100,32,0.0386832095682621,1.0244791507720947,0.0,0.0,0.0,0.0,0.0,0.0
WKA5OygbEKI_1,val,100,32,0.02403283677995205,0.9877439737319946,0.0,0.0,0.0,0.0,0.0,0.0
WKA5OygbEKI_10,val,100,32,0.028108127415180206,1.0032148361206055,0.0,0.0,0.0,0.0,0.0,0.0
WKA5OygbEKI_11,val,64,32,0.02524104155600071,1.0041857957839966,0.0,0.0,0.0,0.0,0.0,0.0
WKA5OygbEKI_12,val,100,32,0.023271111771464348,1.0286922454833984,0.0,0.0,0.0,0.0,0.0,0.0
WKA5OygbEKI_13,val,100,32,0.020268462598323822,1.0075783729553223,0.0,0.0,0.0,0.0,0.0,0.0
WKA5OygbEKI_14,val,100,32,0.03216414153575897,1.0160953998565674,0.0,0.0,0.0,0.0,0.0,0.0
WKA5OygbEKI_15,val,100,32,0.023868979886174202,1.0094034671783447,0.0,0.0,0.0,0.0,0.0,0.0
WKA5OygbEKI_16,val,100,32,0.024994784966111183,1.010741114616394,0.0,0.0,0.0,0.0,0.0,0.0
WKA5OygbEKI_17,val,100,32,0.024685978889465332,0.9964311718940735,0.0,0.0,0.0,0.0,0.0,0.0
WKA5OygbEKI_18,val,100,32,0.036272983998060226,1.0080920457839966,0.0,0.0,0.0,0.0,0.0,0.0
WKA5OygbEKI_19,val,100,32,0.03298650309443474,0.9849005937576294,0.0,0.0,0.0,0.0,0.0,0.0
WKA5OygbEKI_2,val,94,32,0.02102450467646122,0.9937076568603516,0.0,0.0,0.0,0.0,0.0,0.0
WKA5OygbEKI_20,val,94,32,0.029028765857219696,1.0110840797424316,0.0,0.0,0.0,0.0,0.0,0.0
WKA5OygbEKI_21,val,100,32,0.03393496945500374,0.9979708790779114,0.0,0.0,0.0,0.0,0.0,0.0
WKA5OygbEKI_22,val,100,32,0.0223978441208601,1.0057642459869385,0.0,0.0,0.0,0.0,0.0,0.0
WKA5OygbEKI_3,val,100,32,0.06074599549174309,1.0114986896514893,0.0,0.0,0.0,0.0,0.0,0.0
WKA5OygbEKI_4,val,100,32,0.02674182690680027,1.011457920074463,0.0,0.0,0.0,0.0,0.0,0.0
WKA5OygbEKI_5,val,100,32,0.027911655604839325,1.0091588497161865,0.0,0.0,0.0,0.0,0.0,0.0
WKA5OygbEKI_6,val,100,32,0.04617546498775482,1.0017619132995605,0.0,0.0,0.0,0.0,0.0,0.0
WKA5OygbEKI_7,val,100,32,0.033150047063827515,1.0102896690368652,0.0,0.0,0.0,0.0,0.0,0.0
WKA5OygbEKI_8,val,100,32,0.034806717187166214,1.0207326412200928,0.0,0.0,0.0,0.0,0.0,0.0
WKA5OygbEKI_9,val,100,32,0.020223015919327736,1.0271543264389038,0.0,0.0,0.0,0.0,0.0,0.0
X3j2zQgwYgE_1,val,86,32,0.06243690848350525,0.9927852153778076,0.0,0.0,0.0,0.0,0.0,0.0
X3j2zQgwYgE_10,val,100,32,0.038067009299993515,0.9772506356239319,0.0,0.0,0.0,0.0,0.0,0.0
X3j2zQgwYgE_11,val,100,32,0.030890068039298058,0.941517174243927,0.0,0.0,0.0,0.0,0.0,0.0
X3j2zQgwYgE_2,val,100,32,0.024255095049738884,0.9637185335159302,0.0,0.0,0.0,0.0,0.0,0.0
X3j2zQgwYgE_3,val,100,32,0.027043217793107033,0.9777867197990417,0.0,0.0,0.0,0.0,0.0,0.0
X3j2zQgwYgE_4,val,73,32,0.03285953775048256,0.9606512784957886,0.0,0.0,0.0,0.0,0.0,0.0
X3j2zQgwYgE_5,val,88,32,0.021452218294143677,0.9978451728820801,0.0,0.0,0.0,0.0,0.0,0.0
X3j2zQgwYgE_6,val,79,32,0.026021534577012062,1.0075945854187012,0.0,0.0,0.0,0.0,0.0,0.0
X3j2zQgwYgE_7,val,100,32,0.017577044665813446,0.9814424514770508,0.0,0.0,0.0,0.0,0.0,0.0
X3j2zQgwYgE_8,val,100,32,0.029405048117041588,0.9713008999824524,0.0,0.0,0.0,0.0,0.0,0.0
X3j2zQgwYgE_9,val,100,32,0.042003143578767776,0.9816652536392212,0.0,0.0,0.0,0.0,0.0,0.0
ZAIRrfG22O0_1,val,100,32,0.042095303535461426,1.0385212898254395,0.0,0.0,0.0,0.0,0.0,0.0
ZAIRrfG22O0_2,val,100,32,0.052304819226264954,1.0466936826705933,0.0,0.0,0.0,0.0,0.0,0.0
ZAIRrfG22O0_3,val,94,32,0.036581672728061676,1.0345971584320068,0.0,0.0,0.0,0.0,0.0,0.0
ZAIRrfG22O0_4,val,100,32,0.02589982934296131,1.030336856842041,0.0,0.0,0.0,0.0,0.0,0.0
ZAIRrfG22O0_5,val,100,32,0.02565889246761799,1.0269768238067627,0.0,0.0,0.0,0.0,0.0,0.0
ZAIRrfG22O0_6,val,100,32,0.027071021497249603,1.0177669525146484,0.0,0.0,0.0,0.0,0.0,0.0
ZAIRrfG22O0_7,val,100,32,0.023582512512803078,1.0265636444091797,0.0,0.0,0.0,0.0,0.0,0.0
ZAIRrfG22O0_8,val,100,32,0.02530691586434841,1.032933235168457,0.0,0.0,0.0,0.0,0.0,0.0
ZAIRrfG22O0_9,val,100,32,0.023821763694286346,1.045762062072754,0.0,0.0,0.0,0.0,0.0,0.0
ZUXBRvtny7o_1,val,100,32,0.036693669855594635,0.9831058382987976,0.0,0.0,0.0,0.0,0.0,0.0
ZUXBRvtny7o_10,val,100,32,0.025213517248630524,0.9072421193122864,0.0,0.0,0.0,0.0,0.0,0.0
ZUXBRvtny7o_11,val,100,32,0.03209327906370163,0.9309937953948975,0.0,0.0,0.0,0.0,0.0,0.0
ZUXBRvtny7o_12,val,100,32,0.025984203442931175,0.9714038372039795,0.0,0.0,0.0,0.0,0.0,0.0
ZUXBRvtny7o_13,val,100,32,0.026716018095612526,0.9823951721191406,0.0,0.0,0.0,0.0,0.0,0.0
ZUXBRvtny7o_14,val,100,32,0.029897481203079224,0.953527569770813,0.0,0.0,0.0,0.0,0.0,0.0
ZUXBRvtny7o_15,val,100,32,0.01662178337574005,0.949472188949585,0.0,0.0,0.0,0.0,0.0,0.0
ZUXBRvtny7o_16,val,100,32,0.024683624505996704,0.9639849662780762,0.0,0.0,0.0,0.0,0.0,0.0
ZUXBRvtny7o_17,val,100,32,0.04831784963607788,0.9336337447166443,0.0,0.0,0.0,0.0,0.0,0.0
ZUXBRvtny7o_18,val,100,32,0.020451685413718224,0.9588646292686462,0.0,0.0,0.0,0.0,0.0,0.0
ZUXBRvtny7o_19,val,100,32,0.01764693297445774,0.9560682773590088,0.0,0.0,0.0,0.0,0.0,0.0
ZUXBRvtny7o_2,val,100,32,0.01622028835117817,0.9821805953979492,0.0,0.0,0.0,0.0,0.0,0.0
ZUXBRvtny7o_20,val,100,32,0.03452656790614128,0.9541518092155457,0.0,0.0,0.0,0.0,0.0,0.0
ZUXBRvtny7o_21,val,100,32,0.0255217794328928,0.9906188249588013,0.0,0.0,0.0,0.0,0.0,0.0
ZUXBRvtny7o_22,val,79,32,0.01782909780740738,0.9743326306343079,0.0,0.0,0.0,0.0,0.0,0.0
ZUXBRvtny7o_23,val,74,32,0.01609261892735958,0.9660268425941467,0.0,0.0,0.0,0.0,0.0,0.0
ZUXBRvtny7o_24,val,100,32,0.028345869854092598,0.9719057679176331,0.0,0.0,0.0,0.0,0.0,0.0
ZUXBRvtny7o_25,val,100,32,0.030296750366687775,0.95086669921875,0.0,0.0,0.0,0.0,0.0,0.0
ZUXBRvtny7o_26,val,100,32,0.033505167812108994,0.945296049118042,0.0,0.0,0.0,0.0,0.0,0.0
ZUXBRvtny7o_27,val,100,32,0.03677673637866974,0.983807384967804,0.0,0.0,0.0,0.0,0.0,0.0
ZUXBRvtny7o_28,val,100,32,0.017940610647201538,0.9866827726364136,0.0,0.0,0.0,0.0,0.0,0.0
ZUXBRvtny7o_29,val,100,32,0.04974539205431938,0.9570384621620178,0.0,0.0,0.0,0.0,0.0,0.0
ZUXBRvtny7o_3,val,100,32,0.05046137049794197,0.96064293384552,0.0,0.0,0.0,0.0,0.0,0.0
ZUXBRvtny7o_30,val,100,32,0.028466632589697838,0.9740219116210938,0.0,0.0,0.0,0.0,0.0,0.0
ZUXBRvtny7o_31,val,100,32,0.01601870357990265,0.9728396534919739,0.0,0.0,0.0,0.0,0.0,0.0
ZUXBRvtny7o_32,val,100,32,0.03242151811718941,0.9632202386856079,0.0,0.0,0.0,0.0,0.0,0.0
ZUXBRvtny7o_33,val,100,32,0.03838132694363594,0.9630422592163086,0.0,0.0,0.0,0.0,0.0,0.0
ZUXBRvtny7o_34,val,100,32,0.0207898560911417,0.9722943902015686,0.0,0.0,0.0,0.0,0.0,0.0
ZUXBRvtny7o_4,val,98,32,0.04535605385899544,1.0010632276535034,0.0,0.0,0.0,0.0,0.0,0.0
ZUXBRvtny7o_5,val,100,32,0.03485584259033203,1.0070173740386963,0.0,0.0,0.0,0.0,0.0,0.0
ZUXBRvtny7o_6,val,100,32,0.01971661113202572,0.9740719199180603,0.0,0.0,0.0,0.0,0.0,0.0
ZUXBRvtny7o_7,val,100,32,0.025958025828003883,0.9734115600585938,0.0,0.0,0.0,0.0,0.0,0.0
ZUXBRvtny7o_8,val,100,32,0.03570941835641861,0.9256157279014587,0.0,0.0,0.0,0.0,0.0,0.0
ZUXBRvtny7o_9,val,100,32,0.03534826263785362,0.933293342590332,0.0,0.0,0.0,0.0,0.0,0.0
_dI--eQ6qVU_1,val,100,32,0.037575870752334595,0.9755762219429016,0.0,0.0,0.0,0.0,0.0,0.0
_dI--eQ6qVU_10,val,100,32,0.03875472769141197,0.9670534133911133,0.0,0.0,0.0,0.0,0.0,0.0
_dI--eQ6qVU_11,val,100,32,0.033589985221624374,0.9577752351760864,0.0,0.0,0.0,0.0,0.0,0.0
_dI--eQ6qVU_12,val,91,32,0.02109227143228054,0.967390775680542,0.0,0.0,0.0,0.0,0.0,0.0
_dI--eQ6qVU_13,val,100,32,0.03438364341855049,0.9787958264350891,0.0,0.0,0.0,0.0,0.0,0.0
_dI--eQ6qVU_14,val,100,32,0.049378108233213425,0.961277961730957,0.0,0.0,0.0,0.0,0.0,0.0
_dI--eQ6qVU_15,val,100,32,0.029197419062256813,0.9736818671226501,0.0,0.0,0.0,0.0,0.0,0.0
_dI--eQ6qVU_16,val,100,32,0.021628407761454582,0.9611619114875793,0.0,0.0,0.0,0.0,0.0,0.0
_dI--eQ6qVU_17,val,100,32,0.030708128586411476,0.9805374145507812,0.0,0.0,0.0,0.0,0.0,0.0
_dI--eQ6qVU_18,val,100,32,0.029642254114151,1.0066502094268799,0.0,0.0,0.0,0.0,0.0,0.0
_dI--eQ6qVU_19,val,99,32,0.026668285951018333,0.986386775970459,0.0,0.0,0.0,0.0,0.0,0.0
_dI--eQ6qVU_2,val,100,32,0.03980094566941261,0.9526760578155518,0.0,0.0,0.0,0.0,0.0,0.0
_dI--eQ6qVU_20,val,76,32,0.04755203053355217,0.9831924438476562,0.0,0.0,0.0,0.0,0.0,0.0
_dI--eQ6qVU_21,val,79,32,0.029583876952528954,0.9489233493804932,0.0,0.0,0.0,0.0,0.0,0.0
_dI--eQ6qVU_22,val,58,32,0.020716404542326927,0.9968429803848267,0.0,0.0,0.0,0.0,0.0,0.0
_dI--eQ6qVU_23,val,88,32,0.022059738636016846,0.952912449836731,0.0,0.0,0.0,0.0,0.0,0.0
_dI--eQ6qVU_24,val,81,32,0.025722140446305275,0.9613865613937378,0.0,0.0,0.0,0.0,0.0,0.0
_dI--eQ6qVU_25,val,51,32,0.019749896600842476,0.9689895510673523,0.0,0.0,0.0,0.0,0.0,0.0
_dI--eQ6qVU_26,val,100,32,0.027876509353518486,0.9591604471206665,0.0,0.0,0.0,0.0,0.0,0.0
_dI--eQ6qVU_27,val,100,32,0.02446131408214569,0.9777439832687378,0.0,0.0,0.0,0.0,0.0,0.0
_dI--eQ6qVU_28,val,100,32,0.018332503736019135,0.9619435667991638,0.0,0.0,0.0,0.0,0.0,0.0
_dI--eQ6qVU_3,val,100,32,0.03197786211967468,0.9811661243438721,0.0,0.0,0.0,0.0,0.0,0.0
_dI--eQ6qVU_4,val,100,32,0.02698216773569584,0.942419171333313,0.0,0.0,0.0,0.0,0.0,0.0
_dI--eQ6qVU_5,val,100,32,0.02360117994248867,0.9723711013793945,0.0,0.0,0.0,0.0,0.0,0.0
_dI--eQ6qVU_6,val,89,32,0.04131842404603958,0.9692196249961853,0.0,0.0,0.0,0.0,0.0,0.0
_dI--eQ6qVU_7,val,100,32,0.02604791522026062,0.9807392358779907,0.0,0.0,0.0,0.0,0.0,0.0
_dI--eQ6qVU_8,val,100,32,0.02391468547284603,0.9656402468681335,0.0,0.0,0.0,0.0,0.0,0.0
_dI--eQ6qVU_9,val,98,32,0.03459613397717476,0.9707328081130981,0.0,0.0,0.0,0.0,0.0,0.0
aiEXnCPZubE_1,val,79,32,0.01914585381746292,1.0872085094451904,0.0,0.0,0.0,0.0,0.0,0.0
aiEXnCPZubE_10,val,98,32,0.02626691572368145,1.05324125289917,0.0,0.0,0.0,0.0,0.0,0.0
aiEXnCPZubE_11,val,100,32,0.022851964458823204,1.0622459650039673,0.0,0.0,0.0,0.0,0.0,0.0
aiEXnCPZubE_12,val,100,32,0.03406429663300514,1.0458359718322754,0.0,0.0,0.0,0.0,0.0,0.0
aiEXnCPZubE_13,val,100,32,0.02405647374689579,1.0543231964111328,0.0,0.0,0.0,0.0,0.0,0.0
aiEXnCPZubE_14,val,100,32,0.036645542830228806,1.0109679698944092,0.0,0.0,0.0,0.0,0.0,0.0
aiEXnCPZubE_15,val,100,32,0.045427143573760986,0.990820050239563,0.0,0.0,0.0,0.0,0.0,0.0
aiEXnCPZubE_16,val,100,32,0.03768360614776611,1.0226383209228516,0.0,0.0,0.0,0.0,0.0,0.0
aiEXnCPZubE_17,val,100,32,0.03228870406746864,1.0724291801452637,0.0,0.0,0.0,0.0,0.0,0.0
aiEXnCPZubE_18,val,100,32,0.02418353594839573,1.068983554840088,0.0,0.0,0.0,0.0,0.0,0.0
aiEXnCPZubE_19,val,86,32,0.020788967609405518,1.0737204551696777,0.0,0.0,0.0,0.0,0.0,0.0
aiEXnCPZubE_2,val,100,32,0.027803802862763405,1.0460814237594604,0.0,0.0,0.0,0.0,0.0,0.0
aiEXnCPZubE_20,val,100,32,0.025535250082612038,1.0625983476638794,0.0,0.0,0.0,0.0,0.0,0.0
aiEXnCPZubE_21,val,100,32,0.02513221465051174,1.069192886352539,0.0,0.0,0.0,0.0,0.0,0.0
aiEXnCPZubE_22,val,76,32,0.025422124192118645,1.1014933586120605,0.0,0.0,0.0,0.0,0.0,0.0
aiEXnCPZubE_23,val,86,32,0.023952553048729897,1.0819761753082275,0.0,0.0,0.0,0.0,0.0,0.0
aiEXnCPZubE_24,val,91,32,0.020010018721222878,1.0490610599517822,0.0,0.0,0.0,0.0,0.0,0.0
aiEXnCPZubE_25,val,100,32,0.038872260600328445,1.0211737155914307,0.0,0.0,0.0,0.0,0.0,0.0
aiEXnCPZubE_26,val,100,32,0.028091272339224815,1.0053975582122803,0.0,0.0,0.0,0.0,0.0,0.0
aiEXnCPZubE_27,val,79,32,0.04005686566233635,1.0828239917755127,0.0,0.0,0.0,0.0,0.0,0.0
aiEXnCPZubE_28,val,48,32,0.04467921331524849,1.1102817058563232,0.0,0.0,0.0,0.0,0.0,0.0
aiEXnCPZubE_29,val,89,32,0.03359931707382202,1.0947234630584717,0.0,0.0,0.0,0.0,0.0,0.0
aiEXnCPZubE_3,val,59,32,0.025863265618681908,1.0690197944641113,0.0,0.0,0.0,0.0,0.0,0.0
aiEXnCPZubE_30,val,100,32,0.030044302344322205,1.0576274394989014,0.0,0.0,0.0,0.0,0.0,0.0
aiEXnCPZubE_4,val,94,32,0.03397239372134209,1.068898320198059,0.0,0.0,0.0,0.0,0.0,0.0
aiEXnCPZubE_5,val,98,32,0.025181815028190613,1.0699565410614014,0.0,0.0,0.0,0.0,0.0,0.0
aiEXnCPZubE_6,val,73,32,0.03654712066054344,1.04392671585083,0.0,0.0,0.0,0.0,0.0,0.0
aiEXnCPZubE_7,val,100,32,0.02024068497121334,1.0574004650115967,0.0,0.0,0.0,0.0,0.0,0.0
aiEXnCPZubE_8,val,100,32,0.031717896461486816,1.0464816093444824,0.0,0.0,0.0,0.0,0.0,0.0
aiEXnCPZubE_9,val,100,32,0.024956589564681053,1.0857963562011719,0.0,0.0,0.0,0.0,0.0,0.0
atnd_PF-Lbs_1,val,100,32,0.0280317310243845,0.9986745715141296,0.0,0.0,0.0,0.0,0.0,0.0
atnd_PF-Lbs_10,val,78,32,0.05067969486117363,0.978701651096344,0.0,0.0,0.0,0.0,0.0,0.0
atnd_PF-Lbs_11,val,100,32,0.045669395476579666,0.9397145509719849,0.0,0.0,0.0,0.0,0.0,0.0
atnd_PF-Lbs_12,val,100,32,0.04291453957557678,0.9951454401016235,0.0,0.0,0.0,0.0,0.0,0.0
atnd_PF-Lbs_13,val,100,32,0.033344101160764694,0.976088285446167,0.0,0.0,0.0,0.0,0.0,0.0
atnd_PF-Lbs_14,val,100,32,0.03670841455459595,0.9594945311546326,0.0,0.0,0.0,0.0,0.0,0.0
atnd_PF-Lbs_15,val,100,32,0.01955738477408886,1.0003873109817505,0.0,0.0,0.0,0.0,0.0,0.0
atnd_PF-Lbs_16,val,100,32,0.025190619751811028,0.959620475769043,0.0,0.0,0.0,0.0,0.0,0.0
atnd_PF-Lbs_17,val,100,32,0.023087048903107643,0.9971485137939453,0.0,0.0,0.0,0.0,0.0,0.0
atnd_PF-Lbs_18,val,100,32,0.04427923262119293,1.0019536018371582,0.0,0.0,0.0,0.0,0.0,0.0
atnd_PF-Lbs_19,val,100,32,0.017850767821073532,0.9648504257202148,0.0,0.0,0.0,0.0,0.0,0.0
atnd_PF-Lbs_2,val,100,32,0.04294092580676079,0.9537618160247803,0.0,0.0,0.0,0.0,0.0,0.0
atnd_PF-Lbs_20,val,100,32,0.02912774682044983,0.941606342792511,0.0,0.0,0.0,0.0,0.0,0.0
atnd_PF-Lbs_21,val,100,32,0.024753177538514137,0.9525455236434937,0.0,0.0,0.0,0.0,0.0,0.0
atnd_PF-Lbs_3,val,100,32,0.02339218556880951,0.9805158376693726,0.0,0.0,0.0,0.0,0.0,0.0
atnd_PF-Lbs_4,val,100,32,0.05280563607811928,0.9785807132720947,0.0,0.0,0.0,0.0,0.0,0.0
atnd_PF-Lbs_5,val,58,32,0.04385388270020485,0.9997736215591431,0.0,0.0,0.0,0.0,0.0,0.0
atnd_PF-Lbs_6,val,100,32,0.02804950624704361,0.9871156811714172,0.0,0.0,0.0,0.0,0.0,0.0
atnd_PF-Lbs_7,val,100,32,0.028424978256225586,0.993278980255127,0.0,0.0,0.0,0.0,0.0,0.0
atnd_PF-Lbs_8,val,100,32,0.03783980384469032,0.9548882842063904,0.0,0.0,0.0,0.0,0.0,0.0
atnd_PF-Lbs_9,val,100,32,0.026617059484124184,0.9849345684051514,0.0,0.0,0.0,0.0,0.0,0.0
bOL9jKpeJRs_1,val,100,32,0.037520404905080795,0.9186866283416748,0.0,0.0,0.0,0.0,0.0,0.0
bOL9jKpeJRs_10,val,100,32,0.030140003189444542,0.9051419496536255,0.0,0.0,0.0,0.0,0.0,0.0
bOL9jKpeJRs_11,val,99,32,0.022947212681174278,0.9350347518920898,0.0,0.0,0.0,0.0,0.0,0.0
bOL9jKpeJRs_12,val,100,32,0.03236917778849602,0.9601055979728699,0.0,0.0,0.0,0.0,0.0,0.0
bOL9jKpeJRs_13,val,73,32,0.03228894993662834,0.9480215311050415,0.0,0.0,0.0,0.0,0.0,0.0
bOL9jKpeJRs_14,val,44,32,0.033906422555446625,0.980902910232544,0.0,0.0,0.0,0.0,0.0,0.0
bOL9jKpeJRs_15,val,100,32,0.03001544065773487,0.8980631828308105,0.0,0.0,0.0,0.0,0.0,0.0
bOL9jKpeJRs_16,val,100,32,0.028849482536315918,0.9221365451812744,0.0,0.0,0.0,0.0,0.0,0.0
bOL9jKpeJRs_17,val,59,32,0.029581638053059578,0.9021725654602051,0.0,0.0,0.0,0.0,0.0,0.0
bOL9jKpeJRs_18,val,100,32,0.04618598520755768,0.9766386151313782,0.0,0.0,0.0,0.0,0.0,0.0
bOL9jKpeJRs_19,val,100,32,0.022453896701335907,0.9507708549499512,0.0,0.0,0.0,0.0,0.0,0.0
bOL9jKpeJRs_2,val,100,32,0.03271610662341118,0.9288173913955688,0.0,0.0,0.0,0.0,0.0,0.0
bOL9jKpeJRs_20,val,100,32,0.022177845239639282,0.9459046721458435,0.0,0.0,0.0,0.0,0.0,0.0
bOL9jKpeJRs_21,val,100,32,0.029792075976729393,0.9598331451416016,0.0,0.0,0.0,0.0,0.0,0.0
bOL9jKpeJRs_22,val,100,32,0.03122546710073948,0.9952332377433777,0.0,0.0,0.0,0.0,0.0,0.0
bOL9jKpeJRs_23,val,100,32,0.02604108862578869,0.9744641184806824,0.0,0.0,0.0,0.0,0.0,0.0
bOL9jKpeJRs_24,val,100,32,0.022079920396208763,0.9269009828567505,0.0,0.0,0.0,0.0,0.0,0.0
bOL9jKpeJRs_25,val,100,32,0.022079920396208763,0.9269009828567505,0.0,0.0,0.0,0.0,0.0,0.0
bOL9jKpeJRs_26,val,100,32,0.030394546687602997,0.9560277462005615,0.0,0.0,0.0,0.0,0.0,0.0
bOL9jKpeJRs_27,val,100,32,0.01836399920284748,0.9346148371696472,0.0,0.0,0.0,0.0,0.0,0.0
bOL9jKpeJRs_28,val,100,32,0.019044343382120132,0.966701865196228,0.0,0.0,0.0,0.0,0.0,0.0
bOL9jKpeJRs_29,val,93,32,0.0239223912358284,0.9895588159561157,0.0,0.0,0.0,0.0,0.0,0.0
bOL9jKpeJRs_3,val,91,32,0.06556543707847595,0.9323602914810181,0.0,0.0,0.0,0.0,0.0,0.0
bOL9jKpeJRs_30,val,39,32,0.021751968190073967,0.9799301624298096,0.0,0.0,0.0,0.0,0.0,0.0
bOL9jKpeJRs_31,val,100,32,0.019593583419919014,0.9750256538391113,0.0,0.0,0.0,0.0,0.0,0.0
bOL9jKpeJRs_32,val,100,32,0.0342731736600399,0.9226890206336975,0.0,0.0,0.0,0.0,0.0,0.0
bOL9jKpeJRs_33,val,100,32,0.0199656430631876,0.9351491332054138,0.0,0.0,0.0,0.0,0.0,0.0
bOL9jKpeJRs_34,val,100,32,0.02141507901251316,0.9597396850585938,0.0,0.0,0.0,0.0,0.0,0.0
bOL9jKpeJRs_4,val,100,32,0.0438704788684845,0.9328969717025757,0.0,0.0,0.0,0.0,0.0,0.0
bOL9jKpeJRs_5,val,100,32,0.031095733866095543,0.9241389036178589,0.0,0.0,0.0,0.0,0.0,0.0
bOL9jKpeJRs_6,val,100,32,0.0289852824062109,0.9123467206954956,0.0,0.0,0.0,0.0,0.0,0.0
bOL9jKpeJRs_7,val,79,32,0.03658686578273773,0.9681429862976074,0.0,0.0,0.0,0.0,0.0,0.0
bOL9jKpeJRs_8,val,100,32,0.02404922991991043,0.8944149017333984,0.0,0.0,0.0,0.0,0.0,0.0
bOL9jKpeJRs_9,val,100,32,0.03375665470957756,0.9207759499549866,0.0,0.0,0.0,0.0,0.0,0.0
bvLlb-M3UXU_1,val,100,32,0.03666019067168236,0.9597669839859009,0.0,0.0,0.0,0.0,0.0,0.0
bvLlb-M3UXU_10,val,100,32,0.03660370782017708,0.992296040058136,0.0,0.0,0.0,0.0,0.0,0.0
bvLlb-M3UXU_11,val,100,32,0.025046518072485924,0.9901037812232971,0.0,0.0,0.0,0.0,0.0,0.0
bvLlb-M3UXU_12,val,56,32,0.021536963060498238,1.0066938400268555,0.0,0.0,0.0,0.0,0.0,0.0
bvLlb-M3UXU_13,val,100,32,0.03154261037707329,0.9963362216949463,0.0,0.0,0.0,0.0,0.0,0.0
bvLlb-M3UXU_14,val,78,32,0.025726646184921265,0.9639394283294678,0.0,0.0,0.0,0.0,0.0,0.0
bvLlb-M3UXU_15,val,100,32,0.019943637773394585,0.9775646924972534,0.0,0.0,0.0,0.0,0.0,0.0
bvLlb-M3UXU_16,val,69,32,0.031207384541630745,1.0032410621643066,0.0,0.0,0.0,0.0,0.0,0.0
bvLlb-M3UXU_17,val,100,32,0.0361965112388134,0.959845781326294,0.0,0.0,0.0,0.0,0.0,0.0
bvLlb-M3UXU_18,val,100,32,0.027462968602776527,0.9424498677253723,0.0,0.0,0.0,0.0,0.0,0.0
bvLlb-M3UXU_19,val,100,32,0.01668647676706314,0.9851754903793335,0.0,0.0,0.0,0.0,0.0,0.0
bvLlb-M3UXU_2,val,100,32,0.043614502996206284,0.9856586456298828,0.0,0.0,0.0,0.0,0.0,0.0
bvLlb-M3UXU_20,val,100,32,0.033169686794281006,0.944819450378418,0.0,0.0,0.0,0.0,0.0,0.0
bvLlb-M3UXU_21,val,100,32,0.02858748845756054,0.980365514755249,0.0,0.0,0.0,0.0,0.0,0.0
bvLlb-M3UXU_22,val,100,32,0.026641845703125,0.9941973686218262,0.0,0.0,0.0,0.0,0.0,0.0
bvLlb-M3UXU_23,val,100,32,0.028742095455527306,0.9714747071266174,0.0,0.0,0.0,0.0,0.0,0.0
bvLlb-M3UXU_24,val,98,32,0.01903419941663742,1.0049331188201904,0.0,0.0,0.0,0.0,0.0,0.0
bvLlb-M3UXU_25,val,100,32,0.019873203709721565,0.9617716073989868,0.0,0.0,0.0,0.0,0.0,0.0
bvLlb-M3UXU_3,val,100,32,0.023798413574695587,1.0057979822158813,0.0,0.0,0.0,0.0,0.0,0.0
bvLlb-M3UXU_4,val,100,32,0.032823074609041214,0.991591215133667,0.0,0.0,0.0,0.0,0.0,0.0
bvLlb-M3UXU_5,val,100,32,0.03305615857243538,0.9911532402038574,0.0,0.0,0.0,0.0,0.0,0.0
bvLlb-M3UXU_6,val,89,32,0.03812147304415703,0.9866651296615601,0.0,0.0,0.0,0.0,0.0,0.0
bvLlb-M3UXU_7,val,100,32,0.026096655055880547,0.994610071182251,0.0,0.0,0.0,0.0,0.0,0.0
bvLlb-M3UXU_8,val,100,32,0.026087217032909393,0.9599899053573608,0.0,0.0,0.0,0.0,0.0,0.0
bvLlb-M3UXU_9,val,100,32,0.041309989988803864,0.9666944742202759,0.0,0.0,0.0,0.0,0.0,0.0
c5xsKMxpXnc_1,val,100,32,0.016761181876063347,0.9968924522399902,0.0,0.0,0.0,0.0,0.0,0.0
c5xsKMxpXnc_10,val,93,32,0.030131036415696144,0.9804972410202026,0.0,0.0,0.0,0.0,0.0,0.0
c5xsKMxpXnc_11,val,100,32,0.02687966823577881,0.9976170659065247,0.0,0.0,0.0,0.0,0.0,0.0
c5xsKMxpXnc_12,val,100,32,0.029212599620223045,1.0146315097808838,0.0,0.0,0.0,0.0,0.0,0.0
c5xsKMxpXnc_13,val,100,32,0.028801487758755684,0.9957171082496643,0.0,0.0,0.0,0.0,0.0,0.0
c5xsKMxpXnc_14,val,73,32,0.019839884713292122,1.0028613805770874,0.0,0.0,0.0,0.0,0.0,0.0
c5xsKMxpXnc_15,val,100,32,0.022514238953590393,1.0055123567581177,0.0,0.0,0.0,0.0,0.0,0.0
c5xsKMxpXnc_2,val,100,32,0.03991334140300751,0.9975146651268005,0.0,0.0,0.0,0.0,0.0,0.0
c5xsKMxpXnc_3,val,100,32,0.019202234223484993,1.0105860233306885,0.0,0.0,0.0,0.0,0.0,0.0
c5xsKMxpXnc_4,val,100,32,0.018464578315615654,0.9989743828773499,0.0,0.0,0.0,0.0,0.0,0.0
c5xsKMxpXnc_5,val,100,32,0.052648644894361496,0.9985044598579407,0.0,0.0,0.0,0.0,0.0,0.0
c5xsKMxpXnc_6,val,100,32,0.03131779655814171,0.9974914789199829,0.0,0.0,0.0,0.0,0.0,0.0
c5xsKMxpXnc_7,val,100,32,0.043925780802965164,0.9850230813026428,0.0,0.0,0.0,0.0,0.0,0.0
c5xsKMxpXnc_8,val,100,32,0.02700904570519924,0.9855425357818604,0.0,0.0,0.0,0.0,0.0,0.0
c5xsKMxpXnc_9,val,100,32,0.0275531318038702,1.0099977254867554,0.0,0.0,0.0,0.0,0.0,0.0
c7UH_rxdZv4_1,test,100,32,0.04283110424876213,0.9722760319709778,0.0,0.0,0.0,0.0,0.0,0.0
c7UH_rxdZv4_10,test,100,32,0.025591781362891197,0.9767211675643921,0.0,0.0,0.0,0.0,0.0,0.0
c7UH_rxdZv4_11,test,100,32,0.017910869792103767,0.9488245844841003,0.0,0.0,0.0,0.0,0.0,0.0
c7UH_rxdZv4_12,test,100,32,0.0646597221493721,0.9680895209312439,0.0,0.0,0.0,0.0,0.0,0.0
c7UH_rxdZv4_13,test,100,32,0.039240311831235886,0.9822524189949036,0.0,0.0,0.0,0.0,0.0,0.0
c7UH_rxdZv4_14,test,100,32,0.057512979954481125,0.997013509273529,0.0,0.0,0.0,0.0,0.0,0.0
c7UH_rxdZv4_15,test,71,32,0.05763370916247368,0.9880238771438599,0.0,0.0,0.0,0.0,0.0,0.0
c7UH_rxdZv4_16,test,100,32,0.0404406301677227,1.024753451347351,0.0,0.0,0.0,0.0,0.0,0.0
c7UH_rxdZv4_17,test,100,32,0.020834535360336304,1.008011817932129,0.0,0.0,0.0,0.0,0.0,0.0
c7UH_rxdZv4_18,test,100,32,0.04804717376828194,0.9748361110687256,0.0,0.0,0.0,0.0,0.0,0.0
c7UH_rxdZv4_19,test,100,32,0.05569462105631828,0.9881049990653992,0.0,0.0,0.0,0.0,0.0,0.0
c7UH_rxdZv4_2,test,100,32,0.05287611484527588,1.0013010501861572,0.0,0.0,0.0,0.0,0.0,0.0
c7UH_rxdZv4_20,test,100,32,0.03273748606443405,1.008765459060669,0.0,0.0,0.0,0.0,0.0,0.0
c7UH_rxdZv4_21,test,100,32,0.025606537237763405,0.9698882699012756,0.0,0.0,0.0,0.0,0.0,0.0
c7UH_rxdZv4_22,test,100,32,0.04646703228354454,0.9948183298110962,0.0,0.0,0.0,0.0,0.0,0.0
c7UH_rxdZv4_23,test,100,32,0.027823729440569878,0.9904451370239258,0.0,0.0,0.0,0.0,0.0,0.0
c7UH_rxdZv4_24,test,100,32,0.036730289459228516,1.0098083019256592,0.0,0.0,0.0,0.0,0.0,0.0
c7UH_rxdZv4_25,test,100,32,0.0533219575881958,1.0110390186309814,0.0,0.0,0.0,0.0,0.0,0.0
c7UH_rxdZv4_26,test,100,32,0.03648801147937775,1.0166906118392944,0.0,0.0,0.0,0.0,0.0,0.0
c7UH_rxdZv4_27,test,100,32,0.033358778804540634,0.9891098737716675,0.0,0.0,0.0,0.0,0.0,0.0
c7UH_rxdZv4_28,test,100,32,0.04988501965999603,1.0247981548309326,0.0,0.0,0.0,0.0,0.0,0.0
c7UH_rxdZv4_29,test,100,32,0.04827520251274109,1.023148536682129,0.0,0.0,0.0,0.0,0.0,0.0
c7UH_rxdZv4_3,test,76,32,0.029766252264380455,1.027491569519043,0.0,0.0,0.0,0.0,0.0,0.0
c7UH_rxdZv4_30,test,100,32,0.04591140151023865,1.0209919214248657,0.0,0.0,0.0,0.0,0.0,0.0
c7UH_rxdZv4_31,test,100,32,0.05471360683441162,0.9880514740943909,0.0,0.0,0.0,0.0,0.0,0.0
c7UH_rxdZv4_32,test,100,32,0.0539126880466938,1.0048339366912842,0.0,0.0,0.0,0.0,0.0,0.0
c7UH_rxdZv4_33,test,76,32,0.06350114941596985,1.0180628299713135,0.0,0.0,0.0,0.0,0.0,0.0
c7UH_rxdZv4_4,test,100,32,0.030267653986811638,1.0049419403076172,0.0,0.0,0.0,0.0,0.0,0.0
c7UH_rxdZv4_5,test,100,32,0.03295586258172989,1.0183565616607666,0.0,0.0,0.0,0.0,0.0,0.0
c7UH_rxdZv4_6,test,100,32,0.039511892944574356,1.0127853155136108,0.0,0.0,0.0,0.0,0.0,0.0
c7UH_rxdZv4_7,test,100,32,0.04261649772524834,1.0195658206939697,0.0,0.0,0.0,0.0,0.0,0.0
c7UH_rxdZv4_8,test,100,32,0.060343366116285324,0.9497165679931641,0.0,0.0,0.0,0.0,0.0,0.0
c7UH_rxdZv4_9,test,100,32,0.031362369656562805,0.9572481513023376,0.0,0.0,0.0,0.0,0.0,0.0
cM3Yna7AavY_1,test,100,32,0.03395812213420868,0.9662588834762573,0.0,0.0,0.0,0.0,0.0,0.0
cM3Yna7AavY_10,test,100,32,0.031481459736824036,0.9962910413742065,0.0,0.0,0.0,0.0,0.0,0.0
cM3Yna7AavY_11,test,100,32,0.036587074398994446,1.0265427827835083,0.0,0.0,0.0,0.0,0.0,0.0
cM3Yna7AavY_12,test,100,32,0.045739639550447464,1.0128252506256104,0.0,0.0,0.0,0.0,0.0,0.0
cM3Yna7AavY_13,test,86,32,0.020487358793616295,1.0219109058380127,0.0,0.0,0.0,0.0,0.0,0.0
cM3Yna7AavY_14,test,100,32,0.032966624945402145,0.967564582824707,0.0,0.0,0.0,0.0,0.0,0.0
cM3Yna7AavY_15,test,100,32,0.030381768941879272,1.0274683237075806,0.0,0.0,0.0,0.0,0.0,0.0
cM3Yna7AavY_16,test,100,32,0.04836248233914375,0.940622091293335,0.0,0.0,0.0,0.0,0.0,0.0
cM3Yna7AavY_2,test,100,32,0.026307160034775734,0.9980599284172058,0.0,0.0,0.0,0.0,0.0,0.0
cM3Yna7AavY_3,test,100,32,0.044908639043569565,0.9617820978164673,0.0,0.0,0.0,0.0,0.0,0.0
cM3Yna7AavY_4,test,100,32,0.030048584565520287,0.9620386362075806,0.0,0.0,0.0,0.0,0.0,0.0
cM3Yna7AavY_5,test,100,32,0.05665423348546028,0.8578059673309326,0.0,0.0,0.0,0.0,0.0,0.0
cM3Yna7AavY_6,test,100,32,0.049651917070150375,0.9320451021194458,0.0,0.0,0.0,0.0,0.0,0.0
cM3Yna7AavY_7,test,100,32,0.034586869180202484,0.9842033386230469,0.0,0.0,0.0,0.0,0.0,0.0
cM3Yna7AavY_8,test,100,32,0.026205992326140404,0.9699079990386963,0.0,0.0,0.0,0.0,0.0,0.0
cM3Yna7AavY_9,test,100,32,0.03984350711107254,0.9682742953300476,0.0,0.0,0.0,0.0,0.0,0.0
cW1FSBF59ik_1,test,100,32,0.021704556420445442,1.030677080154419,0.0,0.0,0.0,0.0,0.0,0.0
cW1FSBF59ik_10,test,100,32,0.04991055652499199,1.08962881565094,0.0,0.0,0.0,0.0,0.0,0.0
cW1FSBF59ik_11,test,100,32,0.04330156370997429,1.0202605724334717,0.0,0.0,0.0,0.0,0.0,0.0
cW1FSBF59ik_12,test,100,32,0.026886703446507454,1.0524005889892578,0.0,0.0,0.0,0.0,0.0,0.0
cW1FSBF59ik_13,test,100,32,0.03185492381453514,0.984798014163971,0.0,0.0,0.0,0.0,0.0,0.0
cW1FSBF59ik_14,test,100,32,0.043065145611763,1.0206122398376465,0.0,0.0,0.0,0.0,0.0,0.0
cW1FSBF59ik_15,test,100,32,0.0337267629802227,1.0228281021118164,0.0,0.0,0.0,0.0,0.0,0.0
cW1FSBF59ik_16,test,100,32,0.06661209464073181,1.0232782363891602,0.0,0.0,0.0,0.0,0.0,0.0
cW1FSBF59ik_17,test,100,32,0.03107651323080063,1.0437650680541992,0.0,0.0,0.0,0.0,0.0,0.0
cW1FSBF59ik_18,test,100,32,0.023054955527186394,1.036110520362854,0.0,0.0,0.0,0.0,0.0,0.0
cW1FSBF59ik_19,test,99,32,0.03267766162753105,1.0338400602340698,0.0,0.0,0.0,0.0,0.0,0.0
cW1FSBF59ik_2,test,100,32,0.038409244269132614,0.9682303667068481,0.0,0.0,0.0,0.0,0.0,0.0
cW1FSBF59ik_20,test,100,32,0.06818846613168716,1.0169941186904907,0.0,0.0,0.0,0.0,0.0,0.0
cW1FSBF59ik_21,test,100,32,0.02145235240459442,1.050130844116211,0.0,0.0,0.0,0.0,0.0,0.0
cW1FSBF59ik_22,test,100,32,0.03836868703365326,1.0560176372528076,0.0,0.0,0.0,0.0,0.0,0.0
cW1FSBF59ik_23,test,100,32,0.043657366186380386,1.03861403465271,0.0,0.0,0.0,0.0,0.0,0.0
cW1FSBF59ik_24,test,100,32,0.03488431125879288,1.046398639678955,0.0,0.0,0.0,0.0,0.0,0.0
cW1FSBF59ik_3,test,100,32,0.017718084156513214,1.059529423713684,0.0,0.0,0.0,0.0,0.0,0.0
cW1FSBF59ik_4,test,100,32,0.030284559354186058,1.0616681575775146,0.0,0.0,0.0,0.0,0.0,0.0
cW1FSBF59ik_5,test,64,32,0.022330952808260918,1.0773954391479492,0.0,0.0,0.0,0.0,0.0,0.0
cW1FSBF59ik_6,test,51,32,0.029149023815989494,1.089089274406433,0.0,0.0,0.0,0.0,0.0,0.0
cW1FSBF59ik_7,test,78,32,0.03844897076487541,1.0932010412216187,0.0,0.0,0.0,0.0,0.0,0.0
cW1FSBF59ik_8,test,100,32,0.04494491219520569,1.0665520429611206,0.0,0.0,0.0,0.0,0.0,0.0
cW1FSBF59ik_9,test,100,32,0.03283003717660904,1.0371702909469604,0.0,0.0,0.0,0.0,0.0,0.0
cXypl4FnoZo_1,test,100,32,0.018362656235694885,0.9879357814788818,0.0,0.0,0.0,0.0,0.0,0.0
cXypl4FnoZo_10,test,100,32,0.029486095532774925,1.0029538869857788,0.0,0.0,0.0,0.0,0.0,0.0
cXypl4FnoZo_11,test,100,32,0.026376524940133095,0.9797590970993042,0.0,0.0,0.0,0.0,0.0,0.0
cXypl4FnoZo_12,test,100,32,0.046661198139190674,0.974125862121582,0.0,0.0,0.0,0.0,0.0,0.0
cXypl4FnoZo_13,test,100,32,0.04663620516657829,0.9693120718002319,0.0,0.0,0.0,0.0,0.0,0.0
cXypl4FnoZo_14,test,100,32,0.03541050851345062,0.9617809057235718,0.0,0.0,0.0,0.0,0.0,0.0
cXypl4FnoZo_15,test,100,32,0.03885389119386673,0.9646248817443848,0.0,0.0,0.0,0.0,0.0,0.0
cXypl4FnoZo_16,test,100,32,0.02062372863292694,0.9897193908691406,0.0,0.0,0.0,0.0,0.0,0.0
cXypl4FnoZo_17,test,100,32,0.035006362944841385,0.9718701243400574,0.0,0.0,0.0,0.0,0.0,0.0
cXypl4FnoZo_18,test,100,32,0.04402731731534004,0.9363806247711182,0.0,0.0,0.0,0.0,0.0,0.0
cXypl4FnoZo_19,test,100,32,0.02213994599878788,0.9474826455116272,0.0,0.0,0.0,0.0,0.0,0.0
cXypl4FnoZo_2,test,100,32,0.030865894630551338,0.9846445322036743,0.0,0.0,0.0,0.0,0.0,0.0
cXypl4FnoZo_20,test,100,32,0.04508283734321594,0.9428820610046387,0.0,0.0,0.0,0.0,0.0,0.0
cXypl4FnoZo_21,test,100,32,0.033421989530324936,0.9553107023239136,0.0,0.0,0.0,0.0,0.0,0.0
cXypl4FnoZo_22,test,100,32,0.025173718109726906,0.9658901691436768,0.0,0.0,0.0,0.0,0.0,0.0
cXypl4FnoZo_23,test,49,32,0.020545944571495056,1.0195565223693848,0.0,0.0,0.0,0.0,0.0,0.0
cXypl4FnoZo_24,test,100,32,0.022599071264266968,0.9482644200325012,0.0,0.0,0.0,0.0,0.0,0.0
cXypl4FnoZo_25,test,100,32,0.026776626706123352,0.9623140096664429,0.0,0.0,0.0,0.0,0.0,0.0
cXypl4FnoZo_26,test,83,32,0.036053046584129333,0.996788740158081,0.0,0.0,0.0,0.0,0.0,0.0
cXypl4FnoZo_27,test,100,32,0.030872518196702003,0.9689921140670776,0.0,0.0,0.0,0.0,0.0,0.0
cXypl4FnoZo_28,test,100,32,0.035334646701812744,0.9718077778816223,0.0,0.0,0.0,0.0,0.0,0.0
cXypl4FnoZo_29,test,54,32,0.02430504746735096,1.010883092880249,0.0,0.0,0.0,0.0,0.0,0.0
cXypl4FnoZo_3,test,71,32,0.04018792137503624,0.9841144680976868,0.0,0.0,0.0,0.0,0.0,0.0
cXypl4FnoZo_4,test,100,32,0.036879997700452805,0.9660779237747192,0.0,0.0,0.0,0.0,0.0,0.0
cXypl4FnoZo_5,test,100,32,0.02617710269987583,0.9971272945404053,0.0,0.0,0.0,0.0,0.0,0.0
cXypl4FnoZo_6,test,100,32,0.029722027480602264,0.9927527904510498,0.0,0.0,0.0,0.0,0.0,0.0
cXypl4FnoZo_7,test,100,32,0.028469258919358253,0.9876496195793152,0.0,0.0,0.0,0.0,0.0,0.0
cXypl4FnoZo_8,test,100,32,0.03617246448993683,0.9685856103897095,0.0,0.0,0.0,0.0,0.0,0.0
cXypl4FnoZo_9,test,100,32,0.029751578345894814,0.9551855325698853,0.0,0.0,0.0,0.0,0.0,0.0
d3_k5Xpfmik_1,test,100,32,0.025721514597535133,1.05160391330719,0.0,0.0,0.0,0.0,0.0,0.0
d3_k5Xpfmik_10,test,100,32,0.04140316694974899,1.0415204763412476,0.0,0.0,0.0,0.0,0.0,0.0
d3_k5Xpfmik_11,test,100,32,0.03342670574784279,1.0330827236175537,0.0,0.0,0.0,0.0,0.0,0.0
d3_k5Xpfmik_12,test,100,32,0.027309343218803406,1.0480225086212158,0.0,0.0,0.0,0.0,0.0,0.0
d3_k5Xpfmik_13,test,83,32,0.0300447940826416,1.0434231758117676,0.0,0.0,0.0,0.0,0.0,0.0
d3_k5Xpfmik_14,test,100,32,0.033859558403491974,1.0161893367767334,0.0,0.0,0.0,0.0,0.0,0.0
d3_k5Xpfmik_15,test,100,32,0.0271545872092247,1.0454095602035522,0.0,0.0,0.0,0.0,0.0,0.0
d3_k5Xpfmik_16,test,89,32,0.028184765949845314,1.0714722871780396,0.0,0.0,0.0,0.0,0.0,0.0
d3_k5Xpfmik_17,test,100,32,0.03154708445072174,1.0493073463439941,0.0,0.0,0.0,0.0,0.0,0.0
d3_k5Xpfmik_18,test,100,32,0.024700554087758064,1.0572562217712402,0.0,0.0,0.0,0.0,0.0,0.0
d3_k5Xpfmik_19,test,100,32,0.028777705505490303,1.0504283905029297,0.0,0.0,0.0,0.0,0.0,0.0
d3_k5Xpfmik_2,test,100,32,0.0419696569442749,1.0413029193878174,0.0,0.0,0.0,0.0,0.0,0.0
d3_k5Xpfmik_3,test,100,32,0.029784375801682472,1.0522747039794922,0.0,0.0,0.0,0.0,0.0,0.0
d3_k5Xpfmik_4,test,100,32,0.02856585942208767,1.0493383407592773,0.0,0.0,0.0,0.0,0.0,0.0
d3_k5Xpfmik_5,test,100,32,0.03410597890615463,1.059600591659546,0.0,0.0,0.0,0.0,0.0,0.0
d3_k5Xpfmik_6,test,100,32,0.04033151641488075,1.0329891443252563,0.0,0.0,0.0,0.0,0.0,0.0
d3_k5Xpfmik_7,test,100,32,0.03979400917887688,1.0295026302337646,0.0,0.0,0.0,0.0,0.0,0.0
d3_k5Xpfmik_8,test,79,32,0.03258376196026802,1.047193169593811,0.0,0.0,0.0,0.0,0.0,0.0
d3_k5Xpfmik_9,test,100,32,0.037867724895477295,1.033618450164795,0.0,0.0,0.0,0.0,0.0,0.0
d6hH302o4v8_1,test,100,32,0.04678906127810478,0.9909378886222839,0.0,0.0,0.0,0.0,0.0,0.0
d6hH302o4v8_10,test,99,32,0.019870659336447716,0.9861675500869751,0.0,0.0,0.0,0.0,0.0,0.0
d6hH302o4v8_11,test,100,32,0.026153571903705597,1.0460952520370483,0.0,0.0,0.0,0.0,0.0,0.0
d6hH302o4v8_12,test,100,32,0.02837597392499447,1.0503262281417847,0.0,0.0,0.0,0.0,0.0,0.0
d6hH302o4v8_13,test,100,32,0.03989768400788307,1.0216505527496338,0.0,0.0,0.0,0.0,0.0,0.0
d6hH302o4v8_14,test,100,32,0.018463267013430595,0.9861184358596802,0.0,0.0,0.0,0.0,0.0,0.0
d6hH302o4v8_15,test,100,32,0.024577245116233826,1.0579121112823486,0.0,0.0,0.0,0.0,0.0,0.0
d6hH302o4v8_16,test,48,32,0.02132929302752018,1.0152921676635742,0.0,0.0,0.0,0.0,0.0,0.0
d6hH302o4v8_17,test,63,32,0.022458462044596672,1.051347255706787,0.0,0.0,0.0,0.0,0.0,0.0
d6hH302o4v8_18,test,100,32,0.021929042413830757,0.9935294985771179,0.0,0.0,0.0,0.0,0.0,0.0
d6hH302o4v8_19,test,100,32,0.02038680948317051,0.9709405899047852,0.0,0.0,0.0,0.0,0.0,0.0
d6hH302o4v8_2,test,100,32,0.022304916754364967,1.0271846055984497,0.0,0.0,0.0,0.0,0.0,0.0
d6hH302o4v8_20,test,100,32,0.030880391597747803,0.9819345474243164,0.0,0.0,0.0,0.0,0.0,0.0
d6hH302o4v8_21,test,100,32,0.023489700630307198,1.0281906127929688,0.0,0.0,0.0,0.0,0.0,0.0
d6hH302o4v8_22,test,100,32,0.05374971032142639,1.0164086818695068,0.0,0.0,0.0,0.0,0.0,0.0
d6hH302o4v8_23,test,100,32,0.03216787427663803,1.0438312292099,0.0,0.0,0.0,0.0,0.0,0.0
d6hH302o4v8_24,test,100,32,0.03322111442685127,1.0100759267807007,0.0,0.0,0.0,0.0,0.0,0.0
d6hH302o4v8_25,test,54,32,0.01952926628291607,1.0577378273010254,0.0,0.0,0.0,0.0,0.0,0.0
d6hH302o4v8_26,test,100,32,0.024569101631641388,0.9963021278381348,0.0,0.0,0.0,0.0,0.0,0.0
d6hH302o4v8_27,test,56,32,0.03255916014313698,1.0382516384124756,0.0,0.0,0.0,0.0,0.0,0.0
d6hH302o4v8_28,test,100,32,0.019661670550704002,1.0126214027404785,0.0,0.0,0.0,0.0,0.0,0.0
d6hH302o4v8_29,test,100,32,0.026170214638113976,0.9670649766921997,0.0,0.0,0.0,0.0,0.0,0.0
d6hH302o4v8_3,test,100,32,0.02404395490884781,0.9827121496200562,0.0,0.0,0.0,0.0,0.0,0.0
d6hH302o4v8_30,test,79,32,0.05678066611289978,1.0432748794555664,0.0,0.0,0.0,0.0,0.0,0.0
d6hH302o4v8_31,test,100,32,0.022005653008818626,0.9466327428817749,0.0,0.0,0.0,0.0,0.0,0.0
d6hH302o4v8_32,test,100,32,0.022005172446370125,1.0053281784057617,0.0,0.0,0.0,0.0,0.0,0.0
d6hH302o4v8_33,test,61,32,0.023065561428666115,0.9214131236076355,0.0,0.0,0.0,0.0,0.0,0.0
d6hH302o4v8_34,test,56,32,0.03255916014313698,1.0382516384124756,0.0,0.0,0.0,0.0,0.0,0.0
d6hH302o4v8_35,test,100,32,0.019944192841649055,0.9955029487609863,0.0,0.0,0.0,0.0,0.0,0.0
d6hH302o4v8_36,test,100,32,0.02065608650445938,1.0083074569702148,0.0,0.0,0.0,0.0,0.0,0.0
d6hH302o4v8_37,test,63,32,0.04955943301320076,1.0370607376098633,0.0,0.0,0.0,0.0,0.0,0.0
d6hH302o4v8_38,test,100,32,0.04422922059893608,1.0535460710525513,0.0,0.0,0.0,0.0,0.0,0.0
d6hH302o4v8_39,test,100,32,0.03809387981891632,1.024056315422058,0.0,0.0,0.0,0.0,0.0,0.0
d6hH302o4v8_4,test,88,32,0.019842997193336487,1.0388076305389404,0.0,0.0,0.0,0.0,0.0,0.0
d6hH302o4v8_40,test,36,32,0.023689275607466698,1.0286030769348145,0.0,0.0,0.0,0.0,0.0,0.0
d6hH302o4v8_41,test,89,32,0.025990227237343788,1.0464881658554077,0.0,0.0,0.0,0.0,0.0,0.0
d6hH302o4v8_42,test,100,32,0.03785886988043785,0.9746188521385193,0.0,0.0,0.0,0.0,0.0,0.0
d6hH302o4v8_43,test,100,32,0.026467084884643555,0.9757178425788879,0.0,0.0,0.0,0.0,0.0,0.0
d6hH302o4v8_5,test,43,32,0.01696648634970188,1.0057077407836914,0.0,0.0,0.0,0.0,0.0,0.0
d6hH302o4v8_6,test,84,32,0.021802993491292,1.002539873123169,0.0,0.0,0.0,0.0,0.0,0.0
d6hH302o4v8_7,test,100,32,0.015238615684211254,1.024543285369873,0.0,0.0,0.0,0.0,0.0,0.0
d6hH302o4v8_8,test,49,32,0.02282198704779148,1.0015580654144287,0.0,0.0,0.0,0.0,0.0,0.0
d6hH302o4v8_9,test,99,32,0.03691718354821205,1.0188162326812744,0.0,0.0,0.0,0.0,0.0,0.0
dq3Nf_lMPnE_1,test,100,32,0.03948711231350899,1.0111877918243408,0.0,0.0,0.0,0.0,0.0,0.0
dq3Nf_lMPnE_10,test,100,32,0.029299920424818993,1.0203800201416016,0.0,0.0,0.0,0.0,0.0,0.0
dq3Nf_lMPnE_11,test,100,32,0.03328656405210495,1.0169504880905151,0.0,0.0,0.0,0.0,0.0,0.0
dq3Nf_lMPnE_12,test,100,32,0.046326059848070145,1.021024227142334,0.0,0.0,0.0,0.0,0.0,0.0
dq3Nf_lMPnE_13,test,100,32,0.04184557870030403,1.0071824789047241,0.0,0.0,0.0,0.0,0.0,0.0
dq3Nf_lMPnE_14,test,100,32,0.040846358984708786,1.0123263597488403,0.0,0.0,0.0,0.0,0.0,0.0
dq3Nf_lMPnE_15,test,100,32,0.04882719740271568,0.9720569849014282,0.0,0.0,0.0,0.0,0.0,0.0
dq3Nf_lMPnE_2,test,100,32,0.02050994522869587,1.0275782346725464,0.0,0.0,0.0,0.0,0.0,0.0
dq3Nf_lMPnE_3,test,100,32,0.046223122626543045,1.0135588645935059,0.0,0.0,0.0,0.0,0.0,0.0
dq3Nf_lMPnE_4,test,100,32,0.03727339953184128,1.0149970054626465,0.0,0.0,0.0,0.0,0.0,0.0
dq3Nf_lMPnE_5,test,100,32,0.023921651765704155,1.0053024291992188,0.0,0.0,0.0,0.0,0.0,0.0
dq3Nf_lMPnE_6,test,99,32,0.035622645169496536,1.026376485824585,0.0,0.0,0.0,0.0,0.0,0.0
dq3Nf_lMPnE_7,test,100,32,0.07098247855901718,1.027151346206665,0.0,0.0,0.0,0.0,0.0,0.0
dq3Nf_lMPnE_8,test,100,32,0.0312162097543478,1.0063222646713257,0.0,0.0,0.0,0.0,0.0,0.0
dq3Nf_lMPnE_9,test,100,32,0.03538728132843971,1.0203344821929932,0.0,0.0,0.0,0.0,0.0,0.0
etzxEpPuc6I_1,test,100,32,0.0246566291898489,1.0493590831756592,0.0,0.0,0.0,0.0,0.0,0.0
etzxEpPuc6I_10,test,100,32,0.035752519965171814,1.0450029373168945,0.0,0.0,0.0,0.0,0.0,0.0
etzxEpPuc6I_11,test,100,32,0.023908594623208046,1.034612774848938,0.0,0.0,0.0,0.0,0.0,0.0
etzxEpPuc6I_12,test,56,32,0.021500438451766968,1.046797275543213,0.0,0.0,0.0,0.0,0.0,0.0
etzxEpPuc6I_13,test,100,32,0.019465140998363495,0.9995769262313843,0.0,0.0,0.0,0.0,0.0,0.0
etzxEpPuc6I_14,test,100,32,0.03351060673594475,1.0332616567611694,0.0,0.0,0.0,0.0,0.0,0.0
etzxEpPuc6I_15,test,56,32,0.020832961425185204,1.0535446405410767,0.0,0.0,0.0,0.0,0.0,0.0
etzxEpPuc6I_16,test,100,32,0.03974354267120361,0.998258650302887,0.0,0.0,0.0,0.0,0.0,0.0
etzxEpPuc6I_17,test,100,32,0.029695851728320122,1.0180082321166992,0.0,0.0,0.0,0.0,0.0,0.0
etzxEpPuc6I_18,test,100,32,0.018783221021294594,1.0483355522155762,0.0,0.0,0.0,0.0,0.0,0.0
etzxEpPuc6I_19,test,100,32,0.022680992260575294,1.0110141038894653,0.0,0.0,0.0,0.0,0.0,0.0
etzxEpPuc6I_2,test,100,32,0.023680297657847404,1.0108036994934082,0.0,0.0,0.0,0.0,0.0,0.0
etzxEpPuc6I_3,test,100,32,0.04163334146142006,0.9832062125205994,0.0,0.0,0.0,0.0,0.0,0.0
etzxEpPuc6I_4,test,100,32,0.022096553817391396,1.0158929824829102,0.0,0.0,0.0,0.0,0.0,0.0
etzxEpPuc6I_5,test,100,32,0.023371318355202675,1.04906165599823,0.0,0.0,0.0,0.0,0.0,0.0
etzxEpPuc6I_6,test,100,32,0.023607855662703514,1.049983263015747,0.0,0.0,0.0,0.0,0.0,0.0
etzxEpPuc6I_7,test,100,32,0.03230563923716545,1.0234348773956299,0.0,0.0,0.0,0.0,0.0,0.0
etzxEpPuc6I_8,test,100,32,0.019767846912145615,1.0421298742294312,0.0,0.0,0.0,0.0,0.0,0.0
etzxEpPuc6I_9,test,100,32,0.0262862890958786,1.0451231002807617,0.0,0.0,0.0,0.0,0.0,0.0
f9O3YtZ2VfI_1,test,100,32,0.02350730262696743,0.9893640279769897,0.0,0.0,0.0,0.0,0.0,0.0
f9O3YtZ2VfI_10,test,66,32,0.027713770046830177,0.969868540763855,0.0,0.0,0.0,0.0,0.0,0.0
f9O3YtZ2VfI_11,test,71,32,0.026760758832097054,1.014947772026062,0.0,0.0,0.0,0.0,0.0,0.0
f9O3YtZ2VfI_12,test,100,32,0.020871086046099663,1.015134334564209,0.0,0.0,0.0,0.0,0.0,0.0
f9O3YtZ2VfI_13,test,100,32,0.054048676043748856,0.9414207935333252,0.0,0.0,0.0,0.0,0.0,0.0
f9O3YtZ2VfI_14,test,100,32,0.031190061941742897,1.0129868984222412,0.0,0.0,0.0,0.0,0.0,0.0
f9O3YtZ2VfI_15,test,100,32,0.02755277417600155,1.0247411727905273,0.0,0.0,0.0,0.0,0.0,0.0
f9O3YtZ2VfI_16,test,100,32,0.02665754221379757,1.0058739185333252,0.0,0.0,0.0,0.0,0.0,0.0
f9O3YtZ2VfI_17,test,100,32,0.03927932307124138,1.0077662467956543,0.0,0.0,0.0,0.0,0.0,0.0
f9O3YtZ2VfI_18,test,100,32,0.02412375807762146,1.0379942655563354,0.0,0.0,0.0,0.0,0.0,0.0
f9O3YtZ2VfI_19,test,100,32,0.03843133896589279,1.0359686613082886,0.0,0.0,0.0,0.0,0.0,0.0
f9O3YtZ2VfI_2,test,100,32,0.03906193748116493,1.0402222871780396,0.0,0.0,0.0,0.0,0.0,0.0
f9O3YtZ2VfI_20,test,100,32,0.04153010994195938,0.9996227622032166,0.0,0.0,0.0,0.0,0.0,0.0
f9O3YtZ2VfI_21,test,100,32,0.017282521352171898,1.0465006828308105,0.0,0.0,0.0,0.0,0.0,0.0
f9O3YtZ2VfI_22,test,100,32,0.0205006692558527,1.0668662786483765,0.0,0.0,0.0,0.0,0.0,0.0
f9O3YtZ2VfI_23,test,100,32,0.032348379492759705,1.0409272909164429,0.0,0.0,0.0,0.0,0.0,0.0
f9O3YtZ2VfI_24,test,100,32,0.03687068819999695,0.9821416139602661,0.0,0.0,0.0,0.0,0.0,0.0
f9O3YtZ2VfI_25,test,100,32,0.029510056599974632,1.0343372821807861,0.0,0.0,0.0,0.0,0.0,0.0
f9O3YtZ2VfI_26,test,100,32,0.07982563972473145,1.018082857131958,0.0,0.0,0.0,0.0,0.0,0.0
f9O3YtZ2VfI_27,test,100,32,0.025330690667033195,1.0470621585845947,0.0,0.0,0.0,0.0,0.0,0.0
f9O3YtZ2VfI_28,test,100,32,0.060473158955574036,1.0565528869628906,0.0,0.0,0.0,0.0,0.0,0.0
f9O3YtZ2VfI_29,test,100,32,0.06453139334917068,1.0161523818969727,0.0,0.0,0.0,0.0,0.0,0.0
f9O3YtZ2VfI_3,test,100,32,0.03267107531428337,0.995427668094635,0.0,0.0,0.0,0.0,0.0,0.0
f9O3YtZ2VfI_30,test,100,32,0.028214365243911743,1.021944522857666,0.0,0.0,0.0,0.0,0.0,0.0
f9O3YtZ2VfI_4,test,100,32,0.05264248326420784,0.9540519118309021,0.0,0.0,0.0,0.0,0.0,0.0
f9O3YtZ2VfI_5,test,100,32,0.035803552716970444,0.9902714490890503,0.0,0.0,0.0,0.0,0.0,0.0
f9O3YtZ2VfI_6,test,81,32,0.026234814897179604,0.9962020516395569,0.0,0.0,0.0,0.0,0.0,0.0
f9O3YtZ2VfI_7,test,89,32,0.019200166687369347,1.0146212577819824,0.0,0.0,0.0,0.0,0.0,0.0
f9O3YtZ2VfI_8,test,100,32,0.026512498036026955,1.0102455615997314,0.0,0.0,0.0,0.0,0.0,0.0
f9O3YtZ2VfI_9,test,100,32,0.04464687407016754,1.0004749298095703,0.0,0.0,0.0,0.0,0.0,0.0
f_pcplsH_V0_1,test,100,32,0.056313466280698776,0.9682005643844604,0.0,0.0,0.0,0.0,0.0,0.0
f_pcplsH_V0_10,test,100,32,0.05249906703829765,0.9346299171447754,0.0,0.0,0.0,0.0,0.0,0.0
f_pcplsH_V0_11,test,100,32,0.021372074261307716,0.9402690529823303,0.0,0.0,0.0,0.0,0.0,0.0
f_pcplsH_V0_12,test,100,32,0.03790520504117012,0.9339942336082458,0.0,0.0,0.0,0.0,0.0,0.0
f_pcplsH_V0_13,test,84,32,0.01316995918750763,0.9376603364944458,0.0,0.0,0.0,0.0,0.0,0.0
f_pcplsH_V0_14,test,100,32,0.030650636181235313,0.8985799551010132,0.0,0.0,0.0,0.0,0.0,0.0
f_pcplsH_V0_15,test,100,32,0.07772016525268555,0.916629433631897,0.0,0.0,0.0,0.0,0.0,0.0
f_pcplsH_V0_2,test,100,32,0.024439534172415733,0.9687225222587585,0.0,0.0,0.0,0.0,0.0,0.0
f_pcplsH_V0_3,test,100,32,0.03997848927974701,0.920372486114502,0.0,0.0,0.0,0.0,0.0,0.0
f_pcplsH_V0_4,test,100,32,0.025649651885032654,0.9422631859779358,0.0,0.0,0.0,0.0,0.0,0.0
f_pcplsH_V0_5,test,100,32,0.04886958375573158,0.9782893061637878,0.0,0.0,0.0,0.0,0.0,0.0
f_pcplsH_V0_6,test,84,32,0.01614510454237461,0.9929209351539612,0.0,0.0,0.0,0.0,0.0,0.0
f_pcplsH_V0_7,test,100,32,0.03159938380122185,0.989045262336731,0.0,0.0,0.0,0.0,0.0,0.0
f_pcplsH_V0_8,test,100,32,0.026923945173621178,1.009454607963562,0.0,0.0,0.0,0.0,0.0,0.0
f_pcplsH_V0_9,test,100,32,0.027332283556461334,1.0099859237670898,0.0,0.0,0.0,0.0,0.0,0.0
fvVhgmXxadc_1,test,100,32,0.019887849688529968,1.0751160383224487,0.0,0.0,0.0,0.0,0.0,0.0
fvVhgmXxadc_10,test,100,32,0.03584401682019234,1.0773088932037354,0.0,0.0,0.0,0.0,0.0,0.0
fvVhgmXxadc_11,test,100,32,0.024873754009604454,1.0714616775512695,0.0,0.0,0.0,0.0,0.0,0.0
fvVhgmXxadc_12,test,100,32,0.027245819568634033,1.0421533584594727,0.0,0.0,0.0,0.0,0.0,0.0
fvVhgmXxadc_13,test,100,32,0.020397653803229332,1.0378836393356323,0.0,0.0,0.0,0.0,0.0,0.0
fvVhgmXxadc_14,test,100,32,0.0184504184871912,1.0564982891082764,0.0,0.0,0.0,0.0,0.0,0.0
fvVhgmXxadc_2,test,100,32,0.03978936746716499,1.0914547443389893,0.0,0.0,0.0,0.0,0.0,0.0
fvVhgmXxadc_3,test,89,32,0.03458905592560768,1.0430492162704468,0.0,0.0,0.0,0.0,0.0,0.0
fvVhgmXxadc_4,test,100,32,0.02494180016219616,1.0654077529907227,0.0,0.0,0.0,0.0,0.0,0.0
fvVhgmXxadc_5,test,100,32,0.034668296575546265,1.0806169509887695,0.0,0.0,0.0,0.0,0.0,0.0
fvVhgmXxadc_6,test,100,32,0.0235094353556633,1.0724928379058838,0.0,0.0,0.0,0.0,0.0,0.0
fvVhgmXxadc_7,test,100,32,0.025180315598845482,1.071894884109497,0.0,0.0,0.0,0.0,0.0,0.0
fvVhgmXxadc_8,test,58,32,0.0330670140683651,1.0595077276229858,0.0,0.0,0.0,0.0,0.0,0.0
fvVhgmXxadc_9,test,100,32,0.0232959296554327,1.0876888036727905,0.0,0.0,0.0,0.0,0.0,0.0
iiK8YX8oH1E_1,test,100,32,0.031905751675367355,1.0462603569030762,0.0,0.0,0.0,0.0,0.0,0.0
iiK8YX8oH1E_10,test,81,32,0.040622588247060776,1.0457944869995117,0.0,0.0,0.0,0.0,0.0,0.0
iiK8YX8oH1E_11,test,100,32,0.024711698293685913,1.0289242267608643,0.0,0.0,0.0,0.0,0.0,0.0
iiK8YX8oH1E_12,test,100,32,0.023293793201446533,1.0516936779022217,0.0,0.0,0.0,0.0,0.0,0.0
iiK8YX8oH1E_13,test,100,32,0.03926083818078041,1.0435246229171753,0.0,0.0,0.0,0.0,0.0,0.0
iiK8YX8oH1E_14,test,100,32,0.025546366348862648,1.0398218631744385,0.0,0.0,0.0,0.0,0.0,0.0
iiK8YX8oH1E_15,test,100,32,0.025118976831436157,1.0490367412567139,0.0,0.0,0.0,0.0,0.0,0.0
iiK8YX8oH1E_16,test,56,32,0.021494455635547638,1.057485580444336,0.0,0.0,0.0,0.0,0.0,0.0
iiK8YX8oH1E_17,test,100,32,0.02558615617454052,1.0422192811965942,0.0,0.0,0.0,0.0,0.0,0.0
iiK8YX8oH1E_18,test,100,32,0.029982000589370728,1.0453526973724365,0.0,0.0,0.0,0.0,0.0,0.0
iiK8YX8oH1E_2,test,100,32,0.027595609426498413,1.057051658630371,0.0,0.0,0.0,0.0,0.0,0.0
iiK8YX8oH1E_3,test,96,32,0.021556690335273743,1.0642585754394531,0.0,0.0,0.0,0.0,0.0,0.0
iiK8YX8oH1E_4,test,100,32,0.035354528576135635,1.040002465248108,0.0,0.0,0.0,0.0,0.0,0.0
iiK8YX8oH1E_5,test,100,32,0.028469445183873177,1.027077317237854,0.0,0.0,0.0,0.0,0.0,0.0
iiK8YX8oH1E_6,test,71,32,0.01975228078663349,1.0464246273040771,0.0,0.0,0.0,0.0,0.0,0.0
iiK8YX8oH1E_7,test,100,32,0.03458625450730324,1.0429110527038574,0.0,0.0,0.0,0.0,0.0,0.0
iiK8YX8oH1E_8,test,100,32,0.030233332887291908,1.0403025150299072,0.0,0.0,0.0,0.0,0.0,0.0
iiK8YX8oH1E_9,test,100,32,0.017821555957198143,1.051262378692627,0.0,0.0,0.0,0.0,0.0,0.0
jUzDDGyPkXU_1,test,73,32,0.02105093002319336,1.0402600765228271,0.0,0.0,0.0,0.0,0.0,0.0
jUzDDGyPkXU_10,test,100,32,0.027241364121437073,1.0030407905578613,0.0,0.0,0.0,0.0,0.0,0.0
jUzDDGyPkXU_11,test,100,32,0.019465433433651924,0.9994823932647705,0.0,0.0,0.0,0.0,0.0,0.0
jUzDDGyPkXU_12,test,100,32,0.030765140429139137,1.0394361019134521,0.0,0.0,0.0,0.0,0.0,0.0
jUzDDGyPkXU_13,test,100,32,0.040321484208106995,0.9999626874923706,0.0,0.0,0.0,0.0,0.0,0.0
jUzDDGyPkXU_14,test,100,32,0.030091742053627968,1.0070788860321045,0.0,0.0,0.0,0.0,0.0,0.0
jUzDDGyPkXU_15,test,100,32,0.022788897156715393,1.034400224685669,0.0,0.0,0.0,0.0,0.0,0.0
jUzDDGyPkXU_16,test,100,32,0.044146131724119186,1.0227725505828857,0.0,0.0,0.0,0.0,0.0,0.0
jUzDDGyPkXU_17,test,100,32,0.05975719168782234,1.0068955421447754,0.0,0.0,0.0,0.0,0.0,0.0
jUzDDGyPkXU_18,test,100,32,0.04448607936501503,1.0269181728363037,0.0,0.0,0.0,0.0,0.0,0.0
jUzDDGyPkXU_19,test,100,32,0.03197913244366646,1.0214459896087646,0.0,0.0,0.0,0.0,0.0,0.0
jUzDDGyPkXU_2,test,100,32,0.03173740580677986,1.036595344543457,0.0,0.0,0.0,0.0,0.0,0.0
jUzDDGyPkXU_20,test,100,32,0.04072420299053192,1.0401076078414917,0.0,0.0,0.0,0.0,0.0,0.0
jUzDDGyPkXU_21,test,100,32,0.03211037814617157,0.9613707065582275,0.0,0.0,0.0,0.0,0.0,0.0
jUzDDGyPkXU_22,test,100,32,0.02358887530863285,1.015754222869873,0.0,0.0,0.0,0.0,0.0,0.0
jUzDDGyPkXU_23,test,91,32,0.04021592065691948,1.0342223644256592,0.0,0.0,0.0,0.0,0.0,0.0
jUzDDGyPkXU_24,test,100,32,0.02225453220307827,1.0147401094436646,0.0,0.0,0.0,0.0,0.0,0.0
jUzDDGyPkXU_25,test,100,32,0.04246349260210991,1.001749873161316,0.0,0.0,0.0,0.0,0.0,0.0
jUzDDGyPkXU_26,test,100,32,0.02467001974582672,1.0244231224060059,0.0,0.0,0.0,0.0,0.0,0.0
jUzDDGyPkXU_27,test,100,32,0.04809638485312462,1.0116536617279053,0.0,0.0,0.0,0.0,0.0,0.0
jUzDDGyPkXU_3,test,100,32,0.03752493858337402,1.0416808128356934,0.0,0.0,0.0,0.0,0.0,0.0
jUzDDGyPkXU_4,test,100,32,0.028202591463923454,0.9960572123527527,0.0,0.0,0.0,0.0,0.0,0.0
jUzDDGyPkXU_5,test,100,32,0.042596686631441116,0.9760710000991821,0.0,0.0,0.0,0.0,0.0,0.0
jUzDDGyPkXU_6,test,100,32,0.037707507610321045,1.0006699562072754,0.0,0.0,0.0,0.0,0.0,0.0
jUzDDGyPkXU_7,test,100,32,0.032738521695137024,1.0254490375518799,0.0,0.0,0.0,0.0,0.0,0.0
jUzDDGyPkXU_8,test,100,32,0.023565402254462242,1.0160117149353027,0.0,0.0,0.0,0.0,0.0,0.0
jUzDDGyPkXU_9,test,100,32,0.04668312892317772,1.0273418426513672,0.0,0.0,0.0,0.0,0.0,0.0
k5Y_838nuGo_1,test,86,32,0.020643973723053932,0.9703781604766846,0.0,0.0,0.0,0.0,0.0,0.0
k5Y_838nuGo_10,test,100,32,0.024137156084179878,0.988214373588562,0.0,0.0,0.0,0.0,0.0,0.0
k5Y_838nuGo_11,test,100,32,0.05361160635948181,1.0092675685882568,0.0,0.0,0.0,0.0,0.0,0.0
k5Y_838nuGo_12,test,100,32,0.014876329340040684,1.0143961906433105,0.0,0.0,0.0,0.0,0.0,0.0
k5Y_838nuGo_13,test,100,32,0.046899694949388504,1.023782730102539,0.0,0.0,0.0,0.0,0.0,0.0
k5Y_838nuGo_14,test,100,32,0.02479790709912777,0.9964057803153992,0.0,0.0,0.0,0.0,0.0,0.0
k5Y_838nuGo_15,test,100,32,0.016000419855117798,0.975385308265686,0.0,0.0,0.0,0.0,0.0,0.0
k5Y_838nuGo_16,test,84,32,0.020560195669531822,0.9741612672805786,0.0,0.0,0.0,0.0,0.0,0.0
k5Y_838nuGo_17,test,91,32,0.024074280634522438,1.0057485103607178,0.0,0.0,0.0,0.0,0.0,0.0
k5Y_838nuGo_18,test,89,32,0.02291581965982914,0.9694485068321228,0.0,0.0,0.0,0.0,0.0,0.0
k5Y_838nuGo_19,test,100,32,0.02496056817471981,0.9901748895645142,0.0,0.0,0.0,0.0,0.0,0.0
k5Y_838nuGo_2,test,100,32,0.02836182899773121,0.9725386500358582,0.0,0.0,0.0,0.0,0.0,0.0
k5Y_838nuGo_20,test,76,32,0.016359226778149605,1.0014272928237915,0.0,0.0,0.0,0.0,0.0,0.0
k5Y_838nuGo_21,test,100,32,0.03909706696867943,0.9681849479675293,0.0,0.0,0.0,0.0,0.0,0.0
k5Y_838nuGo_22,test,100,32,0.026362909004092216,1.0060733556747437,0.0,0.0,0.0,0.0,0.0,0.0
k5Y_838nuGo_23,test,46,32,0.013478095643222332,1.0239914655685425,0.0,0.0,0.0,0.0,0.0,0.0
k5Y_838nuGo_24,test,100,32,0.016054918989539146,1.0325701236724854,0.0,0.0,0.0,0.0,0.0,0.0
k5Y_838nuGo_25,test,100,32,0.028555497527122498,1.0409884452819824,0.0,0.0,0.0,0.0,0.0,0.0
k5Y_838nuGo_26,test,89,32,0.05992618203163147,1.0067903995513916,0.0,0.0,0.0,0.0,0.0,0.0
k5Y_838nuGo_27,test,100,32,0.01961858756840229,1.0110247135162354,0.0,0.0,0.0,0.0,0.0,0.0
k5Y_838nuGo_28,test,88,32,0.019821716472506523,1.0108706951141357,0.0,0.0,0.0,0.0,0.0,0.0
k5Y_838nuGo_29,test,100,32,0.02006577141582966,1.0181884765625,0.0,0.0,0.0,0.0,0.0,0.0
k5Y_838nuGo_3,test,100,32,0.03415653482079506,0.9890207052230835,0.0,0.0,0.0,0.0,0.0,0.0
k5Y_838nuGo_30,test,100,32,0.031276483088731766,1.0123943090438843,0.0,0.0,0.0,0.0,0.0,0.0
k5Y_838nuGo_31,test,91,32,0.01904233545064926,1.0336896181106567,0.0,0.0,0.0,0.0,0.0,0.0
k5Y_838nuGo_4,test,100,32,0.02111206203699112,1.0317325592041016,0.0,0.0,0.0,0.0,0.0,0.0
k5Y_838nuGo_5,test,100,32,0.022054582834243774,0.9799537658691406,0.0,0.0,0.0,0.0,0.0,0.0
k5Y_838nuGo_6,test,64,32,0.021290764212608337,1.0122978687286377,0.0,0.0,0.0,0.0,0.0,0.0
k5Y_838nuGo_7,test,74,32,0.018381105735898018,0.972061276435852,0.0,0.0,0.0,0.0,0.0,0.0
k5Y_838nuGo_8,test,100,32,0.021099967882037163,0.9358441829681396,0.0,0.0,0.0,0.0,0.0,0.0
k5Y_838nuGo_9,test,100,32,0.048260319977998734,0.9628832340240479,0.0,0.0,0.0,0.0,0.0,0.0
lXPQBPVc5Cw_1,test,100,32,0.041147489100694656,0.9357883930206299,0.0,0.0,0.0,0.0,0.0,0.0
lXPQBPVc5Cw_10,test,100,32,0.02487136423587799,0.8996387124061584,0.0,0.0,0.0,0.0,0.0,0.0
lXPQBPVc5Cw_11,test,46,32,0.019578486680984497,0.953691840171814,0.0,0.0,0.0,0.0,0.0,0.0
lXPQBPVc5Cw_12,test,100,32,0.017094075679779053,0.952507495880127,0.0,0.0,0.0,0.0,0.0,0.0
lXPQBPVc5Cw_13,test,100,32,0.025442028418183327,0.9393072724342346,0.0,0.0,0.0,0.0,0.0,0.0
lXPQBPVc5Cw_14,test,100,32,0.050846535712480545,0.9409418106079102,0.0,0.0,0.0,0.0,0.0,0.0
lXPQBPVc5Cw_15,test,100,32,0.0417570136487484,0.9379268288612366,0.0,0.0,0.0,0.0,0.0,0.0
lXPQBPVc5Cw_16,test,100,32,0.03940818831324577,0.9404283761978149,0.0,0.0,0.0,0.0,0.0,0.0
lXPQBPVc5Cw_17,test,100,32,0.02934589982032776,0.9297633171081543,0.0,0.0,0.0,0.0,0.0,0.0
lXPQBPVc5Cw_18,test,100,32,0.03798665106296539,0.9371272325515747,0.0,0.0,0.0,0.0,0.0,0.0
lXPQBPVc5Cw_19,test,100,32,0.026100074872374535,0.9431830644607544,0.0,0.0,0.0,0.0,0.0,0.0
lXPQBPVc5Cw_2,test,100,32,0.05272534862160683,0.9470260143280029,0.0,0.0,0.0,0.0,0.0,0.0
lXPQBPVc5Cw_20,test,100,32,0.03136309236288071,0.908875584602356,0.0,0.0,0.0,0.0,0.0,0.0
lXPQBPVc5Cw_21,test,100,32,0.02561515010893345,0.9324072003364563,0.0,0.0,0.0,0.0,0.0,0.0
lXPQBPVc5Cw_22,test,100,32,0.03452278673648834,0.9185627698898315,0.0,0.0,0.0,0.0,0.0,0.0
lXPQBPVc5Cw_23,test,100,32,0.018873052671551704,0.9413507580757141,0.0,0.0,0.0,0.0,0.0,0.0
lXPQBPVc5Cw_24,test,91,32,0.03388170897960663,0.9489210844039917,0.0,0.0,0.0,0.0,0.0,0.0
lXPQBPVc5Cw_25,test,100,32,0.030654579401016235,0.9270390272140503,0.0,0.0,0.0,0.0,0.0,0.0
lXPQBPVc5Cw_26,test,100,32,0.026888243854045868,0.9263436794281006,0.0,0.0,0.0,0.0,0.0,0.0
lXPQBPVc5Cw_27,test,100,32,0.019788268953561783,0.9959261417388916,0.0,0.0,0.0,0.0,0.0,0.0
lXPQBPVc5Cw_28,test,100,32,0.03998447209596634,0.9318788051605225,0.0,0.0,0.0,0.0,0.0,0.0
lXPQBPVc5Cw_29,test,100,32,0.02455577813088894,0.912459135055542,0.0,0.0,0.0,0.0,0.0,0.0
lXPQBPVc5Cw_3,test,100,32,0.030628018081188202,0.9313036799430847,0.0,0.0,0.0,0.0,0.0,0.0
lXPQBPVc5Cw_30,test,100,32,0.047057781368494034,0.9320663809776306,0.0,0.0,0.0,0.0,0.0,0.0
lXPQBPVc5Cw_4,test,100,32,0.03388511762022972,0.9097620248794556,0.0,0.0,0.0,0.0,0.0,0.0
lXPQBPVc5Cw_5,test,100,32,0.021113434806466103,0.8807850480079651,0.0,0.0,0.0,0.0,0.0,0.0
lXPQBPVc5Cw_6,test,100,32,0.053070809692144394,0.8540180921554565,0.0,0.0,0.0,0.0,0.0,0.0
lXPQBPVc5Cw_7,test,100,32,0.028131144121289253,0.8702678680419922,0.0,0.0,0.0,0.0,0.0,0.0
lXPQBPVc5Cw_8,test,100,32,0.03468375280499458,0.9053969383239746,0.0,0.0,0.0,0.0,0.0,0.0
lXPQBPVc5Cw_9,test,100,32,0.023174205794930458,0.9018526673316956,0.0,0.0,0.0,0.0,0.0,0.0
nbWiPyCm4g0_1,test,100,32,0.040230583399534225,0.9867904186248779,0.0,0.0,0.0,0.0,0.0,0.0
nbWiPyCm4g0_10,test,100,32,0.044805992394685745,0.9552093744277954,0.0,0.0,0.0,0.0,0.0,0.0
nbWiPyCm4g0_2,test,100,32,0.029648998752236366,0.9932062029838562,0.0,0.0,0.0,0.0,0.0,0.0
nbWiPyCm4g0_3,test,100,32,0.04002995416522026,1.0021287202835083,0.0,0.0,0.0,0.0,0.0,0.0
nbWiPyCm4g0_4,test,100,32,0.030461737886071205,0.9651412963867188,0.0,0.0,0.0,0.0,0.0,0.0
nbWiPyCm4g0_5,test,100,32,0.023766562342643738,0.9857021570205688,0.0,0.0,0.0,0.0,0.0,0.0
nbWiPyCm4g0_6,test,100,32,0.03073052130639553,0.9821510910987854,0.0,0.0,0.0,0.0,0.0,0.0
nbWiPyCm4g0_7,test,100,32,0.056630879640579224,0.9911519289016724,0.0,0.0,0.0,0.0,0.0,0.0
nbWiPyCm4g0_8,test,100,32,0.057362403720617294,0.9470574855804443,0.0,0.0,0.0,0.0,0.0,0.0
nbWiPyCm4g0_9,test,100,32,0.02567952312529087,1.0126831531524658,0.0,0.0,0.0,0.0,0.0,0.0
nzpVDcQ0ywM_1,test,100,32,0.03879748284816742,0.9963364005088806,0.0,0.0,0.0,0.0,0.0,0.0
nzpVDcQ0ywM_10,test,100,32,0.03688683733344078,1.037384033203125,0.0,0.0,0.0,0.0,0.0,0.0
nzpVDcQ0ywM_11,test,100,32,0.03672705590724945,1.0661518573760986,0.0,0.0,0.0,0.0,0.0,0.0
nzpVDcQ0ywM_12,test,100,32,0.03738611936569214,1.0310728549957275,0.0,0.0,0.0,0.0,0.0,0.0
nzpVDcQ0ywM_13,test,100,32,0.03437550365924835,1.0102732181549072,0.0,0.0,0.0,0.0,0.0,0.0
nzpVDcQ0ywM_14,test,100,32,0.03543969616293907,1.0235967636108398,0.0,0.0,0.0,0.0,0.0,0.0
nzpVDcQ0ywM_15,test,74,32,0.026767129078507423,1.0659680366516113,0.0,0.0,0.0,0.0,0.0,0.0
nzpVDcQ0ywM_16,test,100,32,0.03421361371874809,1.0182960033416748,0.0,0.0,0.0,0.0,0.0,0.0
nzpVDcQ0ywM_17,test,100,32,0.033973176032304764,1.0490354299545288,0.0,0.0,0.0,0.0,0.0,0.0
nzpVDcQ0ywM_18,test,100,32,0.03251311182975769,1.0285587310791016,0.0,0.0,0.0,0.0,0.0,0.0
nzpVDcQ0ywM_19,test,100,32,0.03478309512138367,1.0629544258117676,0.0,0.0,0.0,0.0,0.0,0.0
nzpVDcQ0ywM_2,test,100,32,0.040780287235975266,0.9978365302085876,0.0,0.0,0.0,0.0,0.0,0.0
nzpVDcQ0ywM_20,test,99,32,0.04109906777739525,1.0268371105194092,0.0,0.0,0.0,0.0,0.0,0.0
nzpVDcQ0ywM_21,test,100,32,0.027368089184165,1.0459918975830078,0.0,0.0,0.0,0.0,0.0,0.0
nzpVDcQ0ywM_22,test,100,32,0.038175687193870544,1.0229597091674805,0.0,0.0,0.0,0.0,0.0,0.0
nzpVDcQ0ywM_23,test,76,32,0.03023259900510311,1.0324455499649048,0.0,0.0,0.0,0.0,0.0,0.0
nzpVDcQ0ywM_24,test,100,32,0.0369076244533062,1.078852653503418,0.0,0.0,0.0,0.0,0.0,0.0
nzpVDcQ0ywM_3,test,100,32,0.027930961921811104,1.0120081901550293,0.0,0.0,0.0,0.0,0.0,0.0
nzpVDcQ0ywM_4,test,100,32,0.02851705253124237,0.9821048974990845,0.0,0.0,0.0,0.0,0.0,0.0
nzpVDcQ0ywM_5,test,100,32,0.04423956200480461,1.019195556640625,0.0,0.0,0.0,0.0,0.0,0.0
nzpVDcQ0ywM_6,test,100,32,0.04113702476024628,1.0290688276290894,0.0,0.0,0.0,0.0,0.0,0.0
nzpVDcQ0ywM_7,test,89,32,0.04065358266234398,1.0620547533035278,0.0,0.0,0.0,0.0,0.0,0.0
nzpVDcQ0ywM_8,test,100,32,0.045193400233983994,1.014516830444336,0.0,0.0,0.0,0.0,0.0,0.0
nzpVDcQ0ywM_9,test,100,32,0.043061595410108566,1.012629747390747,0.0,0.0,0.0,0.0,0.0,0.0
ob23OKe5a9Q_1,test,100,32,0.03980826959013939,1.0166893005371094,0.0,0.0,0.0,0.0,0.0,0.0
ob23OKe5a9Q_10,test,69,32,0.018049215897917747,1.0511870384216309,0.0,0.0,0.0,0.0,0.0,0.0
ob23OKe5a9Q_11,test,100,32,0.031372103840112686,0.9840770959854126,0.0,0.0,0.0,0.0,0.0,0.0
ob23OKe5a9Q_12,test,100,32,0.03735843673348427,1.0442428588867188,0.0,0.0,0.0,0.0,0.0,0.0
ob23OKe5a9Q_13,test,100,32,0.034134458750486374,0.9670864343643188,0.0,0.0,0.0,0.0,0.0,0.0
ob23OKe5a9Q_14,test,100,32,0.0678776353597641,1.0015634298324585,0.0,0.0,0.0,0.0,0.0,0.0
ob23OKe5a9Q_2,test,83,32,0.03874694183468819,1.1030981540679932,0.0,0.0,0.0,0.0,0.0,0.0
ob23OKe5a9Q_3,test,100,32,0.03244338557124138,1.013190746307373,0.0,0.0,0.0,0.0,0.0,0.0
ob23OKe5a9Q_4,test,100,32,0.03392800688743591,1.0134409666061401,0.0,0.0,0.0,0.0,0.0,0.0
ob23OKe5a9Q_5,test,100,32,0.057216107845306396,0.962065577507019,0.0,0.0,0.0,0.0,0.0,0.0
ob23OKe5a9Q_6,test,100,32,0.029828757047653198,1.0029821395874023,0.0,0.0,0.0,0.0,0.0,0.0
ob23OKe5a9Q_7,test,100,32,0.028671415522694588,0.9893085360527039,0.0,0.0,0.0,0.0,0.0,0.0
ob23OKe5a9Q_8,test,100,32,0.039053454995155334,1.0316686630249023,0.0,0.0,0.0,0.0,0.0,0.0
ob23OKe5a9Q_9,test,100,32,0.030226891860365868,0.9538161754608154,0.0,0.0,0.0,0.0,0.0,0.0
pLTX3ipuDJI_1,test,100,32,0.024584664031863213,1.0239930152893066,0.0,0.0,0.0,0.0,0.0,0.0
pLTX3ipuDJI_10,test,100,32,0.024646371603012085,1.034686803817749,0.0,0.0,0.0,0.0,0.0,0.0
pLTX3ipuDJI_11,test,100,32,0.03416573256254196,1.028947353363037,0.0,0.0,0.0,0.0,0.0,0.0
pLTX3ipuDJI_12,test,100,32,0.01861909218132496,1.0402733087539673,0.0,0.0,0.0,0.0,0.0,0.0
pLTX3ipuDJI_13,test,100,32,0.017331359907984734,1.0721265077590942,0.0,0.0,0.0,0.0,0.0,0.0
pLTX3ipuDJI_14,test,100,32,0.016834048554301262,1.056519627571106,0.0,0.0,0.0,0.0,0.0,0.0
pLTX3ipuDJI_15,test,100,32,0.029261408373713493,1.0462135076522827,0.0,0.0,0.0,0.0,0.0,0.0
pLTX3ipuDJI_16,test,100,32,0.026203354820609093,1.0334256887435913,0.0,0.0,0.0,0.0,0.0,0.0
pLTX3ipuDJI_2,test,100,32,0.026315031573176384,1.0155773162841797,0.0,0.0,0.0,0.0,0.0,0.0
pLTX3ipuDJI_3,test,100,32,0.023037059232592583,1.0303294658660889,0.0,0.0,0.0,0.0,0.0,0.0
pLTX3ipuDJI_4,test,100,32,0.02254435420036316,1.0448791980743408,0.0,0.0,0.0,0.0,0.0,0.0
pLTX3ipuDJI_5,test,100,32,0.02702181600034237,1.0462008714675903,0.0,0.0,0.0,0.0,0.0,0.0
pLTX3ipuDJI_6,test,100,32,0.026115810498595238,1.044575810432434,0.0,0.0,0.0,0.0,0.0,0.0
pLTX3ipuDJI_7,test,100,32,0.02291787974536419,1.0416450500488281,0.0,0.0,0.0,0.0,0.0,0.0
pLTX3ipuDJI_8,test,100,32,0.019617436453700066,1.0441951751708984,0.0,0.0,0.0,0.0,0.0,0.0
pLTX3ipuDJI_9,test,100,32,0.0227429810911417,1.0380109548568726,0.0,0.0,0.0,0.0,0.0,0.0
phBUpBr1hSo_1,test,89,32,0.024537259712815285,0.9731556177139282,0.0,0.0,0.0,0.0,0.0,0.0
phBUpBr1hSo_10,test,100,32,0.02281513810157776,0.9532363414764404,0.0,0.0,0.0,0.0,0.0,0.0
phBUpBr1hSo_11,test,84,32,0.03547384962439537,0.9854581356048584,0.0,0.0,0.0,0.0,0.0,0.0
phBUpBr1hSo_12,test,100,32,0.02105700969696045,0.9537897109985352,0.0,0.0,0.0,0.0,0.0,0.0
phBUpBr1hSo_13,test,100,32,0.01781313680112362,0.9833998084068298,0.0,0.0,0.0,0.0,0.0,0.0
phBUpBr1hSo_14,test,100,32,0.03234776854515076,0.9753820896148682,0.0,0.0,0.0,0.0,0.0,0.0
phBUpBr1hSo_15,test,100,32,0.023696159943938255,0.9192197322845459,0.0,0.0,0.0,0.0,0.0,0.0
phBUpBr1hSo_16,test,100,32,0.019152654334902763,0.9714870452880859,0.0,0.0,0.0,0.0,0.0,0.0
phBUpBr1hSo_17,test,100,32,0.03096999228000641,0.9613104462623596,0.0,0.0,0.0,0.0,0.0,0.0
phBUpBr1hSo_18,test,74,32,0.032046083360910416,0.9585146307945251,0.0,0.0,0.0,0.0,0.0,0.0
phBUpBr1hSo_19,test,54,32,0.017194202169775963,0.9852066040039062,0.0,0.0,0.0,0.0,0.0,0.0
phBUpBr1hSo_2,test,96,32,0.03296096250414848,0.9907026886940002,0.0,0.0,0.0,0.0,0.0,0.0
phBUpBr1hSo_20,test,100,32,0.023639259859919548,0.975995659828186,0.0,0.0,0.0,0.0,0.0,0.0
phBUpBr1hSo_21,test,100,32,0.021768076345324516,0.9794515371322632,0.0,0.0,0.0,0.0,0.0,0.0
phBUpBr1hSo_3,test,100,32,0.026789218187332153,0.9731559157371521,0.0,0.0,0.0,0.0,0.0,0.0
phBUpBr1hSo_4,test,100,32,0.034572530537843704,0.9484877586364746,0.0,0.0,0.0,0.0,0.0,0.0
phBUpBr1hSo_5,test,100,32,0.024351781234145164,0.9675772190093994,0.0,0.0,0.0,0.0,0.0,0.0
phBUpBr1hSo_6,test,100,32,0.038140226155519485,0.9860208034515381,0.0,0.0,0.0,0.0,0.0,0.0
phBUpBr1hSo_7,test,100,32,0.037121355533599854,0.9689906239509583,0.0,0.0,0.0,0.0,0.0,0.0
phBUpBr1hSo_8,test,100,32,0.02549491636455059,0.9588196277618408,0.0,0.0,0.0,0.0,0.0,0.0
phBUpBr1hSo_9,test,100,32,0.026476919651031494,0.9432131052017212,0.0,0.0,0.0,0.0,0.0,0.0
rnaNMUZpvvg_1,test,100,32,0.040697988122701645,0.952717661857605,0.0,0.0,0.0,0.0,0.0,0.0
rnaNMUZpvvg_10,test,100,32,0.024385936558246613,0.9900693893432617,0.0,0.0,0.0,0.0,0.0,0.0
rnaNMUZpvvg_11,test,100,32,0.041511088609695435,0.9796461462974548,0.0,0.0,0.0,0.0,0.0,0.0
rnaNMUZpvvg_12,test,100,32,0.03124142251908779,1.0052732229232788,0.0,0.0,0.0,0.0,0.0,0.0
rnaNMUZpvvg_13,test,100,32,0.03373619541525841,1.0156824588775635,0.0,0.0,0.0,0.0,0.0,0.0
rnaNMUZpvvg_14,test,100,32,0.030642995610833168,0.9495346546173096,0.0,0.0,0.0,0.0,0.0,0.0
rnaNMUZpvvg_15,test,100,32,0.029016070067882538,0.9937363266944885,0.0,0.0,0.0,0.0,0.0,0.0
rnaNMUZpvvg_16,test,100,32,0.01718328893184662,1.0198646783828735,0.0,0.0,0.0,0.0,0.0,0.0
rnaNMUZpvvg_17,test,86,32,0.037829313427209854,1.0593925714492798,0.0,0.0,0.0,0.0,0.0,0.0
rnaNMUZpvvg_18,test,100,32,0.03110389970242977,0.9962303638458252,0.0,0.0,0.0,0.0,0.0,0.0
rnaNMUZpvvg_19,test,100,32,0.03035556711256504,1.0335060358047485,0.0,0.0,0.0,0.0,0.0,0.0
rnaNMUZpvvg_2,test,96,32,0.023768724873661995,0.9930256009101868,0.0,0.0,0.0,0.0,0.0,0.0
rnaNMUZpvvg_20,test,100,32,0.020271895453333855,0.9796275496482849,0.0,0.0,0.0,0.0,0.0,0.0
rnaNMUZpvvg_21,test,100,32,0.020109204575419426,0.972050666809082,0.0,0.0,0.0,0.0,0.0,0.0
rnaNMUZpvvg_22,test,100,32,0.026467813178896904,1.014237880706787,0.0,0.0,0.0,0.0,0.0,0.0
rnaNMUZpvvg_3,test,93,32,0.03239625692367554,0.938126802444458,0.0,0.0,0.0,0.0,0.0,0.0
rnaNMUZpvvg_4,test,100,32,0.03019619546830654,0.947439432144165,0.0,0.0,0.0,0.0,0.0,0.0
rnaNMUZpvvg_5,test,100,32,0.04990726336836815,0.9753943681716919,0.0,0.0,0.0,0.0,0.0,0.0
rnaNMUZpvvg_6,test,100,32,0.021809542551636696,1.012387990951538,0.0,0.0,0.0,0.0,0.0,0.0
rnaNMUZpvvg_7,test,100,32,0.029089972376823425,1.0354228019714355,0.0,0.0,0.0,0.0,0.0,0.0
rnaNMUZpvvg_8,test,100,32,0.039174940437078476,1.0136224031448364,0.0,0.0,0.0,0.0,0.0,0.0
rnaNMUZpvvg_9,test,100,32,0.026769816875457764,1.025146245956421,0.0,0.0,0.0,0.0,0.0,0.0
tIrG4oNLFzE_1,test,100,32,0.051002442836761475,0.9323593378067017,0.0,0.0,0.0,0.0,0.0,0.0
tIrG4oNLFzE_10,test,100,32,0.03276222571730614,0.9493570923805237,0.0,0.0,0.0,0.0,0.0,0.0
tIrG4oNLFzE_11,test,100,32,0.03871118649840355,0.9313006401062012,0.0,0.0,0.0,0.0,0.0,0.0
tIrG4oNLFzE_12,test,100,32,0.030529553070664406,0.8950107097625732,0.0,0.0,0.0,0.0,0.0,0.0
tIrG4oNLFzE_13,test,100,32,0.025473996996879578,0.9063222408294678,0.0,0.0,0.0,0.0,0.0,0.0
tIrG4oNLFzE_14,test,100,32,0.02534177340567112,0.9442640542984009,0.0,0.0,0.0,0.0,0.0,0.0
tIrG4oNLFzE_15,test,100,32,0.023176176473498344,0.9518325328826904,0.0,0.0,0.0,0.0,0.0,0.0
tIrG4oNLFzE_16,test,100,32,0.029049282893538475,0.973934531211853,0.0,0.0,0.0,0.0,0.0,0.0
tIrG4oNLFzE_17,test,100,32,0.023296058177947998,0.9432514309883118,0.0,0.0,0.0,0.0,0.0,0.0
tIrG4oNLFzE_18,test,100,32,0.02521866001188755,0.9797674417495728,0.0,0.0,0.0,0.0,0.0,0.0
tIrG4oNLFzE_2,test,100,32,0.02243066392838955,0.9257906675338745,0.0,0.0,0.0,0.0,0.0,0.0
tIrG4oNLFzE_3,test,100,32,0.022179223597049713,0.9349151849746704,0.0,0.0,0.0,0.0,0.0,0.0
tIrG4oNLFzE_4,test,100,32,0.02682020328938961,0.9860934615135193,0.0,0.0,0.0,0.0,0.0,0.0
tIrG4oNLFzE_5,test,100,32,0.021769946441054344,0.9527725577354431,0.0,0.0,0.0,0.0,0.0,0.0
tIrG4oNLFzE_6,test,100,32,0.017417436465620995,0.9825403690338135,0.0,0.0,0.0,0.0,0.0,0.0
tIrG4oNLFzE_7,test,100,32,0.038707245141267776,0.9354608058929443,0.0,0.0,0.0,0.0,0.0,0.0
tIrG4oNLFzE_8,test,100,32,0.021532656624913216,0.9491773247718811,0.0,0.0,0.0,0.0,0.0,0.0
tIrG4oNLFzE_9,test,100,32,0.029524236917495728,0.9464118480682373,0.0,0.0,0.0,0.0,0.0,0.0
tStelxIAHjw_1,test,100,32,0.023250767961144447,1.0063755512237549,0.0,0.0,0.0,0.0,0.0,0.0
tStelxIAHjw_10,test,100,32,0.04316681623458862,1.0460795164108276,0.0,0.0,0.0,0.0,0.0,0.0
tStelxIAHjw_11,test,100,32,0.03611209616065025,1.0581645965576172,0.0,0.0,0.0,0.0,0.0,0.0
tStelxIAHjw_12,test,100,32,0.0555923692882061,1.0593875646591187,0.0,0.0,0.0,0.0,0.0,0.0
tStelxIAHjw_13,test,94,32,0.05427530035376549,1.076589584350586,0.0,0.0,0.0,0.0,0.0,0.0
tStelxIAHjw_14,test,59,32,0.022240912541747093,1.0426292419433594,0.0,0.0,0.0,0.0,0.0,0.0
tStelxIAHjw_15,test,100,32,0.03968420252203941,1.0192004442214966,0.0,0.0,0.0,0.0,0.0,0.0
tStelxIAHjw_16,test,44,32,0.025765785947442055,1.011905312538147,0.0,0.0,0.0,0.0,0.0,0.0
tStelxIAHjw_2,test,100,32,0.057476919144392014,1.0273767709732056,0.0,0.0,0.0,0.0,0.0,0.0
tStelxIAHjw_3,test,69,32,0.05171278491616249,1.03317129611969,0.0,0.0,0.0,0.0,0.0,0.0
tStelxIAHjw_4,test,100,32,0.038142140954732895,1.0106201171875,0.0,0.0,0.0,0.0,0.0,0.0
tStelxIAHjw_5,test,100,32,0.04591880738735199,1.0494405031204224,0.0,0.0,0.0,0.0,0.0,0.0
tStelxIAHjw_6,test,64,32,0.023295968770980835,1.0293240547180176,0.0,0.0,0.0,0.0,0.0,0.0
tStelxIAHjw_7,test,71,32,0.053893059492111206,1.013527750968933,0.0,0.0,0.0,0.0,0.0,0.0
tStelxIAHjw_8,test,76,32,0.027826344594359398,1.0296144485473633,0.0,0.0,0.0,0.0,0.0,0.0
tStelxIAHjw_9,test,74,32,0.028614522889256477,1.0521924495697021,0.0,0.0,0.0,0.0,0.0,0.0
tmZoasNr4rU_1,test,100,32,0.036506831645965576,1.0550049543380737,0.0,0.0,0.0,0.0,0.0,0.0
tmZoasNr4rU_10,test,100,32,0.05255354568362236,1.054959774017334,0.0,0.0,0.0,0.0,0.0,0.0
tmZoasNr4rU_11,test,100,32,0.030372990295290947,1.0279772281646729,0.0,0.0,0.0,0.0,0.0,0.0
tmZoasNr4rU_12,test,100,32,0.04960852861404419,0.9763612151145935,0.0,0.0,0.0,0.0,0.0,0.0
tmZoasNr4rU_13,test,100,32,0.07581642270088196,1.0393767356872559,0.0,0.0,0.0,0.0,0.0,0.0
tmZoasNr4rU_14,test,100,32,0.04672962799668312,1.0291733741760254,0.0,0.0,0.0,0.0,0.0,0.0
tmZoasNr4rU_15,test,100,32,0.046562906354665756,1.0382506847381592,0.0,0.0,0.0,0.0,0.0,0.0
tmZoasNr4rU_16,test,100,32,0.04509863257408142,1.045353651046753,0.0,0.0,0.0,0.0,0.0,0.0
tmZoasNr4rU_17,test,100,32,0.07865364104509354,1.0312238931655884,0.0,0.0,0.0,0.0,0.0,0.0
tmZoasNr4rU_18,test,59,32,0.03951291739940643,1.0468640327453613,0.0,0.0,0.0,0.0,0.0,0.0
tmZoasNr4rU_19,test,100,32,0.03878093138337135,1.0466020107269287,0.0,0.0,0.0,0.0,0.0,0.0
tmZoasNr4rU_2,test,100,32,0.041760411113500595,1.038160800933838,0.0,0.0,0.0,0.0,0.0,0.0
tmZoasNr4rU_20,test,100,32,0.036393553018569946,1.047038197517395,0.0,0.0,0.0,0.0,0.0,0.0
tmZoasNr4rU_3,test,83,32,0.03542574867606163,1.0740760564804077,0.0,0.0,0.0,0.0,0.0,0.0
tmZoasNr4rU_4,test,100,32,0.05846536159515381,1.031000018119812,0.0,0.0,0.0,0.0,0.0,0.0
tmZoasNr4rU_5,test,100,32,0.029542213305830956,1.0306740999221802,0.0,0.0,0.0,0.0,0.0,0.0
tmZoasNr4rU_6,test,100,32,0.06233987212181091,1.042618989944458,0.0,0.0,0.0,0.0,0.0,0.0
tmZoasNr4rU_7,test,100,32,0.045657843351364136,1.0549330711364746,0.0,0.0,0.0,0.0,0.0,0.0
tmZoasNr4rU_8,test,100,32,0.052134204655885696,1.0255351066589355,0.0,0.0,0.0,0.0,0.0,0.0
tmZoasNr4rU_9,test,100,32,0.03336380049586296,1.0401676893234253,0.0,0.0,0.0,0.0,0.0,0.0
v0zCBqDeKcE_1,test,100,32,0.021435072645545006,0.9165054559707642,0.0,0.0,0.0,0.0,0.0,0.0
v0zCBqDeKcE_10,test,100,32,0.02258925326168537,1.0172988176345825,0.0,0.0,0.0,0.0,0.0,0.0
v0zCBqDeKcE_11,test,100,32,0.040685150772333145,1.0022673606872559,0.0,0.0,0.0,0.0,0.0,0.0
v0zCBqDeKcE_12,test,100,32,0.0508882999420166,1.0061357021331787,0.0,0.0,0.0,0.0,0.0,0.0
v0zCBqDeKcE_13,test,100,32,0.03208693861961365,0.9765055179595947,0.0,0.0,0.0,0.0,0.0,0.0
v0zCBqDeKcE_14,test,100,32,0.050935178995132446,0.9497447609901428,0.0,0.0,0.0,0.0,0.0,0.0
v0zCBqDeKcE_15,test,89,32,0.02006594091653824,0.9958946704864502,0.0,0.0,0.0,0.0,0.0,0.0
v0zCBqDeKcE_16,test,26,32,0.020974593237042427,1.0369375944137573,0.0,0.0,0.0,0.0,0.0,0.0
v0zCBqDeKcE_2,test,100,32,0.04158242419362068,1.0084460973739624,0.0,0.0,0.0,0.0,0.0,0.0
v0zCBqDeKcE_3,test,100,32,0.030940448865294456,1.014082670211792,0.0,0.0,0.0,0.0,0.0,0.0
v0zCBqDeKcE_4,test,100,32,0.02473984658718109,0.9942634701728821,0.0,0.0,0.0,0.0,0.0,0.0
v0zCBqDeKcE_5,test,100,32,0.03253651037812233,1.0218632221221924,0.0,0.0,0.0,0.0,0.0,0.0
v0zCBqDeKcE_6,test,100,32,0.031950682401657104,0.9984536170959473,0.0,0.0,0.0,0.0,0.0,0.0
v0zCBqDeKcE_7,test,100,32,0.029081089422106743,0.9740442633628845,0.0,0.0,0.0,0.0,0.0,0.0
v0zCBqDeKcE_8,test,100,32,0.031230146065354347,0.9889492988586426,0.0,0.0,0.0,0.0,0.0,0.0
v0zCBqDeKcE_9,test,91,32,0.023774540051817894,1.004576325416565,0.0,0.0,0.0,0.0,0.0,0.0
vvZ4IcEtiZc_1,test,100,32,0.03387928381562233,0.8721780776977539,0.0,0.0,0.0,0.0,0.0,0.0
vvZ4IcEtiZc_10,test,100,32,0.03802791237831116,1.010371208190918,0.0,0.0,0.0,0.0,0.0,0.0
vvZ4IcEtiZc_11,test,100,32,0.04342864081263542,1.015212059020996,0.0,0.0,0.0,0.0,0.0,0.0
vvZ4IcEtiZc_12,test,100,32,0.03222455084323883,0.9513896703720093,0.0,0.0,0.0,0.0,0.0,0.0
vvZ4IcEtiZc_2,test,100,32,0.026400059461593628,0.9990221858024597,0.0,0.0,0.0,0.0,0.0,0.0
vvZ4IcEtiZc_3,test,100,32,0.03970511630177498,0.983855128288269,0.0,0.0,0.0,0.0,0.0,0.0
vvZ4IcEtiZc_4,test,100,32,0.026884539052844048,0.9003725647926331,0.0,0.0,0.0,0.0,0.0,0.0
vvZ4IcEtiZc_5,test,100,32,0.03834991529583931,0.9954918026924133,0.0,0.0,0.0,0.0,0.0,0.0
vvZ4IcEtiZc_6,test,100,32,0.025005755946040154,0.9625357389450073,0.0,0.0,0.0,0.0,0.0,0.0
vvZ4IcEtiZc_7,test,100,32,0.03878916800022125,0.97182297706604,0.0,0.0,0.0,0.0,0.0,0.0
vvZ4IcEtiZc_8,test,100,32,0.03882206603884697,0.9772321581840515,0.0,0.0,0.0,0.0,0.0,0.0
vvZ4IcEtiZc_9,test,100,32,0.037579912692308426,0.9494100213050842,0.0,0.0,0.0,0.0,0.0,0.0
vyB00TXsimI_1,test,100,32,0.02847381681203842,0.979667603969574,0.0,0.0,0.0,0.0,0.0,0.0
vyB00TXsimI_10,test,100,32,0.028193071484565735,0.9773584008216858,0.0,0.0,0.0,0.0,0.0,0.0
vyB00TXsimI_11,test,100,32,0.034178461879491806,0.9810734391212463,0.0,0.0,0.0,0.0,0.0,0.0
vyB00TXsimI_12,test,100,32,0.02900407277047634,0.9889573454856873,0.0,0.0,0.0,0.0,0.0,0.0
vyB00TXsimI_13,test,93,32,0.03472419083118439,1.0057876110076904,0.0,0.0,0.0,0.0,0.0,0.0
vyB00TXsimI_14,test,100,32,0.026426294818520546,0.9698416590690613,0.0,0.0,0.0,0.0,0.0,0.0
vyB00TXsimI_15,test,100,32,0.047708313912153244,0.9666595458984375,0.0,0.0,0.0,0.0,0.0,0.0
vyB00TXsimI_16,test,100,32,0.02860618568956852,0.9785754680633545,0.0,0.0,0.0,0.0,0.0,0.0
vyB00TXsimI_17,test,100,32,0.025010740384459496,0.9890719652175903,0.0,0.0,0.0,0.0,0.0,0.0
vyB00TXsimI_18,test,94,32,0.04008752107620239,0.9848884344100952,0.0,0.0,0.0,0.0,0.0,0.0
vyB00TXsimI_19,test,78,32,0.030019721016287804,0.9919513463973999,0.0,0.0,0.0,0.0,0.0,0.0
vyB00TXsimI_2,test,100,32,0.03275635093450546,0.9665387868881226,0.0,0.0,0.0,0.0,0.0,0.0
vyB00TXsimI_20,test,100,32,0.0335385762155056,0.9610958099365234,0.0,0.0,0.0,0.0,0.0,0.0
vyB00TXsimI_21,test,100,32,0.03500751033425331,0.9705036878585815,0.0,0.0,0.0,0.0,0.0,0.0
vyB00TXsimI_22,test,100,32,0.03939438238739967,0.9935516715049744,0.0,0.0,0.0,0.0,0.0,0.0
vyB00TXsimI_3,test,100,32,0.04921916127204895,0.9681315422058105,0.0,0.0,0.0,0.0,0.0,0.0
vyB00TXsimI_4,test,100,32,0.04617215320467949,0.9739636182785034,0.0,0.0,0.0,0.0,0.0,0.0
vyB00TXsimI_5,test,51,32,0.027519196271896362,1.002367377281189,0.0,0.0,0.0,0.0,0.0,0.0
vyB00TXsimI_6,test,100,32,0.03106602095067501,0.9695326089859009,0.0,0.0,0.0,0.0,0.0,0.0
vyB00TXsimI_7,test,100,32,0.025671809911727905,0.9410524964332581,0.0,0.0,0.0,0.0,0.0,0.0
vyB00TXsimI_8,test,100,32,0.027776917442679405,0.9719105958938599,0.0,0.0,0.0,0.0,0.0,0.0
vyB00TXsimI_9,test,100,32,0.04125215858221054,0.9903271794319153,0.0,0.0,0.0,0.0,0.0,0.0
wMbj6ajWbic_1,test,81,32,0.020827483385801315,0.9818171262741089,0.0,0.0,0.0,0.0,0.0,0.0
wMbj6ajWbic_10,test,83,32,0.015216120518743992,1.0113954544067383,0.0,0.0,0.0,0.0,0.0,0.0
wMbj6ajWbic_11,test,100,32,0.017523253336548805,1.0170615911483765,0.0,0.0,0.0,0.0,0.0,0.0
wMbj6ajWbic_12,test,100,32,0.016682526096701622,1.0284656286239624,0.0,0.0,0.0,0.0,0.0,0.0
wMbj6ajWbic_13,test,100,32,0.020532740280032158,1.0162849426269531,0.0,0.0,0.0,0.0,0.0,0.0
wMbj6ajWbic_14,test,100,32,0.01540090050548315,1.0456833839416504,0.0,0.0,0.0,0.0,0.0,0.0
wMbj6ajWbic_15,test,100,32,0.016923489049077034,1.0141854286193848,0.0,0.0,0.0,0.0,0.0,0.0
wMbj6ajWbic_16,test,100,32,0.01975337602198124,1.0325050354003906,0.0,0.0,0.0,0.0,0.0,0.0
wMbj6ajWbic_17,test,100,32,0.021264130249619484,1.0510460138320923,0.0,0.0,0.0,0.0,0.0,0.0
wMbj6ajWbic_18,test,100,32,0.020417990162968636,0.9669064283370972,0.0,0.0,0.0,0.0,0.0,0.0
wMbj6ajWbic_19,test,100,32,0.02066289633512497,1.0141597986221313,0.0,0.0,0.0,0.0,0.0,0.0
wMbj6ajWbic_2,test,100,32,0.034493569284677505,1.0214548110961914,0.0,0.0,0.0,0.0,0.0,0.0
wMbj6ajWbic_20,test,100,32,0.029110750183463097,1.0163217782974243,0.0,0.0,0.0,0.0,0.0,0.0
wMbj6ajWbic_21,test,100,32,0.03453465923666954,1.0301601886749268,0.0,0.0,0.0,0.0,0.0,0.0
wMbj6ajWbic_22,test,100,32,0.022263938561081886,1.0242328643798828,0.0,0.0,0.0,0.0,0.0,0.0
wMbj6ajWbic_23,test,100,32,0.019182471558451653,1.011201024055481,0.0,0.0,0.0,0.0,0.0,0.0
wMbj6ajWbic_24,test,86,32,0.027102643623948097,1.055511474609375,0.0,0.0,0.0,0.0,0.0,0.0
wMbj6ajWbic_25,test,98,32,0.021188465878367424,1.0194802284240723,0.0,0.0,0.0,0.0,0.0,0.0
wMbj6ajWbic_26,test,94,32,0.02189045213162899,1.0077080726623535,0.0,0.0,0.0,0.0,0.0,0.0
wMbj6ajWbic_27,test,100,32,0.02783793769776821,1.0285069942474365,0.0,0.0,0.0,0.0,0.0,0.0
wMbj6ajWbic_28,test,100,32,0.02987515926361084,1.0274012088775635,0.0,0.0,0.0,0.0,0.0,0.0
wMbj6ajWbic_29,test,100,32,0.018394222483038902,1.06504487991333,0.0,0.0,0.0,0.0,0.0,0.0
wMbj6ajWbic_3,test,100,32,0.023187333717942238,0.9972242116928101,0.0,0.0,0.0,0.0,0.0,0.0
wMbj6ajWbic_30,test,100,32,0.027773430570960045,1.001891851425171,0.0,0.0,0.0,0.0,0.0,0.0
wMbj6ajWbic_4,test,100,32,0.038421880453825,1.0109572410583496,0.0,0.0,0.0,0.0,0.0,0.0
wMbj6ajWbic_5,test,100,32,0.030962204560637474,0.9901303052902222,0.0,0.0,0.0,0.0,0.0,0.0
wMbj6ajWbic_6,test,100,32,0.03664451465010643,0.9717631340026855,0.0,0.0,0.0,0.0,0.0,0.0
wMbj6ajWbic_7,test,100,32,0.020022941753268242,0.9921362400054932,0.0,0.0,0.0,0.0,0.0,0.0
wMbj6ajWbic_8,test,100,32,0.03599761798977852,1.0093748569488525,0.0,0.0,0.0,0.0,0.0,0.0
wMbj6ajWbic_9,test,100,32,0.023968307301402092,1.0173232555389404,0.0,0.0,0.0,0.0,0.0,0.0
yDtzw_Y-7RU_1,test,100,32,0.03490593656897545,0.8909857273101807,0.0,0.0,0.0,0.0,0.0,0.0
yDtzw_Y-7RU_10,test,100,32,0.029080307111144066,0.7890210151672363,0.0,0.0,0.0,0.0,0.0,0.0
yDtzw_Y-7RU_11,test,100,32,0.03410324454307556,0.8648542761802673,0.0,0.0,0.0,0.0,0.0,0.0
yDtzw_Y-7RU_12,test,100,32,0.0379975326359272,0.893674373626709,0.0,0.0,0.0,0.0,0.0,0.0
yDtzw_Y-7RU_13,test,100,32,0.02727060578763485,0.8494398593902588,0.0,0.0,0.0,0.0,0.0,0.0
yDtzw_Y-7RU_14,test,100,32,0.032441992312669754,0.890588104724884,0.0,0.0,0.0,0.0,0.0,0.0
yDtzw_Y-7RU_15,test,100,32,0.020373931154608727,0.9319586753845215,0.0,0.0,0.0,0.0,0.0,0.0
yDtzw_Y-7RU_16,test,100,32,0.02887551300227642,0.820138692855835,0.0,0.0,0.0,0.0,0.0,0.0
yDtzw_Y-7RU_17,test,100,32,0.032767537981271744,0.87152099609375,0.0,0.0,0.0,0.0,0.0,0.0
yDtzw_Y-7RU_18,test,100,32,0.025319471955299377,0.8711714148521423,0.0,0.0,0.0,0.0,0.0,0.0
yDtzw_Y-7RU_19,test,100,32,0.03598761931061745,0.8773642778396606,0.0,0.0,0.0,0.0,0.0,0.0
yDtzw_Y-7RU_2,test,100,32,0.049689680337905884,0.8995413780212402,0.0,0.0,0.0,0.0,0.0,0.0
yDtzw_Y-7RU_20,test,100,32,0.014263450168073177,0.8607079982757568,0.0,0.0,0.0,0.0,0.0,0.0
yDtzw_Y-7RU_21,test,100,32,0.01571538858115673,0.8823697566986084,0.0,0.0,0.0,0.0,0.0,0.0
yDtzw_Y-7RU_22,test,76,32,0.029914826154708862,0.9136592745780945,0.0,0.0,0.0,0.0,0.0,0.0
yDtzw_Y-7RU_23,test,100,32,0.03430439531803131,0.9156720638275146,0.0,0.0,0.0,0.0,0.0,0.0
yDtzw_Y-7RU_24,test,84,32,0.030773794278502464,0.9353768229484558,0.0,0.0,0.0,0.0,0.0,0.0
yDtzw_Y-7RU_3,test,100,32,0.0334121473133564,0.9244416952133179,0.0,0.0,0.0,0.0,0.0,0.0
yDtzw_Y-7RU_4,test,100,32,0.03934306278824806,0.8925832509994507,0.0,0.0,0.0,0.0,0.0,0.0
yDtzw_Y-7RU_5,test,100,32,0.0361102819442749,0.8781195878982544,0.0,0.0,0.0,0.0,0.0,0.0
yDtzw_Y-7RU_6,test,100,32,0.022944683209061623,0.881621778011322,0.0,0.0,0.0,0.0,0.0,0.0
yDtzw_Y-7RU_7,test,100,32,0.03255843743681908,0.8475103974342346,0.0,0.0,0.0,0.0,0.0,0.0
yDtzw_Y-7RU_8,test,91,32,0.04275244474411011,0.9144846796989441,0.0,0.0,0.0,0.0,0.0,0.0
yDtzw_Y-7RU_9,test,100,32,0.03365325927734375,0.8828521966934204,0.0,0.0,0.0,0.0,0.0,0.0
yvsjCA6Y5Fc_1,test,100,32,0.027565747499465942,0.7182062864303589,0.0,0.0,0.0,0.0,0.0,0.0
yvsjCA6Y5Fc_10,test,100,32,0.04585428908467293,0.9964959621429443,0.0,0.0,0.0,0.0,0.0,0.0
yvsjCA6Y5Fc_11,test,100,32,0.025983212515711784,1.0170342922210693,0.0,0.0,0.0,0.0,0.0,0.0
yvsjCA6Y5Fc_12,test,100,32,0.022485679015517235,1.0201342105865479,0.0,0.0,0.0,0.0,0.0,0.0
yvsjCA6Y5Fc_13,test,100,32,0.05798684433102608,1.021180272102356,0.0,0.0,0.0,0.0,0.0,0.0
yvsjCA6Y5Fc_14,test,100,32,0.04416124150156975,1.0217771530151367,0.0,0.0,0.0,0.0,0.0,0.0
yvsjCA6Y5Fc_15,test,100,32,0.031513091176748276,0.9968030452728271,0.0,0.0,0.0,0.0,0.0,0.0
yvsjCA6Y5Fc_16,test,100,32,0.03303501382470131,1.0038995742797852,0.0,0.0,0.0,0.0,0.0,0.0
yvsjCA6Y5Fc_17,test,100,32,0.03894297406077385,0.9831399917602539,0.0,0.0,0.0,0.0,0.0,0.0
yvsjCA6Y5Fc_18,test,100,32,0.044823501259088516,1.030106782913208,0.0,0.0,0.0,0.0,0.0,0.0
yvsjCA6Y5Fc_19,test,100,32,0.033245716243982315,0.991006076335907,0.0,0.0,0.0,0.0,0.0,0.0
yvsjCA6Y5Fc_2,test,100,32,0.02430368773639202,0.8381743431091309,0.0,0.0,0.0,0.0,0.0,0.0
yvsjCA6Y5Fc_20,test,100,32,0.04534735158085823,0.9931056499481201,0.0,0.0,0.0,0.0,0.0,0.0
yvsjCA6Y5Fc_21,test,100,32,0.02580954134464264,1.017747402191162,0.0,0.0,0.0,0.0,0.0,0.0
yvsjCA6Y5Fc_22,test,64,32,0.04692975804209709,1.0502923727035522,0.0,0.0,0.0,0.0,0.0,0.0
yvsjCA6Y5Fc_23,test,100,32,0.024553274735808372,1.003016471862793,0.0,0.0,0.0,0.0,0.0,0.0
yvsjCA6Y5Fc_3,test,100,32,0.0353596992790699,1.0115158557891846,0.0,0.0,0.0,0.0,0.0,0.0
yvsjCA6Y5Fc_4,test,100,32,0.028159188106656075,1.0249738693237305,0.0,0.0,0.0,0.0,0.0,0.0
yvsjCA6Y5Fc_5,test,71,32,0.030444080010056496,1.0410709381103516,0.0,0.0,0.0,0.0,0.0,0.0
yvsjCA6Y5Fc_6,test,100,32,0.04461370036005974,1.0459346771240234,0.0,0.0,0.0,0.0,0.0,0.0
yvsjCA6Y5Fc_7,test,74,32,0.020046226680278778,1.040239691734314,0.0,0.0,0.0,0.0,0.0,0.0
yvsjCA6Y5Fc_8,test,100,32,0.03468368574976921,1.0185600519180298,0.0,0.0,0.0,0.0,0.0,0.0
yvsjCA6Y5Fc_9,test,100,32,0.033090248703956604,1.0094099044799805,0.0,0.0,0.0,0.0,0.0,0.0
zhpQhgha_KU_1,test,100,32,0.02905113808810711,0.9385311603546143,0.0,0.0,0.0,0.0,0.0,0.0
zhpQhgha_KU_10,test,100,32,0.0237410981208086,0.9759142994880676,0.0,0.0,0.0,0.0,0.0,0.0
zhpQhgha_KU_11,test,100,32,0.03844037279486656,0.9655618667602539,0.0,0.0,0.0,0.0,0.0,0.0
zhpQhgha_KU_12,test,100,32,0.025468437001109123,0.9892350435256958,0.0,0.0,0.0,0.0,0.0,0.0
zhpQhgha_KU_13,test,83,32,0.023182621225714684,0.9684366583824158,0.0,0.0,0.0,0.0,0.0,0.0
zhpQhgha_KU_14,test,100,32,0.025986919179558754,0.9343594908714294,0.0,0.0,0.0,0.0,0.0,0.0
zhpQhgha_KU_15,test,100,32,0.02857908047735691,0.952839195728302,0.0,0.0,0.0,0.0,0.0,0.0
zhpQhgha_KU_16,test,100,32,0.0302304457873106,1.0026202201843262,0.0,0.0,0.0,0.0,0.0,0.0
zhpQhgha_KU_17,test,100,32,0.020025257021188736,0.9946380853652954,0.0,0.0,0.0,0.0,0.0,0.0
zhpQhgha_KU_18,test,100,32,0.02184353582561016,0.9916694760322571,0.0,0.0,0.0,0.0,0.0,0.0
zhpQhgha_KU_19,test,100,32,0.038578879088163376,0.9915436506271362,0.0,0.0,0.0,0.0,0.0,0.0
zhpQhgha_KU_2,test,100,32,0.020010044798254967,1.0002529621124268,0.0,0.0,0.0,0.0,0.0,0.0
zhpQhgha_KU_20,test,56,32,0.016088979318737984,1.0027244091033936,0.0,0.0,0.0,0.0,0.0,0.0
zhpQhgha_KU_21,test,100,32,0.021381845697760582,0.9789838790893555,0.0,0.0,0.0,0.0,0.0,0.0
zhpQhgha_KU_22,test,78,32,0.01743055321276188,0.9779665470123291,0.0,0.0,0.0,0.0,0.0,0.0
zhpQhgha_KU_23,test,100,32,0.02837418019771576,0.9730842113494873,0.0,0.0,0.0,0.0,0.0,0.0
zhpQhgha_KU_24,test,89,32,0.028790568932890892,1.004859209060669,0.0,0.0,0.0,0.0,0.0,0.0
zhpQhgha_KU_25,test,100,32,0.038969047367572784,0.9263612031936646,0.0,0.0,0.0,0.0,0.0,0.0
zhpQhgha_KU_26,test,84,32,0.016354477033019066,0.9936753511428833,0.0,0.0,0.0,0.0,0.0,0.0
zhpQhgha_KU_27,test,61,32,0.02229524962604046,0.9981606006622314,0.0,0.0,0.0,0.0,0.0,0.0
zhpQhgha_KU_28,test,100,32,0.02307826839387417,0.9661071300506592,0.0,0.0,0.0,0.0,0.0,0.0
zhpQhgha_KU_29,test,100,32,0.042210161685943604,0.9884834885597229,0.0,0.0,0.0,0.0,0.0,0.0
zhpQhgha_KU_3,test,100,32,0.0349852554500103,0.9692691564559937,0.0,0.0,0.0,0.0,0.0,0.0
zhpQhgha_KU_30,test,100,32,0.022740758955478668,0.9543672800064087,0.0,0.0,0.0,0.0,0.0,0.0
zhpQhgha_KU_31,test,100,32,0.02696608565747738,0.9756515026092529,0.0,0.0,0.0,0.0,0.0,0.0
zhpQhgha_KU_32,test,100,32,0.03237910568714142,0.9615715742111206,0.0,0.0,0.0,0.0,0.0,0.0
zhpQhgha_KU_33,test,100,32,0.03275904059410095,0.9856545925140381,0.0,0.0,0.0,0.0,0.0,0.0
zhpQhgha_KU_34,test,88,32,0.02249540574848652,0.9812149405479431,0.0,0.0,0.0,0.0,0.0,0.0
zhpQhgha_KU_35,test,100,32,0.01935386471450329,0.9464369416236877,0.0,0.0,0.0,0.0,0.0,0.0
zhpQhgha_KU_4,test,89,32,0.02515157125890255,0.9828474521636963,0.0,0.0,0.0,0.0,0.0,0.0
zhpQhgha_KU_5,test,100,32,0.022923752665519714,0.9730679392814636,0.0,0.0,0.0,0.0,0.0,0.0
zhpQhgha_KU_6,test,96,32,0.015590359456837177,0.9851725101470947,0.0,0.0,0.0,0.0,0.0,0.0
zhpQhgha_KU_7,test,64,32,0.028044819831848145,0.9847707748413086,0.0,0.0,0.0,0.0,0.0,0.0
zhpQhgha_KU_8,test,100,32,0.026973411440849304,0.9722068309783936,0.0,0.0,0.0,0.0,0.0,0.0
zhpQhgha_KU_9,test,100,32,0.015606041066348553,0.9599087834358215,0.0,0.0,0.0,0.0,0.0,0.0
